{
    "x": 45.796824253666884,
    "y": 380.79986624167947,
    "theta": 3.149259090423584,
    "speed": 1.790070853491141e-05,
    "target_speed": 4.0,
    "x_command": 19.07494082891584,
    "y_command": 379.6932378222024,
    "command": 4,
    "waypoints": [
        [
            45.74717712402344,
            380.79949951171875,
            3.1492562991006596
        ],
        [
            45.59400177001953,
            380.79833984375,
            3.1492562991006596
        ],
        [
            45.33519744873047,
            380.7963562011719,
            3.1492562991006596
        ],
        [
            44.970760345458984,
            380.7935485839844,
            3.1492562991006596
        ],
        [
            44.50069046020508,
            380.7899475097656,
            3.1492562991006596
        ],
        [
            43.924991607666016,
            380.7855224609375,
            3.1492562991006596
        ],
        [
            43.24365997314453,
            380.7803039550781,
            3.1492562991006596
        ],
        [
            42.45669937133789,
            380.7742919921875,
            3.1492562991006596
        ]
    ],
    "steer": -0.0,
    "throttle": 0.75,
    "brake": false,
    "junction": false,
    "vehicle_hazard": [
        false,
        false,
        false,
        false,
        false,
        false,
        false,
        false,
        false,
        false,
        false,
        false,
        false,
        false,
        false,
        false,
        false,
        false,
        false,
        false,
        false,
        false,
        false,
        false,
        false,
        false,
        false,
        false,
        false,
        false,
        false,
        false,
        false,
        false,
        false,
        false,
        false,
        false,
        false,
        false,
        false,
        false,
        false,
        false,
        false,
        false,
        false,
        false,
        false,
        false,
        false,
        false,
        false,
        false,
        false,
        false,
        false,
        false,
        false,
        false,
        false,
        false,
        false,
        false,
        false,
        false,
        false,
        false,
        false,
        false,
        false,
        false,
        false,
        false,
        false,
        false,
        false,
        false,
        false,
        false
    ],
    "light_hazard": false,
    "walker_hazard": [
        false,
        false,
        false,
        false,
        false,
        false,
        false,
        false,
        false,
        false,
        false,
        false,
        false,
        false,
        false,
        false,
        false,
        false,
        false,
        false,
        false,
        false,
        false,
        false,
        false,
        false,
        false,
        false,
        false,
        false,
        false,
        false,
        false,
        false,
        false,
        false,
        false,
        false,
        false,
        false,
        false,
        false,
        false,
        false,
        false,
        false,
        false,
        false,
        false,
        false,
        false,
        false,
        false,
        false,
        false,
        false,
        false,
        false,
        false,
        false,
        false,
        false,
        false,
        false,
        false,
        false,
        false,
        false,
        false,
        false,
        false,
        false,
        false,
        false,
        false,
        false,
        false,
        false,
        false,
        false
    ],
    "stop_sign_hazard": false,
    "angle": 3.1663935960041652e-06,
    "ego_matrix": [
        [
            -0.007663576398044825,
            -0.9999706149101257,
            2.7935415346291848e-05,
            380.79986572265625
        ],
        [
            0.9999706149101257,
            -0.007663577329367399,
            -3.101965558016673e-05,
            -45.79471969604492
        ],
        [
            3.123283022432588e-05,
            2.7696873075910844e-05,
            1.0,
            0.01827373541891575
        ],
        [
            0.0,
            0.0,
            0.0,
            1.0
        ]
    ]
}