{
    "x": 45.79683951222867,
    "y": 380.79986624167947,
    "theta": 3.149259090423584,
    "speed": 4.6256731539201585e-08,
    "target_speed": 4.0,
    "x_command": 19.07494082891584,
    "y_command": 379.6932378222024,
    "command": 4,
    "waypoints": [
        [
            45.74720001220703,
            380.79949951171875,
            3.1492562991006596
        ],
        [
            45.59403610229492,
            380.79833984375,
            3.1492562991006596
        ],
        [
            45.33523941040039,
            380.7963562011719,
            3.1492562991006596
        ],
        [
            44.97080993652344,
            380.7935485839844,
            3.1492562991006596
        ],
        [
            44.50075149536133,
            380.7899475097656,
            3.1492562991006596
        ],
        [
            43.9250602722168,
            380.7855224609375,
            3.1492562991006596
        ],
        [
            43.243736267089844,
            380.7803039550781,
            3.1492562991006596
        ],
        [
            42.456783294677734,
            380.7742919921875,
            3.1492562991006596
        ]
    ],
    "steer": -0.0,
    "throttle": 0.75,
    "brake": false,
    "junction": false,
    "vehicle_hazard": [
        false,
        false,
        false,
        false,
        false,
        false,
        false,
        false,
        false,
        false,
        false,
        false,
        false,
        false,
        false,
        false,
        false,
        false,
        false,
        false,
        false,
        false,
        false,
        false,
        false,
        false,
        false,
        false,
        false,
        false,
        false,
        false,
        false,
        false,
        false,
        false,
        false,
        false,
        false,
        false,
        false,
        false,
        false,
        false,
        false,
        false,
        false,
        false,
        false,
        false,
        false,
        false,
        false,
        false,
        false,
        false,
        false,
        false,
        false,
        false,
        false,
        false,
        false,
        false,
        false,
        false,
        false,
        false,
        false,
        false,
        false,
        false,
        false,
        false,
        false,
        false,
        false,
        false,
        false,
        false
    ],
    "light_hazard": false,
    "walker_hazard": [
        false,
        false,
        false,
        false,
        false,
        false,
        false,
        false,
        false,
        false,
        false,
        false,
        false,
        false,
        false,
        false,
        false,
        false,
        false,
        false,
        false,
        false,
        false,
        false,
        false,
        false,
        false,
        false,
        false,
        false,
        false,
        false,
        false,
        false,
        false,
        false,
        false,
        false,
        false,
        false,
        false,
        false,
        false,
        false,
        false,
        false,
        false,
        false,
        false,
        false,
        false,
        false,
        false,
        false,
        false,
        false,
        false,
        false,
        false,
        false,
        false,
        false,
        false,
        false,
        false,
        false,
        false,
        false,
        false,
        false,
        false,
        false,
        false,
        false,
        false,
        false,
        false,
        false,
        false,
        false
    ],
    "stop_sign_hazard": false,
    "angle": 3.1456538975616952e-06,
    "ego_matrix": [
        [
            -0.007663576398044825,
            -0.9999706149101257,
            5.344436431187205e-07,
            380.79986572265625
        ],
        [
            0.9999706149101257,
            -0.007663576398044825,
            -2.3432968987435743e-07,
            -45.794734954833984
        ],
        [
            2.3841856489070778e-07,
            5.326321570464643e-07,
            1.0,
            0.03338623046875
        ],
        [
            0.0,
            0.0,
            0.0,
            1.0
        ]
    ]
}