{
    "x": 45.42761325491766,
    "y": 380.79702810691,
    "theta": 3.1492044925689697,
    "speed": 2.538471890185496,
    "target_speed": 4.0,
    "x_command": 19.07494082891584,
    "y_command": 379.6932378222024,
    "command": 4,
    "waypoints": [
        [
            44.10879135131836,
            380.78692626953125,
            3.149243782243536
        ],
        [
            42.68642807006836,
            380.7760314941406,
            3.149243782243536
        ],
        [
            41.15843200683594,
            380.76434326171875,
            3.149243782243536
        ],
        [
            39.52480697631836,
            380.7518615722656,
            3.149243782243536
        ],
        [
            37.78554916381836,
            380.7385559082031,
            3.149243782243536
        ],
        [
            35.94065856933594,
            380.72442626953125,
            3.149243782243536
        ],
        [
            33.994659423828125,
            380.70953369140625,
            3.149243782243536
        ],
        [
            31.99966049194336,
            380.69427490234375,
            3.149243782243536
        ]
    ],
    "steer": 0.0,
    "throttle": 0.75,
    "brake": false,
    "junction": false,
    "vehicle_hazard": [
        false,
        false,
        false,
        false,
        false,
        false,
        false,
        false,
        false,
        false,
        false,
        false,
        false,
        false,
        false,
        false,
        false,
        false,
        false,
        false,
        false,
        false,
        false,
        false,
        false,
        false,
        false,
        false,
        false,
        false,
        false,
        false,
        false,
        false,
        false,
        false,
        false,
        false,
        false,
        false,
        false,
        false,
        false,
        false,
        false,
        false,
        false,
        false,
        false,
        false,
        false,
        false,
        false,
        false,
        false,
        false,
        false,
        false,
        false,
        false,
        false,
        false,
        false,
        false,
        false,
        false,
        false,
        false,
        false,
        false,
        false,
        false,
        false,
        false,
        false,
        false,
        false,
        false,
        false,
        false
    ],
    "light_hazard": false,
    "walker_hazard": [
        false,
        false,
        false,
        false,
        false,
        false,
        false,
        false,
        false,
        false,
        false,
        false,
        false,
        false,
        false,
        false,
        false,
        false,
        false,
        false,
        false,
        false,
        false,
        false,
        false,
        false,
        false,
        false,
        false,
        false,
        false,
        false,
        false,
        false,
        false,
        false,
        false,
        false,
        false,
        false,
        false,
        false,
        false,
        false,
        false,
        false,
        false,
        false,
        false,
        false,
        false,
        false,
        false,
        false,
        false,
        false,
        false,
        false,
        false,
        false,
        false,
        false,
        false,
        false,
        false,
        false,
        false,
        false,
        false,
        false,
        false,
        false,
        false,
        false,
        false,
        false,
        false,
        false,
        false,
        false
    ],
    "stop_sign_hazard": false,
    "angle": 3.379883143058586e-05,
    "ego_matrix": [
        [
            -0.007632778491824865,
            -0.9999708533287048,
            2.869222589652054e-05,
            380.7970275878906
        ],
        [
            0.999965250492096,
            -0.007632832042872906,
            -0.0033402354456484318,
            -45.4255256652832
        ],
        [
            0.0033403572160750628,
            3.195949602741166e-06,
            0.9999943971633911,
            0.03175479918718338
        ],
        [
            0.0,
            0.0,
            0.0,
            1.0
        ]
    ]
}