{
    "x": 43.52942040417182,
    "y": 380.7825017397027,
    "theta": 3.1493210792541504,
    "speed": 4.438181892658851,
    "target_speed": 4.0,
    "x_command": 19.07494082891584,
    "y_command": 379.6932378222024,
    "command": 4,
    "waypoints": [
        [
            41.30209732055664,
            380.7652893066406,
            3.149326606553438
        ],
        [
            39.06556701660156,
            380.7480163574219,
            3.149326606553438
        ],
        [
            36.82223129272461,
            380.73065185546875,
            3.149326606553438
        ],
        [
            34.576419830322266,
            380.7132873535156,
            3.149326606553438
        ],
        [
            32.33049011230469,
            380.6959228515625,
            3.149326606553438
        ],
        [
            30.084564208984375,
            380.67828369140625,
            3.149513693620016
        ],
        [
            27.838830947875977,
            380.6454162597656,
            3.156747904405107
        ],
        [
            25.59450912475586,
            380.5612487792969,
            3.1786991428481395
        ]
    ],
    "steer": -0.0,
    "throttle": 0.10770322321050478,
    "brake": false,
    "junction": false,
    "vehicle_hazard": [
        false,
        false,
        false,
        false,
        false,
        false,
        false,
        false,
        false,
        false,
        false,
        false,
        false,
        false,
        false,
        false,
        false,
        false,
        false,
        false,
        false,
        false,
        false,
        false,
        false,
        false,
        false,
        false,
        false,
        false,
        false,
        false,
        false,
        false,
        false,
        false,
        false,
        false,
        false,
        false,
        false,
        false,
        false,
        false,
        false,
        false,
        false,
        false,
        false,
        false,
        false,
        false,
        false,
        false,
        false,
        false,
        false,
        false,
        false,
        false,
        false,
        false,
        false,
        false,
        false,
        false,
        false,
        false,
        false,
        false,
        false,
        false,
        false,
        false,
        false,
        false,
        false,
        false,
        false,
        false
    ],
    "light_hazard": false,
    "walker_hazard": [
        false,
        false,
        false,
        false,
        false,
        false,
        false,
        false,
        false,
        false,
        false,
        false,
        false,
        false,
        false,
        false,
        false,
        false,
        false,
        false,
        false,
        false,
        false,
        false,
        false,
        false,
        false,
        false,
        false,
        false,
        false,
        false,
        false,
        false,
        false,
        false,
        false,
        false,
        false,
        false,
        false,
        false,
        false,
        false,
        false,
        false,
        false,
        false,
        false,
        false,
        false,
        false,
        false,
        false,
        false,
        false,
        false,
        false,
        false,
        false,
        false,
        false,
        false,
        false,
        false,
        false,
        false,
        false,
        false,
        false,
        false,
        false,
        false,
        false,
        false,
        false,
        false,
        false,
        false,
        false
    ],
    "stop_sign_hazard": false,
    "angle": 0.03219568449282651,
    "ego_matrix": [
        [
            -0.007743076886981726,
            -0.999970018863678,
            1.2107497241231613e-05,
            380.7825012207031
        ],
        [
            0.9999687671661377,
            -0.007743086665868759,
            -0.0015636206371709704,
            -43.52742004394531
        ],
        [
            0.0015636675525456667,
            -1.1641532182693481e-10,
            0.9999987483024597,
            0.03263896703720093
        ],
        [
            0.0,
            0.0,
            0.0,
            1.0
        ]
    ]
}