{
    "x": 41.476217834974,
    "y": 380.76736502093206,
    "theta": 3.1490540504455566,
    "speed": 3.7062031532611694,
    "target_speed": 4.0,
    "x_command": 19.07494082891584,
    "y_command": 379.6932378222024,
    "command": 4,
    "waypoints": [
        [
            39.573822021484375,
            380.75323486328125,
            3.149028465669403
        ],
        [
            37.59602737426758,
            380.7382507324219,
            3.149137788432151
        ],
        [
            35.59743118286133,
            380.7229919433594,
            3.1491931821828247
        ],
        [
            33.59329605102539,
            380.70758056640625,
            3.149248709091553
        ],
        [
            31.58533477783203,
            380.69219970703125,
            3.149248709091553
        ],
        [
            29.576316833496094,
            380.67498779296875,
            3.150197193913785
        ],
        [
            27.56743621826172,
            380.6401062011719,
            3.158453925399412
        ],
        [
            25.559953689575195,
            380.5587463378906,
            3.179820067350954
        ]
    ],
    "steer": 0.0,
    "throttle": 0.75,
    "brake": false,
    "junction": false,
    "vehicle_hazard": [
        false,
        false,
        false,
        false,
        false,
        false,
        false,
        false,
        false,
        false,
        false,
        false,
        false,
        false,
        false,
        false,
        false,
        false,
        false,
        false,
        false,
        false,
        false,
        false,
        false,
        false,
        false,
        false,
        false,
        false,
        false,
        false,
        false,
        false,
        false,
        false,
        false,
        false,
        false,
        false,
        false,
        false,
        false,
        false,
        false,
        false,
        false,
        false,
        false,
        false,
        false,
        false,
        false,
        false,
        false,
        false,
        false,
        false,
        false,
        false,
        false,
        false,
        false,
        false,
        false,
        false,
        false,
        false,
        false,
        false,
        false,
        false,
        false,
        false,
        false,
        false,
        false,
        false,
        false,
        false
    ],
    "light_hazard": false,
    "walker_hazard": [
        false,
        false,
        false,
        false,
        false,
        false,
        false,
        false,
        false,
        false,
        false,
        false,
        false,
        false,
        false,
        false,
        false,
        false,
        false,
        false,
        false,
        false,
        false,
        false,
        false,
        false,
        false,
        false,
        false,
        false,
        false,
        false,
        false,
        false,
        false,
        false,
        false,
        false,
        false,
        false,
        false,
        false,
        false,
        false,
        false,
        false,
        false,
        false,
        false,
        false,
        false,
        false,
        false,
        false,
        false,
        false,
        false,
        false,
        false,
        false,
        false,
        false,
        false,
        false,
        false,
        false,
        false,
        false,
        false,
        false,
        false,
        false,
        false,
        false,
        false,
        false,
        false,
        false,
        false,
        false
    ],
    "stop_sign_hazard": false,
    "angle": 0.031579543590955925,
    "ego_matrix": [
        [
            -0.007395957130938768,
            -0.9999726414680481,
            -1.8665134120965376e-05,
            380.7673645019531
        ],
        [
            0.999972403049469,
            -0.0073959678411483765,
            0.0006518352893181145,
            -41.47431182861328
        ],
        [
            -0.0006519554881379008,
            -1.3843672604707535e-05,
            0.9999997615814209,
            0.03374172002077103
        ],
        [
            0.0,
            0.0,
            0.0,
            1.0
        ]
    ]
}