{
    "x": 39.51781103388043,
    "y": 380.75210623184876,
    "theta": 3.149235725402832,
    "speed": 4.122654230749521,
    "target_speed": 4.0,
    "x_command": 19.07494082891584,
    "y_command": 379.6932378222024,
    "command": 4,
    "waypoints": [
        [
            37.4510383605957,
            380.7359924316406,
            3.1493532381643385
        ],
        [
            35.380592346191406,
            380.71990966796875,
            3.1493532381643385
        ],
        [
            33.3070182800293,
            380.7038269042969,
            3.1493532381643385
        ],
        [
            31.231496810913086,
            380.6877136230469,
            3.1493532381643385
        ],
        [
            29.1558895111084,
            380.668701171875,
            3.150967113784927
        ],
        [
            27.08069610595703,
            380.62457275390625,
            3.1623787590559163
        ],
        [
            25.00753402709961,
            380.5243225097656,
            3.187851894882524
        ],
        [
            22.94080352783203,
            380.3343505859375,
            3.22928455617365
        ]
    ],
    "steer": 0.0,
    "throttle": 0.06660414383985067,
    "brake": false,
    "junction": false,
    "vehicle_hazard": [
        false,
        false,
        false,
        false,
        false,
        false,
        false,
        false,
        false,
        false,
        false,
        false,
        false,
        false,
        false,
        false,
        false,
        false,
        false,
        false,
        false,
        false,
        false,
        false,
        false,
        false,
        false,
        false,
        false,
        false,
        false,
        false,
        false,
        false,
        false,
        false,
        false,
        false,
        false,
        false,
        false,
        false,
        false,
        false,
        false,
        false,
        false,
        false,
        false,
        false,
        false,
        false,
        false,
        false,
        false,
        false,
        false,
        false,
        false,
        false,
        false,
        false,
        false,
        false,
        false,
        false,
        false,
        false,
        false,
        false,
        false,
        false,
        false,
        false,
        false,
        false,
        false,
        false,
        false,
        false
    ],
    "light_hazard": false,
    "walker_hazard": [
        false,
        false,
        false,
        false,
        false,
        false,
        false,
        false,
        false,
        false,
        false,
        false,
        false,
        false,
        false,
        false,
        false,
        false,
        false,
        false,
        false,
        false,
        false,
        false,
        false,
        false,
        false,
        false,
        false,
        false,
        false,
        false,
        false,
        false,
        false,
        false,
        false,
        false,
        false,
        false,
        false,
        false,
        false,
        false,
        false,
        false,
        false,
        false,
        false,
        false,
        false,
        false,
        false,
        false,
        false,
        false,
        false,
        false,
        false,
        false,
        false,
        false,
        false,
        false,
        false,
        false,
        false,
        false,
        false,
        false,
        false,
        false,
        false,
        false,
        false,
        false,
        false,
        false,
        false,
        false
    ],
    "stop_sign_hazard": false,
    "angle": 0.048799212697688395,
    "ego_matrix": [
        [
            -0.00768193369731307,
            -0.9999704957008362,
            -1.8626906239660457e-05,
            380.7521057128906
        ],
        [
            0.9999704360961914,
            -0.007681925315409899,
            -0.00039974440005607903,
            -39.515995025634766
        ],
        [
            0.0003995895094703883,
            -2.1697165720979683e-05,
            0.9999999403953552,
            0.03321849927306175
        ],
        [
            0.0,
            0.0,
            0.0,
            1.0
        ]
    ]
}