{
    "x": 37.60661328482003,
    "y": 380.73675589003096,
    "theta": 3.149564027786255,
    "speed": 3.8032254177038203,
    "target_speed": 4.0,
    "x_command": 19.07494082891584,
    "y_command": 379.6932378222024,
    "command": 4,
    "waypoints": [
        [
            35.661468505859375,
            380.7212829589844,
            3.1495548394588573
        ],
        [
            33.67066192626953,
            380.7057800292969,
            3.1493889245229454
        ],
        [
            31.668575286865234,
            380.6903381347656,
            3.1493333976142175
        ],
        [
            29.661588668823242,
            380.6741638183594,
            3.1497796102548605
        ],
        [
            27.65228271484375,
            380.6415100097656,
            3.1575362000877707
        ],
        [
            25.643817901611328,
            380.5639343261719,
            3.1781858185480267
        ],
        [
            23.63980484008789,
            380.4106750488281,
            3.214012792060645
        ],
        [
            21.6453800201416,
            380.1617736816406,
            3.258877202732447
        ]
    ],
    "steer": -0.0,
    "throttle": 0.75,
    "brake": false,
    "junction": false,
    "vehicle_hazard": [
        false,
        false,
        false,
        false,
        false,
        false,
        false,
        false,
        false,
        false,
        false,
        false,
        false,
        false,
        false,
        false,
        false,
        false,
        false,
        false,
        false,
        false,
        false,
        false,
        false,
        false,
        false,
        false,
        false,
        false,
        false,
        false,
        false,
        false,
        false,
        false,
        false,
        false,
        false,
        false,
        false,
        false,
        false,
        false,
        false,
        false,
        false,
        false,
        false,
        false,
        false,
        false,
        false,
        false,
        false,
        false,
        false,
        false,
        false,
        false,
        false,
        false,
        false,
        false,
        false,
        false,
        false,
        false,
        false,
        false,
        false,
        false,
        false,
        false,
        false,
        false,
        false,
        false,
        false,
        false
    ],
    "light_hazard": false,
    "walker_hazard": [
        false,
        false,
        false,
        false,
        false,
        false,
        false,
        false,
        false,
        false,
        false,
        false,
        false,
        false,
        false,
        false,
        false,
        false,
        false,
        false,
        false,
        false,
        false,
        false,
        false,
        false,
        false,
        false,
        false,
        false,
        false,
        false,
        false,
        false,
        false,
        false,
        false,
        false,
        false,
        false,
        false,
        false,
        false,
        false,
        false,
        false,
        false,
        false,
        false,
        false,
        false,
        false,
        false,
        false,
        false,
        false,
        false,
        false,
        false,
        false,
        false,
        false,
        false,
        false,
        false,
        false,
        false,
        false,
        false,
        false,
        false,
        false,
        false,
        false,
        false,
        false,
        false,
        false,
        false,
        false
    ],
    "stop_sign_hazard": false,
    "angle": 0.05430298499745148,
    "ego_matrix": [
        [
            -0.007954676635563374,
            -0.9999683499336243,
            -1.2239161151228473e-06,
            380.73675537109375
        ],
        [
            0.9999683499336243,
            -0.007954676635563374,
            5.113266161060892e-05,
            -37.60488510131836
        ],
        [
            -5.114078157930635e-05,
            -8.17133638975065e-07,
            1.0,
            0.033442724496126175
        ],
        [
            0.0,
            0.0,
            0.0,
            1.0
        ]
    ]
}