{
    "x": 35.60261112782894,
    "y": 380.72061209118084,
    "theta": 3.149533987045288,
    "speed": 3.809249536666177,
    "target_speed": 4.0,
    "x_command": 19.07494082891584,
    "y_command": 379.6932378222024,
    "command": 4,
    "waypoints": [
        [
            33.65515899658203,
            380.7055358886719,
            3.149362292912045
        ],
        [
            31.664108276367188,
            380.69024658203125,
            3.1493072986355344
        ],
        [
            29.66284942626953,
            380.6741638183594,
            3.149752312853687
        ],
        [
            27.658334732055664,
            380.6416320800781,
            3.1574910595072936
        ],
        [
            25.65322494506836,
            380.5643310546875,
            3.1781067226636512
        ],
        [
            23.65212631225586,
            380.4116516113281,
            3.213825438677958
        ],
        [
            21.660545349121094,
            380.1635437011719,
            3.2586247350611073
        ],
        [
            19.685373306274414,
            379.80816650390625,
            3.31161058863516
        ]
    ],
    "steer": -0.0,
    "throttle": 0.75,
    "brake": false,
    "junction": false,
    "vehicle_hazard": [
        false,
        false,
        false,
        false,
        false,
        false,
        false,
        false,
        false,
        false,
        false,
        false,
        false,
        false,
        false,
        false,
        false,
        false,
        false,
        false,
        false,
        false,
        false,
        false,
        false,
        false,
        false,
        false,
        false,
        false,
        false,
        false,
        false,
        false,
        false,
        false,
        false,
        false,
        false,
        false,
        false,
        false,
        false,
        false,
        false,
        false,
        false,
        false,
        false,
        false,
        false,
        false,
        false,
        false,
        false,
        false,
        false,
        false,
        false,
        false,
        false,
        false,
        false,
        false,
        false,
        false,
        false,
        false,
        false,
        false,
        false,
        false,
        false,
        false,
        false,
        false,
        false,
        false,
        false,
        false
    ],
    "light_hazard": false,
    "walker_hazard": [
        false,
        false,
        false,
        false,
        false,
        false,
        false,
        false,
        false,
        false,
        false,
        false,
        false,
        false,
        false,
        false,
        false,
        false,
        false,
        false,
        false,
        false,
        false,
        false,
        false,
        false,
        false,
        false,
        false,
        false,
        false,
        false,
        false,
        false,
        false,
        false,
        false,
        false,
        false,
        false,
        false,
        false,
        false,
        false,
        false,
        false,
        false,
        false,
        false,
        false,
        false,
        false,
        false,
        false,
        false,
        false,
        false,
        false,
        false,
        false,
        false,
        false,
        false,
        false,
        false,
        false,
        false,
        false,
        false,
        false,
        false,
        false,
        false,
        false,
        false,
        false,
        false,
        false,
        false,
        false
    ],
    "stop_sign_hazard": false,
    "angle": 0.056472820387941484,
    "ego_matrix": [
        [
            -0.007926900871098042,
            -0.9999685883522034,
            -7.177107363531832e-06,
            380.7206115722656
        ],
        [
            0.9999685287475586,
            -0.007926903665065765,
            0.0002911805349867791,
            -35.600975036621094
        ],
        [
            -0.00029122826526872814,
            -4.868721589446068e-06,
            0.9999999403953552,
            0.03356216475367546
        ],
        [
            0.0,
            0.0,
            0.0,
            1.0
        ]
    ]
}