{
    "x": 33.686637154673825,
    "y": 380.70608572397356,
    "theta": 3.149101972579956,
    "speed": 4.139626599456536,
    "target_speed": 4.0,
    "x_command": 19.07494082891584,
    "y_command": 379.6932378222024,
    "command": 4,
    "waypoints": [
        [
            31.61202049255371,
            380.69091796875,
            3.1489785313989644
        ],
        [
            29.53254508972168,
            380.6734619140625,
            3.150192133907714
        ],
        [
            27.449071884155273,
            380.636474609375,
            3.159046212425846
        ],
        [
            25.364749908447266,
            380.5476989746094,
            3.1822174449642437
        ],
        [
            23.28569984436035,
            380.3733825683594,
            3.2216667170335325
        ],
        [
            21.21788787841797,
            380.09600830078125,
            3.269454612791969
        ],
        [
            19.16966438293457,
            379.6994323730469,
            3.3259265442329355
        ],
        [
            17.14862632751465,
            379.18182373046875,
            3.384771618521272
        ]
    ],
    "steer": -0.0,
    "throttle": 0.05923673084519436,
    "brake": false,
    "junction": false,
    "vehicle_hazard": [
        false,
        false,
        false,
        false,
        false,
        false,
        false,
        false,
        false,
        false,
        false,
        false,
        false,
        false,
        false,
        false,
        false,
        false,
        false,
        false,
        false,
        false,
        false,
        false,
        false,
        false,
        false,
        false,
        false,
        false,
        false,
        false,
        false,
        false,
        false,
        false,
        false,
        false,
        false,
        false,
        false,
        false,
        false,
        false,
        false,
        false,
        false,
        false,
        false,
        false,
        false,
        false,
        false,
        false,
        false,
        false,
        false,
        false,
        false,
        false,
        false,
        false,
        false,
        false,
        false,
        false,
        false,
        false,
        false,
        false,
        false,
        false,
        false,
        false,
        false,
        false,
        false,
        false,
        false,
        false
    ],
    "light_hazard": false,
    "walker_hazard": [
        false,
        false,
        false,
        false,
        false,
        false,
        false,
        false,
        false,
        false,
        false,
        false,
        false,
        false,
        false,
        false,
        false,
        false,
        false,
        false,
        false,
        false,
        false,
        false,
        false,
        false,
        false,
        false,
        false,
        false,
        false,
        false,
        false,
        false,
        false,
        false,
        false,
        false,
        false,
        false,
        false,
        false,
        false,
        false,
        false,
        false,
        false,
        false,
        false,
        false,
        false,
        false,
        false,
        false,
        false,
        false,
        false,
        false,
        false,
        false,
        false,
        false,
        false,
        false,
        false,
        false,
        false,
        false,
        false,
        false,
        false,
        false,
        false,
        false,
        false,
        false,
        false,
        false,
        false,
        false
    ],
    "stop_sign_hazard": false,
    "angle": 0.04941422033259556,
    "ego_matrix": [
        [
            -0.007506819441914558,
            -0.9999718070030212,
            2.91575906885555e-06,
            380.7060852050781
        ],
        [
            0.9999716877937317,
            -0.007506819907575846,
            -0.000541680317837745,
            -33.685089111328125
        ],
        [
            0.0005416869535110891,
            -1.1506198234201293e-06,
            0.9999998807907104,
            0.033147696405649185
        ],
        [
            0.0,
            0.0,
            0.0,
            1.0
        ]
    ]
}