{
    "x": 31.739810399643233,
    "y": 380.6919866028606,
    "theta": 3.148965835571289,
    "speed": 3.700044880829977,
    "target_speed": 4.0,
    "x_command": 19.07494082891584,
    "y_command": 379.6932378222024,
    "command": 4,
    "waypoints": [
        [
            29.840923309326172,
            380.6769714355469,
            3.14961609216393
        ],
        [
            27.86494255065918,
            380.6470031738281,
            3.1564941051532225
        ],
        [
            25.867130279541016,
            380.575439453125,
            3.1755944296493253
        ],
        [
            23.866439819335938,
            380.4323425292969,
            3.2092372115939147
        ],
        [
            21.870651245117188,
            380.19329833984375,
            3.2538259850928934
        ],
        [
            19.889251708984375,
            379.84906005859375,
            3.3060299345708994
        ],
        [
            17.93065071105957,
            379.3922119140625,
            3.362254458346597
        ],
        [
            16.000822067260742,
            378.825927734375,
            3.418311735605839
        ]
    ],
    "steer": 0.0,
    "throttle": 0.75,
    "brake": false,
    "junction": false,
    "vehicle_hazard": [
        false,
        false,
        false,
        false,
        false,
        false,
        false,
        false,
        false,
        false,
        false,
        false,
        false,
        false,
        false,
        false,
        false,
        false,
        false,
        false,
        false,
        false,
        false,
        false,
        false,
        false,
        false,
        false,
        false,
        false,
        false,
        false,
        false,
        false,
        false,
        false,
        false,
        false,
        false,
        false,
        false,
        false,
        false,
        false,
        false,
        false,
        false,
        false,
        false,
        false,
        false,
        false,
        false,
        false,
        false,
        false,
        false,
        false,
        false,
        false,
        false,
        false,
        false,
        false,
        false,
        false,
        false,
        false,
        false,
        false,
        false,
        false,
        false,
        false,
        false,
        false,
        false,
        false,
        false,
        false
    ],
    "light_hazard": false,
    "walker_hazard": [
        false,
        false,
        false,
        false,
        false,
        false,
        false,
        false,
        false,
        false,
        false,
        false,
        false,
        false,
        false,
        false,
        false,
        false,
        false,
        false,
        false,
        false,
        false,
        false,
        false,
        false,
        false,
        false,
        false,
        false,
        false,
        false,
        false,
        false,
        false,
        false,
        false,
        false,
        false,
        false,
        false,
        false,
        false,
        false,
        false,
        false,
        false,
        false,
        false,
        false,
        false,
        false,
        false,
        false,
        false,
        false,
        false,
        false,
        false,
        false,
        false,
        false,
        false,
        false,
        false,
        false,
        false,
        false,
        false,
        false,
        false,
        false,
        false,
        false,
        false,
        false,
        false,
        false,
        false,
        false
    ],
    "stop_sign_hazard": false,
    "angle": 0.048497670051154476,
    "ego_matrix": [
        [
            -0.007399057969450951,
            -0.9999726414680481,
            -1.7916625438374467e-05,
            380.6919860839844
        ],
        [
            0.9999725818634033,
            -0.007399063557386398,
            0.0003449877549428493,
            -31.738351821899414
        ],
        [
            -0.00034511086414568126,
            -1.5363548300229013e-05,
            0.9999999403953552,
            0.03358909487724304
        ],
        [
            0.0,
            0.0,
            0.0,
            1.0
        ]
    ]
}