{
    "x": 29.742591087064234,
    "y": 380.67660574346456,
    "theta": 3.149872064590454,
    "speed": 3.9814484852230394,
    "target_speed": 4.0,
    "x_command": 19.07494082891584,
    "y_command": 379.6932378222024,
    "command": 4,
    "waypoints": [
        [
            27.744510650634766,
            380.64544677734375,
            3.156940051477756
        ],
        [
            25.742063522338867,
            380.5704650878906,
            3.1770843351211697
        ],
        [
            23.740285873413086,
            380.42218017578125,
            3.211641113951875
        ],
        [
            21.746328353881836,
            380.1781311035156,
            3.2563702360403006
        ],
        [
            19.768430709838867,
            379.8269348144531,
            3.309463415006284
        ],
        [
            17.813753128051758,
            379.3636779785156,
            3.3656779519278945
        ],
        [
            15.888346672058105,
            378.79071044921875,
            3.4220038089830704
        ],
        [
            13.996419906616211,
            378.1153259277344,
            3.475988880598121
        ]
    ],
    "steer": 0.003,
    "throttle": 0.15896350445959173,
    "brake": false,
    "junction": false,
    "vehicle_hazard": [
        false,
        false,
        false,
        false,
        false,
        false,
        false,
        false,
        false,
        false,
        false,
        false,
        false,
        false,
        false,
        false,
        false,
        false,
        false,
        false,
        false,
        false,
        false,
        false,
        false,
        false,
        false,
        false,
        false,
        false,
        false,
        false,
        false,
        false,
        false,
        false,
        false,
        false,
        false,
        false,
        false,
        false,
        false,
        false,
        false,
        false,
        false,
        false,
        false,
        false,
        false,
        false,
        false,
        false,
        false,
        false,
        false,
        false,
        false,
        false,
        false,
        false,
        false,
        false,
        false,
        false,
        false,
        false,
        false,
        false,
        false,
        false,
        false,
        false,
        false,
        false,
        false,
        false,
        false,
        false
    ],
    "light_hazard": false,
    "walker_hazard": [
        false,
        false,
        false,
        false,
        false,
        false,
        false,
        false,
        false,
        false,
        false,
        false,
        false,
        false,
        false,
        false,
        false,
        false,
        false,
        false,
        false,
        false,
        false,
        false,
        false,
        false,
        false,
        false,
        false,
        false,
        false,
        false,
        false,
        false,
        false,
        false,
        false,
        false,
        false,
        false,
        false,
        false,
        false,
        false,
        false,
        false,
        false,
        false,
        false,
        false,
        false,
        false,
        false,
        false,
        false,
        false,
        false,
        false,
        false,
        false,
        false,
        false,
        false,
        false,
        false,
        false,
        false,
        false,
        false,
        false,
        false,
        false,
        false,
        false,
        false,
        false,
        false,
        false,
        false,
        false
    ],
    "stop_sign_hazard": false,
    "angle": 0.045696404186403604,
    "ego_matrix": [
        [
            -0.007994490675628185,
            -0.9999680519104004,
            7.537319470429793e-05,
            380.6766052246094
        ],
        [
            0.9999680519104004,
            -0.007994493469595909,
            -3.373078288859688e-05,
            -29.74122428894043
        ],
        [
            3.433227175264619e-05,
            7.510112482123077e-05,
            1.0,
            0.033400267362594604
        ],
        [
            0.0,
            0.0,
            0.0,
            1.0
        ]
    ]
}