{
    "x": 27.841289112534586,
    "y": 380.6464238586578,
    "theta": 3.158623456954956,
    "speed": 4.018613049124831,
    "target_speed": 4.0,
    "x_command": 19.07494082891584,
    "y_command": 379.6932378222024,
    "command": 4,
    "waypoints": [
        [
            25.829347610473633,
            380.5736083984375,
            3.1760563549403993
        ],
        [
            23.81624984741211,
            380.42852783203125,
            3.2099091271369415
        ],
        [
            21.80793571472168,
            380.1859436035156,
            3.25495170328567
        ],
        [
            19.81307601928711,
            379.834716796875,
            3.3082619298804947
        ],
        [
            17.841184616088867,
            379.3694152832031,
            3.3649582326433007
        ],
        [
            15.898966789245605,
            378.7926330566406,
            3.421710728105107
        ],
        [
            13.990692138671875,
            378.11181640625,
            3.476046005403503
        ],
        [
            12.120635032653809,
            377.3321228027344,
            3.5286949690996616
        ]
    ],
    "steer": 0.02,
    "throttle": 0.0,
    "brake": false,
    "junction": false,
    "vehicle_hazard": [
        false,
        false,
        false,
        false,
        false,
        false,
        false,
        false,
        false,
        false,
        false,
        false,
        false,
        false,
        false,
        false,
        false,
        false,
        false,
        false,
        false,
        false,
        false,
        false,
        false,
        false,
        false,
        false,
        false,
        false,
        false,
        false,
        false,
        false,
        false,
        false,
        false,
        false,
        false,
        false,
        false,
        false,
        false,
        false,
        false,
        false,
        false,
        false,
        false,
        false,
        false,
        false,
        false,
        false,
        false,
        false,
        false,
        false,
        false,
        false,
        false,
        false,
        false,
        false,
        false,
        false,
        false,
        false,
        false,
        false,
        false,
        false,
        false,
        false,
        false,
        false,
        false,
        false,
        false,
        false
    ],
    "light_hazard": false,
    "walker_hazard": [
        false,
        false,
        false,
        false,
        false,
        false,
        false,
        false,
        false,
        false,
        false,
        false,
        false,
        false,
        false,
        false,
        false,
        false,
        false,
        false,
        false,
        false,
        false,
        false,
        false,
        false,
        false,
        false,
        false,
        false,
        false,
        false,
        false,
        false,
        false,
        false,
        false,
        false,
        false,
        false,
        false,
        false,
        false,
        false,
        false,
        false,
        false,
        false,
        false,
        false,
        false,
        false,
        false,
        false,
        false,
        false,
        false,
        false,
        false,
        false,
        false,
        false,
        false,
        false,
        false,
        false,
        false,
        false,
        false,
        false,
        false,
        false,
        false,
        false,
        false,
        false,
        false,
        false,
        false,
        false
    ],
    "stop_sign_hazard": false,
    "angle": 0.045373404573321265,
    "ego_matrix": [
        [
            -0.015435721725225449,
            -0.9998807907104492,
            0.0002685797808226198,
            380.64642333984375
        ],
        [
            0.9998807907104492,
            -0.01543581485748291,
            -0.00035161664709448814,
            -27.840009689331055
        ],
        [
            0.0003557204909157008,
            0.0002631202805787325,
            0.9999998807907104,
            0.03324028104543686
        ],
        [
            0.0,
            0.0,
            0.0,
            1.0
        ]
    ]
}