{
    "x": 25.855480084433328,
    "y": 380.56982473745967,
    "theta": 3.1812169551849365,
    "speed": 3.6790131592610575,
    "target_speed": 4.0,
    "x_command": -4.278562708601281,
    "y_command": 363.5325322337694,
    "command": 2,
    "waypoints": [
        [
            23.972036361694336,
            380.43701171875,
            3.2071184006306477
        ],
        [
            22.014028549194336,
            380.2091369628906,
            3.2497942255186225
        ],
        [
            20.044111251831055,
            379.8771057128906,
            3.3008210577948134
        ],
        [
            18.089069366455078,
            379.43341064453125,
            3.35631054910965
        ],
        [
            16.157846450805664,
            378.8788757324219,
            3.4123692911074905
        ],
        [
            14.258707046508789,
            378.2186279296875,
            3.4673502518121766
        ],
        [
            12.397130966186523,
            377.45843505859375,
            3.5207732632791657
        ],
        [
            10.576791763305664,
            376.60418701171875,
            3.572299438259747
        ]
    ],
    "steer": 0.042,
    "throttle": 0.75,
    "brake": false,
    "junction": false,
    "vehicle_hazard": [
        false,
        false,
        false,
        false,
        false,
        false,
        false,
        false,
        false,
        false,
        false,
        false,
        false,
        false,
        false,
        false,
        false,
        false,
        false,
        false,
        false,
        false,
        false,
        false,
        false,
        false,
        false,
        false,
        false,
        false,
        false,
        false,
        false,
        false,
        false,
        false,
        false,
        false,
        false,
        false,
        false,
        false,
        false,
        false,
        false,
        false,
        false,
        false,
        false,
        false,
        false,
        false,
        false,
        false,
        false,
        false,
        false,
        false,
        false,
        false,
        false,
        false,
        false,
        false,
        false,
        false,
        false,
        false,
        false,
        false,
        false,
        false,
        false,
        false,
        false,
        false,
        false,
        false,
        false,
        false
    ],
    "light_hazard": false,
    "walker_hazard": [
        false,
        false,
        false,
        false,
        false,
        false,
        false,
        false,
        false,
        false,
        false,
        false,
        false,
        false,
        false,
        false,
        false,
        false,
        false,
        false,
        false,
        false,
        false,
        false,
        false,
        false,
        false,
        false,
        false,
        false,
        false,
        false,
        false,
        false,
        false,
        false,
        false,
        false,
        false,
        false,
        false,
        false,
        false,
        false,
        false,
        false,
        false,
        false,
        false,
        false,
        false,
        false,
        false,
        false,
        false,
        false,
        false,
        false,
        false,
        false,
        false,
        false,
        false,
        false,
        false,
        false,
        false,
        false,
        false,
        false,
        false,
        false,
        false,
        false,
        false,
        false,
        false,
        false,
        false,
        false
    ],
    "stop_sign_hazard": false,
    "angle": 0.04282921691500257,
    "ego_matrix": [
        [
            -0.03662867471575737,
            -0.9993289113044739,
            0.00029449467547237873,
            380.56982421875
        ],
        [
            0.9993288516998291,
            -0.03662852197885513,
            0.0005011925823055208,
            -25.854291915893555
        ],
        [
            -0.0004900693893432617,
            0.00031265505822375417,
            0.9999998211860657,
            0.033661115914583206
        ],
        [
            0.0,
            0.0,
            0.0,
            1.0
        ]
    ]
}