{
    "x": 23.890776836631733,
    "y": 380.416199248969,
    "theta": 3.2188408374786377,
    "speed": 4.10669240204711,
    "target_speed": 4.0,
    "x_command": -4.278562708601281,
    "y_command": 363.5325322337694,
    "command": 2,
    "waypoints": [
        [
            21.848127365112305,
            380.17156982421875,
            3.255169416704784
        ],
        [
            19.816057205200195,
            379.8222961425781,
            3.305661353076032
        ],
        [
            17.803924560546875,
            379.3559265136719,
            3.361971763796886
        ],
        [
            15.820700645446777,
            378.77227783203125,
            3.4199955192050417
        ],
        [
            13.874314308166504,
            378.07525634765625,
            3.4775628088023582
        ],
        [
            11.969045639038086,
            377.2725524902344,
            3.5327210028775884
        ],
        [
            10.109450340270996,
            376.36907958984375,
            3.5865024758273027
        ],
        [
            8.299521446228027,
            375.3697814941406,
            3.6389644856149372
        ]
    ],
    "steer": 0.075,
    "throttle": 0.05077540292082154,
    "brake": false,
    "junction": false,
    "vehicle_hazard": [
        false,
        false,
        false,
        false,
        false,
        false,
        false,
        false,
        false,
        false,
        false,
        false,
        false,
        false,
        false,
        false,
        false,
        false,
        false,
        false,
        false,
        false,
        false,
        false,
        false,
        false,
        false,
        false,
        false,
        false,
        false,
        false,
        false,
        false,
        false,
        false,
        false,
        false,
        false,
        false,
        false,
        false,
        false,
        false,
        false,
        false,
        false,
        false,
        false,
        false,
        false,
        false,
        false,
        false,
        false,
        false,
        false,
        false,
        false,
        false,
        false,
        false,
        false,
        false,
        false,
        false,
        false,
        false,
        false,
        false,
        false,
        false,
        false,
        false,
        false,
        false,
        false,
        false,
        false,
        false
    ],
    "light_hazard": false,
    "walker_hazard": [
        false,
        false,
        false,
        false,
        false,
        false,
        false,
        false,
        false,
        false,
        false,
        false,
        false,
        false,
        false,
        false,
        false,
        false,
        false,
        false,
        false,
        false,
        false,
        false,
        false,
        false,
        false,
        false,
        false,
        false,
        false,
        false,
        false,
        false,
        false,
        false,
        false,
        false,
        false,
        false,
        false,
        false,
        false,
        false,
        false,
        false,
        false,
        false,
        false,
        false,
        false,
        false,
        false,
        false,
        false,
        false,
        false,
        false,
        false,
        false,
        false,
        false,
        false,
        false,
        false,
        false,
        false,
        false,
        false,
        false,
        false,
        false,
        false,
        false,
        false,
        false,
        false,
        false,
        false,
        false
    ],
    "stop_sign_hazard": false,
    "angle": 0.045732564478059796,
    "ego_matrix": [
        [
            -0.07307974249124527,
            -0.9973258972167969,
            0.0005890933098271489,
            380.41619873046875
        ],
        [
            0.9973260164260864,
            -0.07307992875576019,
            -0.000299164472380653,
            -23.889678955078125
        ],
        [
            0.0003414154052734375,
            0.0005656552384607494,
            0.9999997615814209,
            0.0332474522292614
        ],
        [
            0.0,
            0.0,
            0.0,
            1.0
        ]
    ]
}