{
    "x": 21.993144770067435,
    "y": 380.1717229302765,
    "theta": 3.265390157699585,
    "speed": 3.887264527771035,
    "target_speed": 4.0,
    "x_command": -4.278562708601281,
    "y_command": 363.5325322337694,
    "command": 2,
    "waypoints": [
        [
            20.049396514892578,
            379.8435974121094,
            3.302541859333168
        ],
        [
            18.099727630615234,
            379.4119873046875,
            3.3521078145933956
        ],
        [
            16.16988182067871,
            378.8729248046875,
            3.4057333594612853
        ],
        [
            14.269732475280762,
            378.2251281738281,
            3.4613537451436995
        ],
        [
            12.407350540161133,
            377.47149658203125,
            3.5172401806190123
        ],
        [
            10.588154792785645,
            376.6184387207031,
            3.5715148710026092
        ],
        [
            8.816027641296387,
            375.67144775390625,
            3.624005776088071
        ],
        [
            7.094554901123047,
            374.63519287109375,
            3.675493202074791
        ]
    ],
    "steer": 0.066,
    "throttle": 0.5506388812068028,
    "brake": false,
    "junction": false,
    "vehicle_hazard": [
        false,
        false,
        false,
        false,
        false,
        false,
        false,
        false,
        false,
        false,
        false,
        false,
        false,
        false,
        false,
        false,
        false,
        false,
        false,
        false,
        false,
        false,
        false,
        false,
        false,
        false,
        false,
        false,
        false,
        false,
        false,
        false,
        false,
        false,
        false,
        false,
        false,
        false,
        false,
        false,
        false,
        false,
        false,
        false,
        false,
        false,
        false,
        false,
        false,
        false,
        false,
        false,
        false,
        false,
        false,
        false,
        false,
        false,
        false,
        false,
        false,
        false,
        false,
        false,
        false,
        false,
        false,
        false,
        false,
        false,
        false,
        false,
        false,
        false,
        false,
        false,
        false,
        false,
        false,
        false
    ],
    "light_hazard": false,
    "walker_hazard": [
        false,
        false,
        false,
        false,
        false,
        false,
        false,
        false,
        false,
        false,
        false,
        false,
        false,
        false,
        false,
        false,
        false,
        false,
        false,
        false,
        false,
        false,
        false,
        false,
        false,
        false,
        false,
        false,
        false,
        false,
        false,
        false,
        false,
        false,
        false,
        false,
        false,
        false,
        false,
        false,
        false,
        false,
        false,
        false,
        false,
        false,
        false,
        false,
        false,
        false,
        false,
        false,
        false,
        false,
        false,
        false,
        false,
        false,
        false,
        false,
        false,
        false,
        false,
        false,
        false,
        false,
        false,
        false,
        false,
        false,
        false,
        false,
        false,
        false,
        false,
        false,
        false,
        false,
        false,
        false
    ],
    "stop_sign_hazard": false,
    "angle": 0.04623608474193805,
    "ego_matrix": [
        [
            -0.11930002272129059,
            -0.9928581118583679,
            0.0004572416946757585,
            380.1717224121094
        ],
        [
            0.9928582310676575,
            -0.11930004507303238,
            -3.270741581218317e-05,
            -21.99213409423828
        ],
        [
            8.702278137207031e-05,
            0.00045007417793385684,
            0.9999998807907104,
            0.03337417542934418
        ],
        [
            0.0,
            0.0,
            0.0,
            1.0
        ]
    ]
}