{
    "x": 20.0257749268322,
    "y": 379.81704763682427,
    "theta": 3.3184261322021484,
    "speed": 3.729558176586844,
    "target_speed": 4.0,
    "x_command": -4.278562708601281,
    "y_command": 363.5325322337694,
    "command": 2,
    "waypoints": [
        [
            18.159299850463867,
            379.39996337890625,
            3.3544054568238617
        ],
        [
            16.249113082885742,
            378.8744201660156,
            3.402428776022661
        ],
        [
            14.352340698242188,
            378.2420654296875,
            3.4551616292931566
        ],
        [
            12.488289833068848,
            377.50433349609375,
            3.5099820013841105
        ],
        [
            10.66541862487793,
            376.66204833984375,
            3.565784813601195
        ],
        [
            8.89045524597168,
            375.7210693359375,
            3.620553387208947
        ],
        [
            7.167753219604492,
            374.687255859375,
            3.6735407055215994
        ],
        [
            5.500787258148193,
            373.5657653808594,
            3.725468751510673
        ]
    ],
    "steer": 0.069,
    "throttle": 0.75,
    "brake": false,
    "junction": false,
    "vehicle_hazard": [
        false,
        false,
        false,
        false,
        false,
        false,
        false,
        false,
        false,
        false,
        false,
        false,
        false,
        false,
        false,
        false,
        false,
        false,
        false,
        false,
        false,
        false,
        false,
        false,
        false,
        false,
        false,
        false,
        false,
        false,
        false,
        false,
        false,
        false,
        false,
        false,
        false,
        false,
        false,
        false,
        false,
        false,
        false,
        false,
        false,
        false,
        false,
        false,
        false,
        false,
        false,
        false,
        false,
        false,
        false,
        false,
        false,
        false,
        false,
        false,
        false,
        false,
        false,
        false,
        false,
        false,
        false,
        false,
        false,
        false,
        false,
        false,
        false,
        false,
        false,
        false,
        false,
        false,
        false,
        false
    ],
    "light_hazard": false,
    "walker_hazard": [
        false,
        false,
        false,
        false,
        false,
        false,
        false,
        false,
        false,
        false,
        false,
        false,
        false,
        false,
        false,
        false,
        false,
        false,
        false,
        false,
        false,
        false,
        false,
        false,
        false,
        false,
        false,
        false,
        false,
        false,
        false,
        false,
        false,
        false,
        false,
        false,
        false,
        false,
        false,
        false,
        false,
        false,
        false,
        false,
        false,
        false,
        false,
        false,
        false,
        false,
        false,
        false,
        false,
        false,
        false,
        false,
        false,
        false,
        false,
        false,
        false,
        false,
        false,
        false,
        false,
        false,
        false,
        false,
        false,
        false,
        false,
        false,
        false,
        false,
        false,
        false,
        false,
        false,
        false,
        false
    ],
    "stop_sign_hazard": false,
    "angle": 0.048738702485803594,
    "ego_matrix": [
        [
            -0.1707569658756256,
            -0.9853130578994751,
            0.0005543752340599895,
            379.8170471191406
        ],
        [
            0.9853130578994751,
            -0.17075668275356293,
            0.0005286000086925924,
            -20.02485466003418
        ],
        [
            -0.0004261731810402125,
            0.0006364953005686402,
            0.9999997019767761,
            0.03362938016653061
        ],
        [
            0.0,
            0.0,
            0.0,
            1.0
        ]
    ]
}