{
    "x": 18.139570312802924,
    "y": 379.3682866498845,
    "theta": 3.3718113899230957,
    "speed": 4.125752772825873,
    "target_speed": 3.0,
    "x_command": -4.278562708601281,
    "y_command": 363.5325322337694,
    "command": 2,
    "waypoints": [
        [
            16.148962020874023,
            378.8132629394531,
            3.40830264412294
        ],
        [
            14.184183120727539,
            378.1566162109375,
            3.457765934523145
        ],
        [
            12.254920959472656,
            377.3916931152344,
            3.5119263752959773
        ],
        [
            10.371413230895996,
            376.5153503417969,
            3.569367830531787
        ],
        [
            8.542123794555664,
            375.5305480957031,
            3.6276199520034176
        ],
        [
            6.771995544433594,
            374.4430236816406,
            3.6848921633519534
        ],
        [
            5.0648956298828125,
            373.2589416503906,
            3.7404928416423004
        ],
        [
            3.4242289066314697,
            371.984375,
            3.7947676651839517
        ]
    ],
    "steer": 0.07,
    "throttle": 0.05448396366164317,
    "brake": false,
    "junction": true,
    "vehicle_hazard": [
        false,
        false,
        false,
        false,
        false,
        false,
        false,
        false,
        false,
        false,
        false,
        false,
        false,
        false,
        false,
        false,
        false,
        false,
        false,
        false,
        false,
        false,
        false,
        false,
        false,
        false,
        false,
        false,
        false,
        false,
        false,
        false,
        false,
        false,
        false,
        false,
        false,
        false,
        false,
        false,
        false,
        false,
        false,
        false,
        false,
        false,
        false,
        false,
        false,
        false,
        false,
        false,
        false,
        false,
        false,
        false,
        false,
        false,
        false,
        false,
        false,
        false,
        false,
        false,
        false,
        false,
        false,
        false,
        false,
        false,
        false,
        false,
        false,
        false,
        false,
        false,
        false,
        false,
        false,
        false
    ],
    "light_hazard": false,
    "walker_hazard": [
        false,
        false,
        false,
        false,
        false,
        false,
        false,
        false,
        false,
        false,
        false,
        false,
        false,
        false,
        false,
        false,
        false,
        false,
        false,
        false,
        false,
        false,
        false,
        false,
        false,
        false,
        false,
        false,
        false,
        false,
        false,
        false,
        false,
        false,
        false,
        false,
        false,
        false,
        false,
        false,
        false,
        false,
        false,
        false,
        false,
        false,
        false,
        false,
        false,
        false,
        false,
        false,
        false,
        false,
        false,
        false,
        false,
        false,
        false,
        false,
        false,
        false,
        false,
        false,
        false,
        false,
        false,
        false,
        false,
        false,
        false,
        false,
        false,
        false,
        false,
        false,
        false,
        false,
        false,
        false
    ],
    "stop_sign_hazard": false,
    "angle": 0.0433083479580074,
    "ego_matrix": [
        [
            -0.2225225418806076,
            -0.9749273061752319,
            0.0007228314061649144,
            379.3682861328125
        ],
        [
            0.9749274253845215,
            -0.2225228101015091,
            -0.00031372375087812543,
            -18.138736724853516
        ],
        [
            0.0004667043103836477,
            0.0006348975584842265,
            0.9999997019767761,
            0.03318488970398903
        ],
        [
            0.0,
            0.0,
            0.0,
            1.0
        ]
    ]
}