{
    "x": 16.350982566917015,
    "y": 378.8441777624514,
    "theta": 3.4205684661865234,
    "speed": 3.256190006660661,
    "target_speed": 3.0,
    "x_command": -4.278562708601281,
    "y_command": 363.5325322337694,
    "command": 2,
    "waypoints": [
        [
            14.800106048583984,
            378.3385314941406,
            3.447519155912956
        ],
        [
            13.266369819641113,
            377.77410888671875,
            3.4833193646566185
        ],
        [
            11.755570411682129,
            377.1456298828125,
            3.5234320301534465
        ],
        [
            10.27440357208252,
            376.4498596191406,
            3.5670440893226387
        ],
        [
            8.827747344970703,
            375.6849365234375,
            3.6134255697094044
        ],
        [
            7.418210983276367,
            374.8536376953125,
            3.659852323834701
        ],
        [
            6.048431873321533,
            373.9582824707031,
            3.7057798684136625
        ],
        [
            4.719958782196045,
            373.002685546875,
            3.750799408218962
        ]
    ],
    "steer": 0.061,
    "throttle": 0.04291557064588688,
    "brake": false,
    "junction": true,
    "vehicle_hazard": [
        false,
        false,
        false,
        false,
        false,
        false,
        false,
        false,
        false,
        false,
        false,
        false,
        false,
        false,
        false,
        false,
        false,
        false,
        false,
        false,
        false,
        false,
        false,
        false,
        false,
        false,
        false,
        false,
        false,
        false,
        false,
        false,
        false,
        false,
        false,
        false,
        false,
        false,
        false,
        false,
        false,
        false,
        false,
        false,
        false,
        false,
        false,
        false,
        false,
        false,
        false,
        false,
        false,
        false,
        false,
        false,
        false,
        false,
        false,
        false,
        false,
        false,
        false,
        false,
        false,
        false,
        false,
        false,
        false,
        false,
        false,
        false,
        false,
        false,
        false,
        false,
        false,
        false,
        false,
        false
    ],
    "light_hazard": false,
    "walker_hazard": [
        false,
        false,
        false,
        false,
        false,
        false,
        false,
        false,
        false,
        false,
        false,
        false,
        false,
        false,
        false,
        false,
        false,
        false,
        false,
        false,
        false,
        false,
        false,
        false,
        false,
        false,
        false,
        false,
        false,
        false,
        false,
        false,
        false,
        false,
        false,
        false,
        false,
        false,
        false,
        false,
        false,
        false,
        false,
        false,
        false,
        false,
        false,
        false,
        false,
        false,
        false,
        false,
        false,
        false,
        false,
        false,
        false,
        false,
        false,
        false,
        false,
        false,
        false,
        false,
        false,
        false,
        false,
        false,
        false,
        false,
        false,
        false,
        false,
        false,
        false,
        false,
        false,
        false,
        false,
        false
    ],
    "stop_sign_hazard": false,
    "angle": 0.046853446083113585,
    "ego_matrix": [
        [
            -0.27146562933921814,
            -0.9624481201171875,
            0.00014966449816711247,
            378.84417724609375
        ],
        [
            0.9624477624893188,
            -0.27146539092063904,
            0.0008899149252101779,
            -16.350231170654297
        ],
        [
            -0.0008158682030625641,
            0.0003856255498249084,
            0.9999995827674866,
            0.033823393285274506
        ],
        [
            0.0,
            0.0,
            0.0,
            1.0
        ]
    ]
}