{
    "x": 14.983411786845489,
    "y": 378.377533474706,
    "theta": 3.4581210613250732,
    "speed": 2.896590952147991,
    "target_speed": 3.0,
    "x_command": -4.278562708601281,
    "y_command": 363.5325322337694,
    "command": 2,
    "waypoints": [
        [
            13.599908828735352,
            377.8725280761719,
            3.480849149587516
        ],
        [
            12.212106704711914,
            377.3133544921875,
            3.5124210574684596
        ],
        [
            10.841534614562988,
            376.7004089355469,
            3.5483098163183673
        ],
        [
            9.494348526000977,
            376.0303039550781,
            3.5879923812991477
        ],
        [
            8.176186561584473,
            375.3017272949219,
            3.6302203956498253
        ],
        [
            6.891353607177734,
            374.5154724121094,
            3.6737492310349524
        ],
        [
            5.641379356384277,
            373.6748962402344,
            3.716776859502927
        ],
        [
            4.427354335784912,
            372.78314208984375,
            3.7585926165168604
        ]
    ],
    "steer": 0.072,
    "throttle": 0.4758824009926359,
    "brake": false,
    "junction": true,
    "vehicle_hazard": [
        false,
        false,
        false,
        false,
        false,
        false,
        false,
        false,
        false,
        false,
        false,
        false,
        false,
        false,
        false,
        false,
        false,
        false,
        false,
        false,
        false,
        false,
        false,
        false,
        false,
        false,
        false,
        false,
        false,
        false,
        false,
        false,
        false,
        false,
        false,
        false,
        false,
        false,
        false,
        false,
        false,
        false,
        false,
        false,
        false,
        false,
        false,
        false,
        false,
        false,
        false,
        false,
        false,
        false,
        false,
        false,
        false,
        false,
        false,
        false,
        false,
        false,
        false,
        false,
        false,
        false,
        false,
        false,
        false,
        false,
        false,
        false,
        false,
        false,
        false,
        false,
        false,
        false,
        false,
        false
    ],
    "light_hazard": false,
    "walker_hazard": [
        false,
        false,
        false,
        false,
        false,
        false,
        false,
        false,
        false,
        false,
        false,
        false,
        false,
        false,
        false,
        false,
        false,
        false,
        false,
        false,
        false,
        false,
        false,
        false,
        false,
        false,
        false,
        false,
        false,
        false,
        false,
        false,
        false,
        false,
        false,
        false,
        false,
        false,
        false,
        false,
        false,
        false,
        false,
        false,
        false,
        false,
        false,
        false,
        false,
        false,
        false,
        false,
        false,
        false,
        false,
        false,
        false,
        false,
        false,
        false,
        false,
        false,
        false,
        false,
        false,
        false,
        false,
        false,
        false,
        false,
        false,
        false,
        false,
        false,
        false,
        false,
        false,
        false,
        false,
        false
    ],
    "stop_sign_hazard": false,
    "angle": 0.04448918104526867,
    "ego_matrix": [
        [
            -0.3077382445335388,
            -0.9514709711074829,
            0.0002358303900109604,
            378.3775329589844
        ],
        [
            0.9514710307121277,
            -0.30773818492889404,
            0.00017086914158426225,
            -14.982723236083984
        ],
        [
            -9.000301361083984e-05,
            0.00027696878532879055,
            0.9999999403953552,
            0.033462293446063995
        ],
        [
            0.0,
            0.0,
            0.0,
            1.0
        ]
    ]
}