{
    "x": 13.571526493628713,
    "y": 377.8361516380306,
    "theta": 3.49595046043396,
    "speed": 2.793487407897734,
    "target_speed": 3.0,
    "x_command": -4.278562708601281,
    "y_command": 363.5325322337694,
    "command": 2,
    "waypoints": [
        [
            12.237740516662598,
            377.2938232421875,
            3.517327132828603
        ],
        [
            10.87826156616211,
            376.6881103515625,
            3.548528728159972
        ],
        [
            9.53201961517334,
            376.026123046875,
            3.584806841161249
        ],
        [
            8.211440086364746,
            375.3064880371094,
            3.6250545289253444
        ],
        [
            6.921777725219727,
            374.5285339355469,
            3.6679102503449537
        ],
        [
            5.667542934417725,
            373.6936340332031,
            3.711784764039573
        ],
        [
            4.4508056640625,
            372.80487060546875,
            3.7552845709688185
        ],
        [
            3.2720730304718018,
            371.86627197265625,
            3.7974051267695117
        ]
    ],
    "steer": 0.069,
    "throttle": 0.75,
    "brake": false,
    "junction": true,
    "vehicle_hazard": [
        false,
        false,
        false,
        false,
        false,
        false,
        false,
        false,
        false,
        false,
        false,
        false,
        false,
        false,
        false,
        false,
        false,
        false,
        false,
        false,
        false,
        false,
        false,
        false,
        false,
        false,
        false,
        false,
        false,
        false,
        false,
        false,
        false,
        false,
        false,
        false,
        false,
        false,
        false,
        false,
        false,
        false,
        false,
        false,
        false,
        false,
        false,
        false,
        false,
        false,
        false,
        false,
        false,
        false,
        false,
        false,
        false,
        false,
        false,
        false,
        false,
        false,
        false,
        false,
        false,
        false,
        false,
        false,
        false,
        false,
        false,
        false,
        false,
        false,
        false,
        false,
        false,
        false,
        false,
        false
    ],
    "light_hazard": false,
    "walker_hazard": [
        false,
        false,
        false,
        false,
        false,
        false,
        false,
        false,
        false,
        false,
        false,
        false,
        false,
        false,
        false,
        false,
        false,
        false,
        false,
        false,
        false,
        false,
        false,
        false,
        false,
        false,
        false,
        false,
        false,
        false,
        false,
        false,
        false,
        false,
        false,
        false,
        false,
        false,
        false,
        false,
        false,
        false,
        false,
        false,
        false,
        false,
        false,
        false,
        false,
        false,
        false,
        false,
        false,
        false,
        false,
        false,
        false,
        false,
        false,
        false,
        false,
        false,
        false,
        false,
        false,
        false,
        false,
        false,
        false,
        false,
        false,
        false,
        false,
        false,
        false,
        false,
        false,
        false,
        false,
        false
    ],
    "stop_sign_hazard": false,
    "angle": 0.0508764729151858,
    "ego_matrix": [
        [
            -0.3440430462360382,
            -0.9389538764953613,
            8.784477540757507e-05,
            377.8361511230469
        ],
        [
            0.9389538168907166,
            -0.34404298663139343,
            0.0004213186912238598,
            -13.570902824401855
        ],
        [
            -0.0003653764433693141,
            0.00022743396402802318,
            0.9999999403953552,
            0.033599164336919785
        ],
        [
            0.0,
            0.0,
            0.0,
            1.0
        ]
    ]
}