{
    "x": 12.211494855821991,
    "y": 377.2579350845081,
    "theta": 3.532870292663574,
    "speed": 3.093662406707352,
    "target_speed": 3.0,
    "x_command": -4.278562708601281,
    "y_command": 363.5325322337694,
    "command": 2,
    "waypoints": [
        [
            10.799285888671875,
            376.6204833984375,
            3.556265477442761
        ],
        [
            9.406675338745117,
            375.9320068359375,
            3.5893049202423932
        ],
        [
            8.040611267089844,
            375.1860656738281,
            3.627892260224878
        ],
        [
            6.70778751373291,
            374.37933349609375,
            3.670666089440968
        ],
        [
            5.414021968841553,
            373.51123046875,
            3.716251417819854
        ],
        [
            4.161733627319336,
            372.58428955078125,
            3.7622689772436604
        ],
        [
            2.9520256519317627,
            371.6024169921875,
            3.8072060922132214
        ],
        [
            1.784818172454834,
            370.57037353515625,
            3.850068338377502
        ]
    ],
    "steer": 0.065,
    "throttle": 0.0337666954440545,
    "brake": false,
    "junction": true,
    "vehicle_hazard": [
        false,
        false,
        false,
        false,
        false,
        false,
        false,
        false,
        false,
        false,
        false,
        false,
        false,
        false,
        false,
        false,
        false,
        false,
        false,
        false,
        false,
        false,
        false,
        false,
        false,
        false,
        false,
        false,
        false,
        false,
        false,
        false,
        false,
        false,
        false,
        false,
        false,
        false,
        false,
        false,
        false,
        false,
        false,
        false,
        false,
        false,
        false,
        false,
        false,
        false,
        false,
        false,
        false,
        false,
        false,
        false,
        false,
        false,
        false,
        false,
        false,
        false,
        false,
        false,
        false,
        false,
        false,
        false,
        false,
        false,
        false,
        false,
        false,
        false,
        false,
        false,
        false,
        false,
        false,
        false
    ],
    "light_hazard": false,
    "walker_hazard": [
        false,
        false,
        false,
        false,
        false,
        false,
        false,
        false,
        false,
        false,
        false,
        false,
        false,
        false,
        false,
        false,
        false,
        false,
        false,
        false,
        false,
        false,
        false,
        false,
        false,
        false,
        false,
        false,
        false,
        false,
        false,
        false,
        false,
        false,
        false,
        false,
        false,
        false,
        false,
        false,
        false,
        false,
        false,
        false,
        false,
        false,
        false,
        false,
        false,
        false,
        false,
        false,
        false,
        false,
        false,
        false,
        false,
        false,
        false,
        false,
        false,
        false,
        false,
        false,
        false,
        false,
        false,
        false,
        false,
        false,
        false,
        false,
        false,
        false,
        false,
        false,
        false,
        false,
        false,
        false
    ],
    "stop_sign_hazard": false,
    "angle": 0.044483055528630376,
    "ego_matrix": [
        [
            -0.3776240050792694,
            -0.9259589910507202,
            0.00030096189584583044,
            377.2579345703125
        ],
        [
            0.9259589314460754,
            -0.3776240944862366,
            -0.0002457199152559042,
            -12.210933685302734
        ],
        [
            0.00034117698669433594,
            0.00018588860984891653,
            0.9999999403953552,
            0.03337081894278526
        ],
        [
            0.0,
            0.0,
            0.0,
            1.0
        ]
    ]
}