{
    "x": 10.905993005262328,
    "y": 376.64502004461025,
    "theta": 3.568903923034668,
    "speed": 3.0247803235545137,
    "target_speed": 3.0,
    "x_command": -4.278562708601281,
    "y_command": 363.5325322337694,
    "command": 2,
    "waypoints": [
        [
            9.548190116882324,
            375.9726867675781,
            3.5916904467888315
        ],
        [
            8.2106351852417,
            375.25115966796875,
            3.624349723342855
        ],
        [
            6.900178909301758,
            374.4742736816406,
            3.662583395532577
        ],
        [
            5.62299919128418,
            373.6400451660156,
            3.7045932969899775
        ],
        [
            4.384514808654785,
            372.74859619140625,
            3.748774207368011
        ],
        [
            3.1882033348083496,
            371.80133056640625,
            3.7940980133278517
        ],
        [
            2.0343575477600098,
            370.802734375,
            3.838152024079942
        ],
        [
            0.9235525727272034,
            369.7564697265625,
            3.8808089405241772
        ]
    ],
    "steer": 0.065,
    "throttle": 0.0,
    "brake": false,
    "junction": true,
    "vehicle_hazard": [
        false,
        false,
        false,
        false,
        false,
        false,
        false,
        false,
        false,
        false,
        false,
        false,
        false,
        false,
        false,
        false,
        false,
        false,
        false,
        false,
        false,
        false,
        false,
        false,
        false,
        false,
        false,
        false,
        false,
        false,
        false,
        false,
        false,
        false,
        false,
        false,
        false,
        false,
        false,
        false,
        false,
        false,
        false,
        false,
        false,
        false,
        false,
        false,
        false,
        false,
        false,
        false,
        false,
        false,
        false,
        false,
        false,
        false,
        false,
        false,
        false,
        false,
        false,
        false,
        false,
        false,
        false,
        false,
        false,
        false,
        false,
        false,
        false,
        false,
        false,
        false,
        false,
        false,
        false,
        false
    ],
    "light_hazard": false,
    "walker_hazard": [
        false,
        false,
        false,
        false,
        false,
        false,
        false,
        false,
        false,
        false,
        false,
        false,
        false,
        false,
        false,
        false,
        false,
        false,
        false,
        false,
        false,
        false,
        false,
        false,
        false,
        false,
        false,
        false,
        false,
        false,
        false,
        false,
        false,
        false,
        false,
        false,
        false,
        false,
        false,
        false,
        false,
        false,
        false,
        false,
        false,
        false,
        false,
        false,
        false,
        false,
        false,
        false,
        false,
        false,
        false,
        false,
        false,
        false,
        false,
        false,
        false,
        false,
        false,
        false,
        false,
        false,
        false,
        false,
        false,
        false,
        false,
        false,
        false,
        false,
        false,
        false,
        false,
        false,
        false,
        false
    ],
    "stop_sign_hazard": false,
    "angle": 0.04705247692488563,
    "ego_matrix": [
        [
            -0.410668283700943,
            -0.9117847084999084,
            0.0003759725368581712,
            376.64501953125
        ],
        [
            0.9117845892906189,
            -0.41066843271255493,
            -0.0004430609114933759,
            -10.905491828918457
        ],
        [
            0.0005583762540481985,
            0.00016085492097772658,
            0.9999998211860657,
            0.03375682607293129
        ],
        [
            0.0,
            0.0,
            0.0,
            1.0
        ]
    ]
}