{
    "x": 9.572604436322374,
    "y": 375.95816091281466,
    "theta": 3.60609769821167,
    "speed": 2.736590898365673,
    "target_speed": 3.0,
    "x_command": -4.278562708601281,
    "y_command": 363.5325322337694,
    "command": 2,
    "waypoints": [
        [
            8.328747749328613,
            375.2828674316406,
            3.6280350056593065
        ],
        [
            7.050752639770508,
            374.532470703125,
            3.6600583193450187
        ],
        [
            5.788622856140137,
            373.72320556640625,
            3.697480126876431
        ],
        [
            4.5580878257751465,
            372.8576354980469,
            3.7387025315994946
        ],
        [
            3.3647403717041016,
            371.93609619140625,
            3.7823576008202915
        ],
        [
            2.2131636142730713,
            370.9614562988281,
            3.8266234660370984
        ],
        [
            1.1052520275115967,
            369.93731689453125,
            3.870347511130128
        ],
        [
            0.04124639183282852,
            368.8676452636719,
            3.9129000316596323
        ]
    ],
    "steer": 0.065,
    "throttle": 0.75,
    "brake": false,
    "junction": true,
    "vehicle_hazard": [
        false,
        false,
        false,
        false,
        false,
        false,
        false,
        false,
        false,
        false,
        false,
        false,
        false,
        false,
        false,
        false,
        false,
        false,
        false,
        false,
        false,
        false,
        false,
        false,
        false,
        false,
        false,
        false,
        false,
        false,
        false,
        false,
        false,
        false,
        false,
        false,
        false,
        false,
        false,
        false,
        false,
        false,
        false,
        false,
        false,
        false,
        false,
        false,
        false,
        false,
        false,
        false,
        false,
        false,
        false,
        false,
        false,
        false,
        false,
        false,
        false,
        false,
        false,
        false,
        false,
        false,
        false,
        false,
        false,
        false,
        false,
        false,
        false,
        false,
        false,
        false,
        false,
        false,
        false,
        false
    ],
    "light_hazard": false,
    "walker_hazard": [
        false,
        false,
        false,
        false,
        false,
        false,
        false,
        false,
        false,
        false,
        false,
        false,
        false,
        false,
        false,
        false,
        false,
        false,
        false,
        false,
        false,
        false,
        false,
        false,
        false,
        false,
        false,
        false,
        false,
        false,
        false,
        false,
        false,
        false,
        false,
        false,
        false,
        false,
        false,
        false,
        false,
        false,
        false,
        false,
        false,
        false,
        false,
        false,
        false,
        false,
        false,
        false,
        false,
        false,
        false,
        false,
        false,
        false,
        false,
        false,
        false,
        false,
        false,
        false,
        false,
        false,
        false,
        false,
        false,
        false,
        false,
        false,
        false,
        false,
        false,
        false,
        false,
        false,
        false,
        false
    ],
    "stop_sign_hazard": false,
    "angle": 0.04916263491221397,
    "ego_matrix": [
        [
            -0.44471871852874756,
            -0.8956702947616577,
            0.00013045466039329767,
            375.9581604003906
        ],
        [
            0.8956702947616577,
            -0.44471871852874756,
            -1.3619563105748966e-05,
            -9.572164535522461
        ],
        [
            7.021426426945254e-05,
            0.00011078748502768576,
            1.0,
            0.034551430493593216
        ],
        [
            0.0,
            0.0,
            0.0,
            1.0
        ]
    ]
}