{
    "x": 8.272061922090986,
    "y": 375.2232060778286,
    "theta": 3.6447653770446777,
    "speed": 3.058908654423848,
    "target_speed": 3.0,
    "x_command": -4.278562708601281,
    "y_command": 363.5325322337694,
    "command": 2,
    "waypoints": [
        [
            6.955298900604248,
            374.4400329589844,
            3.668497077891153
        ],
        [
            5.664536952972412,
            373.6070861816406,
            3.70253240978042
        ],
        [
            4.4067158699035645,
            372.7203063964844,
            3.741498051795751
        ],
        [
            3.188915967941284,
            371.77703857421875,
            3.7847720226645576
        ],
        [
            2.015532970428467,
            370.7790222167969,
            3.8297992856370175
        ],
        [
            0.8890203833580017,
            369.7283935546875,
            3.8752964633838225
        ],
        [
            -0.1899079829454422,
            368.6289367675781,
            3.919810934688388
        ],
        [
            -1.2219027280807495,
            367.48529052734375,
            3.962402337369807
        ]
    ],
    "steer": 0.064,
    "throttle": 0.04362950330185884,
    "brake": false,
    "junction": true,
    "vehicle_hazard": [
        false,
        false,
        false,
        false,
        false,
        false,
        false,
        false,
        false,
        false,
        false,
        false,
        false,
        false,
        false,
        false,
        false,
        false,
        false,
        false,
        false,
        false,
        false,
        false,
        false,
        false,
        false,
        false,
        false,
        false,
        false,
        false,
        false,
        false,
        false,
        false,
        false,
        false,
        false,
        false,
        false,
        false,
        false,
        false,
        false,
        false,
        false,
        false,
        false,
        false,
        false,
        false,
        false,
        false,
        false,
        false,
        false,
        false,
        false,
        false,
        false,
        false,
        false,
        false,
        false,
        false,
        false,
        false,
        false,
        false,
        false,
        false,
        false,
        false,
        false,
        false,
        false,
        false,
        false,
        false
    ],
    "light_hazard": false,
    "walker_hazard": [
        false,
        false,
        false,
        false,
        false,
        false,
        false,
        false,
        false,
        false,
        false,
        false,
        false,
        false,
        false,
        false,
        false,
        false,
        false,
        false,
        false,
        false,
        false,
        false,
        false,
        false,
        false,
        false,
        false,
        false,
        false,
        false,
        false,
        false,
        false,
        false,
        false,
        false,
        false,
        false,
        false,
        false,
        false,
        false,
        false,
        false,
        false,
        false,
        false,
        false,
        false,
        false,
        false,
        false,
        false,
        false,
        false,
        false,
        false,
        false,
        false,
        false,
        false,
        false,
        false,
        false,
        false,
        false,
        false,
        false,
        false,
        false,
        false,
        false,
        false,
        false,
        false,
        false,
        false,
        false
    ],
    "stop_sign_hazard": false,
    "angle": 0.044200975671793694,
    "ego_matrix": [
        [
            -0.47868454456329346,
            -0.8779868483543396,
            0.0004824608040507883,
            375.22320556640625
        ],
        [
            0.87798672914505,
            -0.47868475317955017,
            -0.00046987610403448343,
            -8.271681785583496
        ],
        [
            0.0006434916285797954,
            0.00019867178343702108,
            0.9999998211860657,
            0.03499313443899155
        ],
        [
            0.0,
            0.0,
            0.0,
            1.0
        ]
    ]
}