{
    "x": 7.049883563789909,
    "y": 374.470764670553,
    "theta": 3.6815552711486816,
    "speed": 3.0442207642254626,
    "target_speed": 3.0,
    "x_command": -4.278562708601281,
    "y_command": 363.5325322337694,
    "command": 2,
    "waypoints": [
        [
            5.769686222076416,
            373.6426696777344,
            3.7056215434868576
        ],
        [
            4.516205787658691,
            372.7662353515625,
            3.739551547355012
        ],
        [
            3.2965970039367676,
            371.8370666503906,
            3.7783712481426064
        ],
        [
            2.11833119392395,
            370.8526611328125,
            3.8216327021542895
        ],
        [
            0.9859059453010559,
            369.815185546875,
            3.8665679529110877
        ],
        [
            -0.09804154932498932,
            368.7271728515625,
            3.911929043126189
        ],
        [
            -1.132840633392334,
            367.5923156738281,
            3.9563958438472424
        ],
        [
            -2.116684913635254,
            366.4129943847656,
            4.000393661900333
        ]
    ],
    "steer": 0.064,
    "throttle": 0.004441521254598305,
    "brake": false,
    "junction": true,
    "vehicle_hazard": [
        false,
        false,
        false,
        false,
        false,
        false,
        false,
        false,
        false,
        false,
        false,
        false,
        false,
        false,
        false,
        false,
        false,
        false,
        false,
        false,
        false,
        false,
        false,
        false,
        false,
        false,
        false,
        false,
        false,
        false,
        false,
        false,
        false,
        false,
        false,
        false,
        false,
        false,
        false,
        false,
        false,
        false,
        false,
        false,
        false,
        false,
        false,
        false,
        false,
        false,
        false,
        false,
        false,
        false,
        false,
        false,
        false,
        false,
        false,
        false,
        false,
        false,
        false,
        false,
        false,
        false,
        false,
        false,
        false,
        false,
        false,
        false,
        false,
        false,
        false,
        false,
        false,
        false,
        false,
        false
    ],
    "light_hazard": false,
    "walker_hazard": [
        false,
        false,
        false,
        false,
        false,
        false,
        false,
        false,
        false,
        false,
        false,
        false,
        false,
        false,
        false,
        false,
        false,
        false,
        false,
        false,
        false,
        false,
        false,
        false,
        false,
        false,
        false,
        false,
        false,
        false,
        false,
        false,
        false,
        false,
        false,
        false,
        false,
        false,
        false,
        false,
        false,
        false,
        false,
        false,
        false,
        false,
        false,
        false,
        false,
        false,
        false,
        false,
        false,
        false,
        false,
        false,
        false,
        false,
        false,
        false,
        false,
        false,
        false,
        false,
        false,
        false,
        false,
        false,
        false,
        false,
        false,
        false,
        false,
        false,
        false,
        false,
        false,
        false,
        false,
        false
    ],
    "stop_sign_hazard": false,
    "angle": 0.043387558212800506,
    "ego_matrix": [
        [
            -0.5105413198471069,
            -0.8598530292510986,
            0.0005312380963005126,
            374.47076416015625
        ],
        [
            0.8598528504371643,
            -0.5105416178703308,
            -0.0005754699814133346,
            -7.049559593200684
        ],
        [
            0.0007660387782379985,
            0.0001629853795748204,
            0.9999997019767761,
            0.035607412457466125
        ],
        [
            0.0,
            0.0,
            0.0,
            1.0
        ]
    ]
}