{
    "x": 5.808952249538242,
    "y": 373.6388554897316,
    "theta": 3.7203800678253174,
    "speed": 2.75720765576732,
    "target_speed": 3.0,
    "x_command": -4.278562708601281,
    "y_command": 363.5325322337694,
    "command": 2,
    "waypoints": [
        [
            4.643177509307861,
            372.8200988769531,
            3.74283109707939
        ],
        [
            3.4574122428894043,
            371.9261169433594,
            3.7750819778802494
        ],
        [
            2.296956777572632,
            370.9757080078125,
            3.8130599866053245
        ],
        [
            1.1749049425125122,
            369.9731750488281,
            3.8546641554706516
        ],
        [
            0.09691937267780304,
            368.9190979003906,
            3.8985250870437116
        ],
        [
            -0.9329264163970947,
            367.81695556640625,
            3.9433274460621144
        ],
        [
            -1.911912202835083,
            366.6693420410156,
            3.988550318216641
        ],
        [
            -2.8445522785186768,
            365.4837341308594,
            4.029797889812006
        ]
    ],
    "steer": 0.063,
    "throttle": 0.75,
    "brake": false,
    "junction": true,
    "vehicle_hazard": [
        false,
        false,
        false,
        false,
        false,
        false,
        false,
        false,
        false,
        false,
        false,
        false,
        false,
        false,
        false,
        false,
        false,
        false,
        false,
        false,
        false,
        false,
        false,
        false,
        false,
        false,
        false,
        false,
        false,
        false,
        false,
        false,
        false,
        false,
        false,
        false,
        false,
        false,
        false,
        false,
        false,
        false,
        false,
        false,
        false,
        false,
        false,
        false,
        false,
        false,
        false,
        false,
        false,
        false,
        false,
        false,
        false,
        false,
        false,
        false,
        false,
        false,
        false,
        false,
        false,
        false,
        false,
        false,
        false,
        false,
        false,
        false,
        false,
        false,
        false,
        false,
        false,
        false,
        false,
        false
    ],
    "light_hazard": false,
    "walker_hazard": [
        false,
        false,
        false,
        false,
        false,
        false,
        false,
        false,
        false,
        false,
        false,
        false,
        false,
        false,
        false,
        false,
        false,
        false,
        false,
        false,
        false,
        false,
        false,
        false,
        false,
        false,
        false,
        false,
        false,
        false,
        false,
        false,
        false,
        false,
        false,
        false,
        false,
        false,
        false,
        false,
        false,
        false,
        false,
        false,
        false,
        false,
        false,
        false,
        false,
        false,
        false,
        false,
        false,
        false,
        false,
        false,
        false,
        false,
        false,
        false,
        false,
        false,
        false,
        false,
        false,
        false,
        false,
        false,
        false,
        false,
        false,
        false,
        false,
        false,
        false,
        false,
        false,
        false,
        false,
        false
    ],
    "stop_sign_hazard": false,
    "angle": 0.04681298021526034,
    "ego_matrix": [
        [
            -0.5439746379852295,
            -0.8391016721725464,
            0.00010075645695906132,
            373.63885498046875
        ],
        [
            0.8391016721725464,
            -0.5439746379852295,
            -2.6173016522079706e-05,
            -5.808685302734375
        ],
        [
            7.677077519474551e-05,
            7.030744745861739e-05,
            1.0,
            0.03663745895028114
        ],
        [
            0.0,
            0.0,
            0.0,
            1.0
        ]
    ]
}