{
    "x": 4.591277350148982,
    "y": 372.75161793969426,
    "theta": 3.7598626613616943,
    "speed": 3.006879496144745,
    "target_speed": 3.0,
    "x_command": -4.278562708601281,
    "y_command": 363.5325322337694,
    "command": 2,
    "waypoints": [
        [
            3.3949015140533447,
            371.8372802734375,
            3.783684920307587
        ],
        [
            2.2285053730010986,
            370.8785400390625,
            3.817010786082457
        ],
        [
            1.1002510786056519,
            369.871337890625,
            3.855680684058735
        ],
        [
            0.01599583774805069,
            368.8153381347656,
            3.897738389257702
        ],
        [
            -1.0191885232925415,
            367.711181640625,
            3.9421897436444326
        ],
        [
            -2.001375198364258,
            366.5596618652344,
            3.9883622990436813
        ],
        [
            -2.9350204467773438,
            365.3683776855469,
            4.031176075676122
        ],
        [
            -3.818061590194702,
            364.1391296386719,
            4.073150157616862
        ]
    ],
    "steer": 0.061,
    "throttle": 0.04022533155142189,
    "brake": false,
    "junction": true,
    "vehicle_hazard": [
        false,
        false,
        false,
        false,
        false,
        false,
        false,
        false,
        false,
        false,
        false,
        false,
        false,
        false,
        false,
        false,
        false,
        false,
        false,
        false,
        false,
        false,
        false,
        false,
        false,
        false,
        false,
        false,
        false,
        false,
        false,
        false,
        false,
        false,
        false,
        false,
        false,
        false,
        false,
        false,
        false,
        false,
        false,
        false,
        false,
        false,
        false,
        false,
        false,
        false,
        false,
        false,
        false,
        false,
        false,
        false,
        false,
        false,
        false,
        false,
        false,
        false,
        false,
        false,
        false,
        false,
        false,
        false,
        false,
        false,
        false,
        false,
        false,
        false,
        false,
        false,
        false,
        false,
        false,
        false
    ],
    "light_hazard": false,
    "walker_hazard": [
        false,
        false,
        false,
        false,
        false,
        false,
        false,
        false,
        false,
        false,
        false,
        false,
        false,
        false,
        false,
        false,
        false,
        false,
        false,
        false,
        false,
        false,
        false,
        false,
        false,
        false,
        false,
        false,
        false,
        false,
        false,
        false,
        false,
        false,
        false,
        false,
        false,
        false,
        false,
        false,
        false,
        false,
        false,
        false,
        false,
        false,
        false,
        false,
        false,
        false,
        false,
        false,
        false,
        false,
        false,
        false,
        false,
        false,
        false,
        false,
        false,
        false,
        false,
        false,
        false,
        false,
        false,
        false,
        false,
        false,
        false,
        false,
        false,
        false,
        false,
        false,
        false,
        false,
        false,
        false
    ],
    "stop_sign_hazard": false,
    "angle": 0.04429611811308196,
    "ego_matrix": [
        [
            -0.5764930844306946,
            -0.8171019554138184,
            0.0002794502070173621,
            372.7516174316406
        ],
        [
            0.8171018362045288,
            -0.5764931440353394,
            -0.00034526779199950397,
            -4.591066360473633
        ],
        [
            0.0004432201385498047,
            2.929477886937093e-05,
            0.9999998807907104,
            0.03707507997751236
        ],
        [
            0.0,
            0.0,
            0.0,
            1.0
        ]
    ]
}