{
    "x": 3.462451784104528,
    "y": 371.85940602441565,
    "theta": 3.797832727432251,
    "speed": 3.116284015235307,
    "target_speed": 3.0,
    "x_command": -4.278562708601281,
    "y_command": 363.5325322337694,
    "command": 2,
    "waypoints": [
        [
            2.2589118480682373,
            370.8652648925781,
            3.8222337776123205
        ],
        [
            1.0898531675338745,
            369.8236083984375,
            3.8573595408099206
        ],
        [
            -0.036931928247213364,
            368.7314453125,
            3.8976571628444545
        ],
        [
            -1.1143444776535034,
            367.5877685546875,
            3.941668563019104
        ],
        [
            -2.1341869831085205,
            366.39202880859375,
            3.989350864440319
        ],
        [
            -3.099926471710205,
            365.1521911621094,
            4.034766283141658
        ],
        [
            -4.00789737701416,
            363.8694152832031,
            4.080225377684874
        ],
        [
            -4.860306262969971,
            362.5490417480469,
            4.123678845611153
        ]
    ],
    "steer": 0.06,
    "throttle": 0.04860873074068808,
    "brake": false,
    "junction": true,
    "vehicle_hazard": [
        false,
        false,
        false,
        false,
        false,
        false,
        false,
        false,
        false,
        false,
        false,
        false,
        false,
        false,
        false,
        false,
        false,
        false,
        false,
        false,
        false,
        false,
        false,
        false,
        false,
        false,
        false,
        false,
        false,
        false,
        false,
        false,
        false,
        false,
        false,
        false,
        false,
        false,
        false,
        false,
        false,
        false,
        false,
        false,
        false,
        false,
        false,
        false,
        false,
        false,
        false,
        false,
        false,
        false,
        false,
        false,
        false,
        false,
        false,
        false,
        false,
        false,
        false,
        false,
        false,
        false,
        false,
        false,
        false,
        false,
        false,
        false,
        false,
        false,
        false,
        false,
        false,
        false,
        false,
        false
    ],
    "light_hazard": false,
    "walker_hazard": [
        false,
        false,
        false,
        false,
        false,
        false,
        false,
        false,
        false,
        false,
        false,
        false,
        false,
        false,
        false,
        false,
        false,
        false,
        false,
        false,
        false,
        false,
        false,
        false,
        false,
        false,
        false,
        false,
        false,
        false,
        false,
        false,
        false,
        false,
        false,
        false,
        false,
        false,
        false,
        false,
        false,
        false,
        false,
        false,
        false,
        false,
        false,
        false,
        false,
        false,
        false,
        false,
        false,
        false,
        false,
        false,
        false,
        false,
        false,
        false,
        false,
        false,
        false,
        false,
        false,
        false,
        false,
        false,
        false,
        false,
        false,
        false,
        false,
        false,
        false,
        false,
        false,
        false,
        false,
        false
    ],
    "stop_sign_hazard": false,
    "angle": 0.04603551430855166,
    "ego_matrix": [
        [
            -0.6070922017097473,
            -0.7946312427520752,
            0.0004560404922813177,
            371.8594055175781
        ],
        [
            0.7946310043334961,
            -0.6070923805236816,
            -0.0006597117753699422,
            -3.4622926712036133
        ],
        [
            0.0008010863093659282,
            -3.81219397240784e-05,
            0.9999997019767761,
            0.037474095821380615
        ],
        [
            0.0,
            0.0,
            0.0,
            1.0
        ]
    ]
}