{
    "x": 2.3349170797311327,
    "y": 370.8980107594334,
    "theta": 3.835707664489746,
    "speed": 2.749464935314144,
    "target_speed": 3.0,
    "x_command": -4.278562708601281,
    "y_command": 363.5325322337694,
    "command": 2,
    "waypoints": [
        [
            1.273555874824524,
            369.9531555175781,
            3.857907619362259
        ],
        [
            0.19952590763568878,
            368.9290466308594,
            3.8904242836399083
        ],
        [
            -0.8432813286781311,
            367.8509521484375,
            3.9287754012337035
        ],
        [
            -1.8390799760818481,
            366.7225036621094,
            3.9726017117125925
        ],
        [
            -2.788142681121826,
            365.5503234863281,
            4.0153073640047765
        ],
        [
            -3.6835081577301025,
            364.335693359375,
            4.059834352166465
        ],
        [
            -4.525855541229248,
            363.0836181640625,
            4.103275036919511
        ],
        [
            -5.315700054168701,
            361.7977294921875,
            4.145125015553452
        ]
    ],
    "steer": 0.06,
    "throttle": 0.75,
    "brake": false,
    "junction": true,
    "vehicle_hazard": [
        false,
        false,
        false,
        false,
        false,
        false,
        false,
        false,
        false,
        false,
        false,
        false,
        false,
        false,
        false,
        false,
        false,
        false,
        false,
        false,
        false,
        false,
        false,
        false,
        false,
        false,
        false,
        false,
        false,
        false,
        false,
        false,
        false,
        false,
        false,
        false,
        false,
        false,
        false,
        false,
        false,
        false,
        false,
        false,
        false,
        false,
        false,
        false,
        false,
        false,
        false,
        false,
        false,
        false,
        false,
        false,
        false,
        false,
        false,
        false,
        false,
        false,
        false,
        false,
        false,
        false,
        false,
        false,
        false,
        false,
        false,
        false,
        false,
        false,
        false,
        false,
        false,
        false,
        false,
        false
    ],
    "light_hazard": false,
    "walker_hazard": [
        false,
        false,
        false,
        false,
        false,
        false,
        false,
        false,
        false,
        false,
        false,
        false,
        false,
        false,
        false,
        false,
        false,
        false,
        false,
        false,
        false,
        false,
        false,
        false,
        false,
        false,
        false,
        false,
        false,
        false,
        false,
        false,
        false,
        false,
        false,
        false,
        false,
        false,
        false,
        false,
        false,
        false,
        false,
        false,
        false,
        false,
        false,
        false,
        false,
        false,
        false,
        false,
        false,
        false,
        false,
        false,
        false,
        false,
        false,
        false,
        false,
        false,
        false,
        false,
        false,
        false,
        false,
        false,
        false,
        false,
        false,
        false,
        false,
        false,
        false,
        false,
        false,
        false,
        false,
        false
    ],
    "stop_sign_hazard": false,
    "angle": 0.04541666407449136,
    "ego_matrix": [
        [
            -0.637080729007721,
            -0.7707970142364502,
            -0.0002917064120993018,
            370.89801025390625
        ],
        [
            0.770797073841095,
            -0.6370806694030762,
            -0.00012433560914359987,
            -2.3348097801208496
        ],
        [
            -9.000301361083984e-05,
            -0.0003040582814719528,
            0.9999999403953552,
            0.038244131952524185
        ],
        [
            0.0,
            0.0,
            0.0,
            1.0
        ]
    ]
}