{
    "x": 1.2263719742785524,
    "y": 369.877228287339,
    "theta": 3.874657392501831,
    "speed": 2.974944292378067,
    "target_speed": 3.0,
    "x_command": -4.278562708601281,
    "y_command": 363.5325322337694,
    "command": 2,
    "waypoints": [
        [
            0.1514582335948944,
            368.8386535644531,
            3.899071035067178
        ],
        [
            -0.8907251954078674,
            367.7574462890625,
            3.9325919773918963
        ],
        [
            -1.887943148612976,
            366.63092041015625,
            3.972689063396347
        ],
        [
            -2.838683843612671,
            365.463134765625,
            4.0135315681899115
        ],
        [
            -3.7356815338134766,
            364.2533874511719,
            4.05742791980547
        ],
        [
            -4.577845096588135,
            363.0048522949219,
            4.10165903077005
        ],
        [
            -5.364995956420898,
            361.72088623046875,
            4.1451796103557985
        ],
        [
            -6.099119186401367,
            360.4058532714844,
            4.186778719215054
        ]
    ],
    "steer": 0.074,
    "throttle": 0.18964310092762757,
    "brake": false,
    "junction": true,
    "vehicle_hazard": [
        false,
        false,
        false,
        false,
        false,
        false,
        false,
        false,
        false,
        false,
        false,
        false,
        false,
        false,
        false,
        false,
        false,
        false,
        false,
        false,
        false,
        false,
        false,
        false,
        false,
        false,
        false,
        false,
        false,
        false,
        false,
        false,
        false,
        false,
        false,
        false,
        false,
        false,
        false,
        false,
        false,
        false,
        false,
        false,
        false,
        false,
        false,
        false,
        false,
        false,
        false,
        false,
        false,
        false,
        false,
        false,
        false,
        false,
        false,
        false,
        false,
        false,
        false,
        false,
        false,
        false,
        false,
        false,
        false,
        false,
        false,
        false,
        false,
        false,
        false,
        false,
        false,
        false,
        false,
        false
    ],
    "light_hazard": false,
    "walker_hazard": [
        false,
        false,
        false,
        false,
        false,
        false,
        false,
        false,
        false,
        false,
        false,
        false,
        false,
        false,
        false,
        false,
        false,
        false,
        false,
        false,
        false,
        false,
        false,
        false,
        false,
        false,
        false,
        false,
        false,
        false,
        false,
        false,
        false,
        false,
        false,
        false,
        false,
        false,
        false,
        false,
        false,
        false,
        false,
        false,
        false,
        false,
        false,
        false,
        false,
        false,
        false,
        false,
        false,
        false,
        false,
        false,
        false,
        false,
        false,
        false,
        false,
        false,
        false,
        false,
        false,
        false,
        false,
        false,
        false,
        false,
        false,
        false,
        false,
        false,
        false,
        false,
        false,
        false,
        false,
        false
    ],
    "stop_sign_hazard": false,
    "angle": 0.051039928960054874,
    "ego_matrix": [
        [
            -0.6664575934410095,
            -0.7455428242683411,
            0.00034985257661901414,
            369.8772277832031
        ],
        [
            0.7455428242683411,
            -0.6664577126502991,
            -0.0001843753270804882,
            -1.2263156175613403
        ],
        [
            0.00037062165210954845,
            0.00013795173435937613,
            0.9999999403953552,
            0.038867149502038956
        ],
        [
            0.0,
            0.0,
            0.0,
            1.0
        ]
    ]
}