{
    "x": 0.19949536479191998,
    "y": 368.8529362937554,
    "theta": 3.9131827354431152,
    "speed": 3.1476152085813793,
    "target_speed": 3.0,
    "x_command": -10.562135650180986,
    "y_command": 344.95169114399096,
    "command": 4,
    "waypoints": [
        [
            -0.8906049728393555,
            367.71405029296875,
            3.938902337594839
        ],
        [
            -1.9367403984069824,
            366.5282897949219,
            3.9768332083686193
        ],
        [
            -2.9370181560516357,
            365.2993469238281,
            4.016250123030664
        ],
        [
            -3.880697011947632,
            364.024169921875,
            4.060288687448432
        ],
        [
            -4.762874126434326,
            362.7054138183594,
            4.10684260751578
        ],
        [
            -5.582820892333984,
            361.34710693359375,
            4.1533081106349385
        ],
        [
            -6.341035842895508,
            359.953369140625,
            4.198585577591811
        ],
        [
            -7.037492752075195,
            358.52777099609375,
            4.24258659143821
        ]
    ],
    "steer": 0.073,
    "throttle": 0.04883661259352514,
    "brake": false,
    "junction": true,
    "vehicle_hazard": [
        false,
        false,
        false,
        false,
        false,
        false,
        false,
        false,
        false,
        false,
        false,
        false,
        false,
        false,
        false,
        false,
        false,
        false,
        false,
        false,
        false,
        false,
        false,
        false,
        false,
        false,
        false,
        false,
        false,
        false,
        false,
        false,
        false,
        false,
        false,
        false,
        false,
        false,
        false,
        false,
        false,
        false,
        false,
        false,
        false,
        false,
        false,
        false,
        false,
        false,
        false,
        false,
        false,
        false,
        false,
        false,
        false,
        false,
        false,
        false,
        false,
        false,
        false,
        false,
        false,
        false,
        false,
        false,
        false,
        false,
        false,
        false,
        false,
        false,
        false,
        false,
        false,
        false,
        false,
        false
    ],
    "light_hazard": false,
    "walker_hazard": [
        false,
        false,
        false,
        false,
        false,
        false,
        false,
        false,
        false,
        false,
        false,
        false,
        false,
        false,
        false,
        false,
        false,
        false,
        false,
        false,
        false,
        false,
        false,
        false,
        false,
        false,
        false,
        false,
        false,
        false,
        false,
        false,
        false,
        false,
        false,
        false,
        false,
        false,
        false,
        false,
        false,
        false,
        false,
        false,
        false,
        false,
        false,
        false,
        false,
        false,
        false,
        false,
        false,
        false,
        false,
        false,
        false,
        false,
        false,
        false,
        false,
        false,
        false,
        false,
        false,
        false,
        false,
        false,
        false,
        false,
        false,
        false,
        false,
        false,
        false,
        false,
        false,
        false,
        false,
        false
    ],
    "stop_sign_hazard": false,
    "angle": 0.05076029913021992,
    "ego_matrix": [
        [
            -0.6945371031761169,
            -0.7194567322731018,
            0.0004945462569594383,
            368.8529357910156
        ],
        [
            0.7194560766220093,
            -0.6945371627807617,
            -0.001032547326758504,
            -0.19948619604110718
        ],
        [
            0.001086353906430304,
            -0.00036133811227045953,
            0.9999993443489075,
            0.03917301073670387
        ],
        [
            0.0,
            0.0,
            0.0,
            1.0
        ]
    ]
}