{
    "x": -0.7992431041338045,
    "y": 367.77789356768074,
    "theta": 3.9520347118377686,
    "speed": 2.7914317506397235,
    "target_speed": 3.0,
    "x_command": -10.562135650180986,
    "y_command": 344.95169114399096,
    "command": 4,
    "waypoints": [
        [
            -1.7513859272003174,
            366.69915771484375,
            3.977166369820988
        ],
        [
            -2.7012484073638916,
            365.5523376464844,
            4.008551723267572
        ],
        [
            -3.6116995811462402,
            364.3591613769531,
            4.046219740041762
        ],
        [
            -4.472618103027344,
            363.12445068359375,
            4.087588485466726
        ],
        [
            -5.278656482696533,
            361.85015869140625,
            4.131412132784524
        ],
        [
            -6.0278520584106445,
            360.541015625,
            4.175460018266108
        ],
        [
            -6.719047546386719,
            359.2003173828125,
            4.219174209663105
        ],
        [
            -7.35376501083374,
            357.8319396972656,
            4.261423928776667
        ]
    ],
    "steer": 0.069,
    "throttle": 0.75,
    "brake": false,
    "junction": true,
    "vehicle_hazard": [
        false,
        false,
        false,
        false,
        false,
        false,
        false,
        false,
        false,
        false,
        false,
        false,
        false,
        false,
        false,
        false,
        false,
        false,
        false,
        false,
        false,
        false,
        false,
        false,
        false,
        false,
        false,
        false,
        false,
        false,
        false,
        false,
        false,
        false,
        false,
        false,
        false,
        false,
        false,
        false,
        false,
        false,
        false,
        false,
        false,
        false,
        false,
        false,
        false,
        false,
        false,
        false,
        false,
        false,
        false,
        false,
        false,
        false,
        false,
        false,
        false,
        false,
        false,
        false,
        false,
        false,
        false,
        false,
        false,
        false,
        false,
        false,
        false,
        false,
        false,
        false,
        false,
        false,
        false,
        false
    ],
    "light_hazard": false,
    "walker_hazard": [
        false,
        false,
        false,
        false,
        false,
        false,
        false,
        false,
        false,
        false,
        false,
        false,
        false,
        false,
        false,
        false,
        false,
        false,
        false,
        false,
        false,
        false,
        false,
        false,
        false,
        false,
        false,
        false,
        false,
        false,
        false,
        false,
        false,
        false,
        false,
        false,
        false,
        false,
        false,
        false,
        false,
        false,
        false,
        false,
        false,
        false,
        false,
        false,
        false,
        false,
        false,
        false,
        false,
        false,
        false,
        false,
        false,
        false,
        false,
        false,
        false,
        false,
        false,
        false,
        false,
        false,
        false,
        false,
        false,
        false,
        false,
        false,
        false,
        false,
        false,
        false,
        false,
        false,
        false,
        false
    ],
    "stop_sign_hazard": false,
    "angle": 0.051050805409161765,
    "ego_matrix": [
        [
            -0.7217519283294678,
            -0.6921514272689819,
            0.0007048386032693088,
            367.77789306640625
        ],
        [
            0.6921514868736267,
            -0.7217521667480469,
            -0.00024052895605564117,
            0.7992063760757446
        ],
        [
            0.0006752012996003032,
            0.00031425285851582885,
            0.9999997019767761,
            0.04081825166940689
        ],
        [
            0.0,
            0.0,
            0.0,
            1.0
        ]
    ]
}