{
    "x": -1.7820267620696206,
    "y": 366.6234441032166,
    "theta": 3.995068311691284,
    "speed": 2.917564415887135,
    "target_speed": 3.0,
    "x_command": -10.562135650180986,
    "y_command": 344.95169114399096,
    "command": 4,
    "waypoints": [
        [
            -2.71905255317688,
            365.4793395996094,
            4.016450126428529
        ],
        [
            -3.6264843940734863,
            364.2878723144531,
            4.049092758225739
        ],
        [
            -4.4884934425354,
            363.05804443359375,
            4.0867434644528435
        ],
        [
            -5.29810094833374,
            361.7909851074219,
            4.127901021203364
        ],
        [
            -6.049853324890137,
            360.48797607421875,
            4.171914285590777
        ],
        [
            -6.742845058441162,
            359.15264892578125,
            4.216223427175297
        ],
        [
            -7.376589775085449,
            357.7882080078125,
            4.260031894474883
        ],
        [
            -7.95236349105835,
            356.3982849121094,
            4.302713578317255
        ]
    ],
    "steer": 0.065,
    "throttle": 0.5237008818482466,
    "brake": false,
    "junction": true,
    "vehicle_hazard": [
        false,
        false,
        false,
        false,
        false,
        false,
        false,
        false,
        false,
        false,
        false,
        false,
        false,
        false,
        false,
        false,
        false,
        false,
        false,
        false,
        false,
        false,
        false,
        false,
        false,
        false,
        false,
        false,
        false,
        false,
        false,
        false,
        false,
        false,
        false,
        false,
        false,
        false,
        false,
        false,
        false,
        false,
        false,
        false,
        false,
        false,
        false,
        false,
        false,
        false,
        false,
        false,
        false,
        false,
        false,
        false,
        false,
        false,
        false,
        false,
        false,
        false,
        false,
        false,
        false,
        false,
        false,
        false,
        false,
        false,
        false,
        false,
        false,
        false,
        false,
        false,
        false,
        false,
        false,
        false
    ],
    "light_hazard": false,
    "walker_hazard": [
        false,
        false,
        false,
        false,
        false,
        false,
        false,
        false,
        false,
        false,
        false,
        false,
        false,
        false,
        false,
        false,
        false,
        false,
        false,
        false,
        false,
        false,
        false,
        false,
        false,
        false,
        false,
        false,
        false,
        false,
        false,
        false,
        false,
        false,
        false,
        false,
        false,
        false,
        false,
        false,
        false,
        false,
        false,
        false,
        false,
        false,
        false,
        false,
        false,
        false,
        false,
        false,
        false,
        false,
        false,
        false,
        false,
        false,
        false,
        false,
        false,
        false,
        false,
        false,
        false,
        false,
        false,
        false,
        false,
        false,
        false,
        false,
        false,
        false,
        false,
        false,
        false,
        false,
        false,
        false
    ],
    "stop_sign_hazard": false,
    "angle": 0.049313665573696326,
    "ego_matrix": [
        [
            -0.7509747743606567,
            -0.6603305339813232,
            0.0006053143879398704,
            366.6234436035156
        ],
        [
            0.6603299379348755,
            -0.7509749531745911,
            -0.0009518859442323446,
            1.7819448709487915
        ],
        [
            0.0010831353720277548,
            -0.0003151351702399552,
            0.9999993443489075,
            0.04234493151307106
        ],
        [
            0.0,
            0.0,
            0.0,
            1.0
        ]
    ]
}