{
    "x": -2.683797667258119,
    "y": 365.48690845713634,
    "theta": 4.030491828918457,
    "speed": 3.142174215587989,
    "target_speed": 3.0,
    "x_command": -10.562135650180986,
    "y_command": 344.95169114399096,
    "command": 4,
    "waypoints": [
        [
            -3.6328868865966797,
            364.231689453125,
            4.055227083480628
        ],
        [
            -4.537596702575684,
            362.9381408691406,
            4.090332074021726
        ],
        [
            -5.388557434082031,
            361.604736328125,
            4.130645408706691
        ],
        [
            -6.177838325500488,
            360.2317810058594,
            4.175399031877145
        ],
        [
            -6.900984764099121,
            358.8226623535156,
            4.222267204953123
        ],
        [
            -7.5562310218811035,
            357.3807067871094,
            4.26948691529299
        ],
        [
            -8.145201683044434,
            355.9104309082031,
            4.315300742893406
        ],
        [
            -8.669575691223145,
            354.4158630371094,
            4.359488976964437
        ]
    ],
    "steer": 0.066,
    "throttle": 0.04814287472981078,
    "brake": false,
    "junction": true,
    "vehicle_hazard": [
        false,
        false,
        false,
        false,
        false,
        false,
        false,
        false,
        false,
        false,
        false,
        false,
        false,
        false,
        false,
        false,
        false,
        false,
        false,
        false,
        false,
        false,
        false,
        false,
        false,
        false,
        false,
        false,
        false,
        false,
        false,
        false,
        false,
        false,
        false,
        false,
        false,
        false,
        false,
        false,
        false,
        false,
        false,
        false,
        false,
        false,
        false,
        false,
        false,
        false,
        false,
        false,
        false,
        false,
        false,
        false,
        false,
        false,
        false,
        false,
        false,
        false,
        false,
        false,
        false,
        false,
        false,
        false,
        false,
        false,
        false,
        false,
        false,
        false,
        false,
        false,
        false,
        false,
        false,
        false
    ],
    "light_hazard": false,
    "walker_hazard": [
        false,
        false,
        false,
        false,
        false,
        false,
        false,
        false,
        false,
        false,
        false,
        false,
        false,
        false,
        false,
        false,
        false,
        false,
        false,
        false,
        false,
        false,
        false,
        false,
        false,
        false,
        false,
        false,
        false,
        false,
        false,
        false,
        false,
        false,
        false,
        false,
        false,
        false,
        false,
        false,
        false,
        false,
        false,
        false,
        false,
        false,
        false,
        false,
        false,
        false,
        false,
        false,
        false,
        false,
        false,
        false,
        false,
        false,
        false,
        false,
        false,
        false,
        false,
        false,
        false,
        false,
        false,
        false,
        false,
        false,
        false,
        false,
        false,
        false,
        false,
        false,
        false,
        false,
        false,
        false
    ],
    "stop_sign_hazard": false,
    "angle": 0.048298551366234524,
    "ego_matrix": [
        [
            -0.773714542388916,
            -0.6335286498069763,
            0.0026832795701920986,
            365.4869079589844
        ],
        [
            0.6335275769233704,
            -0.7737188935279846,
            -0.0013565605040639639,
            2.6836743354797363
        ],
        [
            0.002935524331405759,
            0.0006503410986624658,
            0.9999954700469971,
            0.04527255892753601
        ],
        [
            0.0,
            0.0,
            0.0,
            1.0
        ]
    ]
}