{
    "x": -3.5435130589201274,
    "y": 364.3114628988936,
    "theta": 4.068517684936523,
    "speed": 2.860601352502919,
    "target_speed": 3.0,
    "x_command": -10.562135650180986,
    "y_command": 344.95169114399096,
    "command": 4,
    "waypoints": [
        [
            -4.3818745613098145,
            363.1131591796875,
            4.09118188872557
        ],
        [
            -5.196045398712158,
            361.85968017578125,
            4.123928916437511
        ],
        [
            -5.963339805603027,
            360.56817626953125,
            4.161839547187007
        ],
        [
            -6.675434589385986,
            359.2414245605469,
            4.203724413231228
        ],
        [
            -7.327467918395996,
            357.8822326660156,
            4.247915576779459
        ],
        [
            -7.917148113250732,
            356.4945068359375,
            4.292783449560677
        ],
        [
            -8.445292472839355,
            355.08221435546875,
            4.337066492166514
        ],
        [
            -8.914793968200684,
            353.64935302734375,
            4.379174264793976
        ]
    ],
    "steer": 0.065,
    "throttle": 0.6812917143157096,
    "brake": false,
    "junction": true,
    "vehicle_hazard": [
        false,
        false,
        false,
        false,
        false,
        false,
        false,
        false,
        false,
        false,
        false,
        false,
        false,
        false,
        false,
        false,
        false,
        false,
        false,
        false,
        false,
        false,
        false,
        false,
        false,
        false,
        false,
        false,
        false,
        false,
        false,
        false,
        false,
        false,
        false,
        false,
        false,
        false,
        false,
        false,
        false,
        false,
        false,
        false,
        false,
        false,
        false,
        false,
        false,
        false,
        false,
        false,
        false,
        false,
        false,
        false,
        false,
        false,
        false,
        false,
        false,
        false,
        false,
        false,
        false,
        false,
        false,
        false,
        false,
        false,
        false,
        false,
        false,
        false,
        false,
        false,
        false,
        false,
        false,
        false
    ],
    "light_hazard": false,
    "walker_hazard": [
        false,
        false,
        false,
        false,
        false,
        false,
        false,
        false,
        false,
        false,
        false,
        false,
        false,
        false,
        false,
        false,
        false,
        false,
        false,
        false,
        false,
        false,
        false,
        false,
        false,
        false,
        false,
        false,
        false,
        false,
        false,
        false,
        false,
        false,
        false,
        false,
        false,
        false,
        false,
        false,
        false,
        false,
        false,
        false,
        false,
        false,
        false,
        false,
        false,
        false,
        false,
        false,
        false,
        false,
        false,
        false,
        false,
        false,
        false,
        false,
        false,
        false,
        false,
        false,
        false,
        false,
        false,
        false,
        false,
        false,
        false,
        false,
        false,
        false,
        false,
        false,
        false,
        false,
        false,
        false
    ],
    "stop_sign_hazard": false,
    "angle": 0.048237841267045736,
    "ego_matrix": [
        [
            -0.797400712966919,
            -0.6034301519393921,
            0.004911446012556553,
            364.31146240234375
        ],
        [
            0.6034119129180908,
            -0.7974154353141785,
            -0.004765148274600506,
            3.5433502197265625
        ],
        [
            0.006791896652430296,
            -0.0008361073560081422,
            0.9999765753746033,
            0.05377483367919922
        ],
        [
            0.0,
            0.0,
            0.0,
            1.0
        ]
    ]
}