{
    "x": -4.391267872282962,
    "y": 363.0562138737452,
    "theta": 4.107454299926758,
    "speed": 2.857955853495829,
    "target_speed": 4.0,
    "x_command": -10.562135650180986,
    "y_command": 344.95169114399096,
    "command": 4,
    "waypoints": [
        [
            -5.1888298988342285,
            361.8138427734375,
            4.130818247861438
        ],
        [
            -5.9952592849731445,
            360.4527893066406,
            4.165953598438961
        ],
        [
            -6.790534019470215,
            358.96429443359375,
            4.209557801282938
        ],
        [
            -7.55438232421875,
            357.3419189453125,
            4.260401008601967
        ],
        [
            -8.267958641052246,
            355.5823059082031,
            4.316227256636644
        ],
        [
            -8.905733108520508,
            353.7086181640625,
            4.374579246649153
        ],
        [
            -9.44379997253418,
            351.77960205078125,
            4.431174615606645
        ],
        [
            -9.87625503540039,
            349.82806396484375,
            4.485296440543671
        ]
    ],
    "steer": 0.064,
    "throttle": 0.75,
    "brake": false,
    "junction": false,
    "vehicle_hazard": [
        false,
        false,
        false,
        false,
        false,
        false,
        false,
        false,
        false,
        false,
        false,
        false,
        false,
        false,
        false,
        false,
        false,
        false,
        false,
        false,
        false,
        false,
        false,
        false,
        false,
        false,
        false,
        false,
        false,
        false,
        false,
        false,
        false,
        false,
        false,
        false,
        false,
        false,
        false,
        false,
        false,
        false,
        false,
        false,
        false,
        false,
        false,
        false,
        false,
        false,
        false,
        false,
        false,
        false,
        false,
        false,
        false,
        false,
        false,
        false,
        false,
        false,
        false,
        false,
        false,
        false,
        false,
        false,
        false,
        false,
        false,
        false,
        false,
        false,
        false,
        false,
        false,
        false,
        false,
        false
    ],
    "light_hazard": false,
    "walker_hazard": [
        false,
        false,
        false,
        false,
        false,
        false,
        false,
        false,
        false,
        false,
        false,
        false,
        false,
        false,
        false,
        false,
        false,
        false,
        false,
        false,
        false,
        false,
        false,
        false,
        false,
        false,
        false,
        false,
        false,
        false,
        false,
        false,
        false,
        false,
        false,
        false,
        false,
        false,
        false,
        false,
        false,
        false,
        false,
        false,
        false,
        false,
        false,
        false,
        false,
        false,
        false,
        false,
        false,
        false,
        false,
        false,
        false,
        false,
        false,
        false,
        false,
        false,
        false,
        false,
        false,
        false,
        false,
        false,
        false,
        false,
        false,
        false,
        false,
        false,
        false,
        false,
        false,
        false,
        false,
        false
    ],
    "stop_sign_hazard": false,
    "angle": 0.0416625297159765,
    "ego_matrix": [
        [
            -0.8202749490737915,
            -0.5719066858291626,
            0.008466798812150955,
            363.05621337890625
        ],
        [
            0.5718691349029541,
            -0.8203184604644775,
            -0.006581224035471678,
            4.391066074371338
        ],
        [
            0.010709318332374096,
            -0.0005565125029534101,
            0.9999424815177917,
            0.06548358500003815
        ],
        [
            0.0,
            0.0,
            0.0,
            1.0
        ]
    ]
}