{
    "x": -91.99119637339325,
    "y": 509.73776314593505,
    "theta": 0.4098244309425354,
    "speed": 8.538786026522276e-17,
    "target_speed": 4.0,
    "x_command": -65.38582488223209,
    "y_command": 522.7938849899023,
    "command": 4,
    "waypoints": [
        [
            -91.94353485107422,
            509.757080078125,
            0.4101076331123541
        ],
        [
            -91.80367279052734,
            509.81951904296875,
            0.4111257595970914
        ],
        [
            -91.56763458251953,
            509.9256591796875,
            0.41305335559409073
        ],
        [
            -91.23571014404297,
            510.0761413574219,
            0.41596059539807584
        ],
        [
            -90.80817413330078,
            510.27154541015625,
            0.41962284137109807
        ],
        [
            -90.28527069091797,
            510.51239013671875,
            0.42373915630997927
        ],
        [
            -89.66725158691406,
            510.79925537109375,
            0.42798743088087354
        ],
        [
            -88.954345703125,
            511.1325378417969,
            0.4321081400355531
        ]
    ],
    "steer": 0.021,
    "throttle": 0.75,
    "brake": false,
    "junction": false,
    "vehicle_hazard": [
        false,
        false,
        false,
        false,
        false,
        false,
        false,
        false,
        false,
        false,
        false,
        false,
        false,
        false,
        false,
        false,
        false,
        false,
        false,
        false,
        false,
        false,
        false,
        false,
        false,
        false,
        false,
        false,
        false,
        false,
        false,
        false,
        false,
        false,
        false,
        false,
        false,
        false,
        false,
        false,
        false,
        false,
        false,
        false,
        false,
        false,
        false,
        false,
        false,
        false,
        false,
        false,
        false,
        false,
        false,
        false,
        false,
        false,
        false,
        false,
        false,
        false,
        false,
        false,
        false,
        false,
        false,
        false,
        false,
        false,
        false,
        false,
        false,
        false,
        false,
        false,
        false,
        false,
        false,
        false
    ],
    "light_hazard": false,
    "walker_hazard": [
        false,
        false,
        false,
        false,
        false,
        false,
        false,
        false,
        false,
        false,
        false,
        false,
        false,
        false,
        false,
        false,
        false,
        false,
        false,
        false,
        false,
        false,
        false,
        false,
        false,
        false,
        false,
        false,
        false,
        false,
        false,
        false,
        false,
        false,
        false,
        false,
        false,
        false,
        false,
        false,
        false,
        false,
        false,
        false,
        false,
        false,
        false,
        false,
        false,
        false,
        false,
        false,
        false,
        false,
        false,
        false,
        false,
        false,
        false,
        false,
        false,
        false,
        false,
        false,
        false,
        false,
        false,
        false,
        false,
        false,
        false,
        false,
        false,
        false,
        false,
        false,
        false,
        false,
        false,
        false
    ],
    "stop_sign_hazard": false,
    "angle": 0.006741885027509437,
    "ego_matrix": [
        [
            0.3984478712081909,
            0.9171909689903259,
            0.0,
            509.7377624511719
        ],
        [
            -0.9171909689903259,
            0.3984478712081909,
            0.0,
            91.98696899414062
        ],
        [
            0.0,
            -0.0,
            1.0,
            0.07749023288488388
        ],
        [
            0.0,
            0.0,
            0.0,
            1.0
        ]
    ]
}