{
    "x": -91.99119637339325,
    "y": 509.73776314593505,
    "theta": 0.40982383489608765,
    "speed": 1.2782993275965667e-05,
    "target_speed": 4.0,
    "x_command": -65.38582488223209,
    "y_command": 522.7938849899023,
    "command": 4,
    "waypoints": [
        [
            -91.94355010986328,
            509.75714111328125,
            0.4101457163159421
        ],
        [
            -91.80375671386719,
            509.8197326660156,
            0.4112790245178255
        ],
        [
            -91.56784057617188,
            509.9261779785156,
            0.41338451967564205
        ],
        [
            -91.23601531982422,
            510.0768737792969,
            0.41636606167404033
        ],
        [
            -90.8084945678711,
            510.2723388671875,
            0.41994907860463293
        ],
        [
            -90.28559875488281,
            510.5132141113281,
            0.423969519744271
        ],
        [
            -89.66758728027344,
            510.8000793457031,
            0.4281413615918801
        ],
        [
            -88.95464324951172,
            511.1333312988281,
            0.43215301429992103
        ]
    ],
    "steer": 0.022,
    "throttle": 0.75,
    "brake": false,
    "junction": false,
    "vehicle_hazard": [
        false,
        false,
        false,
        false,
        false,
        false,
        false,
        false,
        false,
        false,
        false,
        false,
        false,
        false,
        false,
        false,
        false,
        false,
        false,
        false,
        false,
        false,
        false,
        false,
        false,
        false,
        false,
        false,
        false,
        false,
        false,
        false,
        false,
        false,
        false,
        false,
        false,
        false,
        false,
        false,
        false,
        false,
        false,
        false,
        false,
        false,
        false,
        false,
        false,
        false,
        false,
        false,
        false,
        false,
        false,
        false,
        false,
        false,
        false,
        false,
        false,
        false,
        false,
        false,
        false,
        false,
        false,
        false,
        false,
        false,
        false,
        false,
        false,
        false,
        false,
        false,
        false,
        false,
        false,
        false
    ],
    "light_hazard": false,
    "walker_hazard": [
        false,
        false,
        false,
        false,
        false,
        false,
        false,
        false,
        false,
        false,
        false,
        false,
        false,
        false,
        false,
        false,
        false,
        false,
        false,
        false,
        false,
        false,
        false,
        false,
        false,
        false,
        false,
        false,
        false,
        false,
        false,
        false,
        false,
        false,
        false,
        false,
        false,
        false,
        false,
        false,
        false,
        false,
        false,
        false,
        false,
        false,
        false,
        false,
        false,
        false,
        false,
        false,
        false,
        false,
        false,
        false,
        false,
        false,
        false,
        false,
        false,
        false,
        false,
        false,
        false,
        false,
        false,
        false,
        false,
        false,
        false,
        false,
        false,
        false,
        false,
        false,
        false,
        false,
        false,
        false
    ],
    "stop_sign_hazard": false,
    "angle": 0.00659351498366465,
    "ego_matrix": [
        [
            0.39844754338264465,
            0.9171911478042603,
            -2.8708258469123393e-05,
            509.7377624511719
        ],
        [
            -0.9171911478042603,
            0.39844754338264465,
            1.2613136277650483e-05,
            91.98696899414062
        ],
        [
            2.3007391064311378e-05,
            2.1305288100847974e-05,
            1.0,
            0.02276405319571495
        ],
        [
            0.0,
            0.0,
            0.0,
            1.0
        ]
    ]
}