{
    "x": -91.99119637339325,
    "y": 509.73776314593505,
    "theta": 0.40982383489608765,
    "speed": 3.0225165877865915e-07,
    "target_speed": 4.0,
    "x_command": -65.38582488223209,
    "y_command": 522.7938849899023,
    "command": 4,
    "waypoints": [
        [
            -91.9435806274414,
            509.7571716308594,
            0.41018326688731244
        ],
        [
            -91.80386352539062,
            509.8199462890625,
            0.4114309578580144
        ],
        [
            -91.56800842285156,
            509.926513671875,
            0.41360875783942674
        ],
        [
            -91.23621368408203,
            510.0772705078125,
            0.4165687282329953
        ],
        [
            -90.8087158203125,
            510.2727355957031,
            0.4201131293277818
        ],
        [
            -90.28583526611328,
            510.5136413574219,
            0.42408683199028907
        ],
        [
            -89.66780090332031,
            510.80047607421875,
            0.4281831732209944
        ],
        [
            -88.95484161376953,
            511.1336669921875,
            0.43215234850964857
        ]
    ],
    "steer": 0.025,
    "throttle": 0.75,
    "brake": false,
    "junction": false,
    "vehicle_hazard": [
        false,
        false,
        false,
        false,
        false,
        false,
        false,
        false,
        false,
        false,
        false,
        false,
        false,
        false,
        false,
        false,
        false,
        false,
        false,
        false,
        false,
        false,
        false,
        false,
        false,
        false,
        false,
        false,
        false,
        false,
        false,
        false,
        false,
        false,
        false,
        false,
        false,
        false,
        false,
        false,
        false,
        false,
        false,
        false,
        false,
        false,
        false,
        false,
        false,
        false,
        false,
        false,
        false,
        false,
        false,
        false,
        false,
        false,
        false,
        false,
        false,
        false,
        false,
        false,
        false,
        false,
        false,
        false,
        false,
        false,
        false,
        false,
        false,
        false,
        false,
        false,
        false,
        false,
        false,
        false
    ],
    "light_hazard": false,
    "walker_hazard": [
        false,
        false,
        false,
        false,
        false,
        false,
        false,
        false,
        false,
        false,
        false,
        false,
        false,
        false,
        false,
        false,
        false,
        false,
        false,
        false,
        false,
        false,
        false,
        false,
        false,
        false,
        false,
        false,
        false,
        false,
        false,
        false,
        false,
        false,
        false,
        false,
        false,
        false,
        false,
        false,
        false,
        false,
        false,
        false,
        false,
        false,
        false,
        false,
        false,
        false,
        false,
        false,
        false,
        false,
        false,
        false,
        false,
        false,
        false,
        false,
        false,
        false,
        false,
        false,
        false,
        false,
        false,
        false,
        false,
        false,
        false,
        false,
        false,
        false,
        false,
        false,
        false,
        false,
        false,
        false
    ],
    "stop_sign_hazard": false,
    "angle": 0.006539925606241682,
    "ego_matrix": [
        [
            0.39844754338264465,
            0.9171911478042603,
            -1.940563151947572e-06,
            509.7377624511719
        ],
        [
            -0.9171911478042603,
            0.39844754338264465,
            4.566988991427934e-07,
            91.98696899414062
        ],
        [
            1.1920927818209748e-06,
            1.5978966985130683e-06,
            1.0,
            0.03311198949813843
        ],
        [
            0.0,
            0.0,
            0.0,
            1.0
        ]
    ]
}