{
    "x": -91.99119637339325,
    "y": 509.73776314593505,
    "theta": 0.40982383489608765,
    "speed": 2.7349349120837268e-08,
    "target_speed": 4.0,
    "x_command": -65.38582488223209,
    "y_command": 522.7938849899023,
    "command": 4,
    "waypoints": [
        [
            -91.94359588623047,
            509.7572326660156,
            0.41021921956202845
        ],
        [
            -91.80391693115234,
            509.820068359375,
            0.4115085890037904
        ],
        [
            -91.56806945800781,
            509.9266357421875,
            0.41367879897609594
        ],
        [
            -91.23626708984375,
            510.0773620605469,
            0.4166179967131618
        ],
        [
            -90.80876159667969,
            510.2728271484375,
            0.42013603251315645
        ],
        [
            -90.28587341308594,
            510.51373291015625,
            0.4240924246285782
        ],
        [
            -89.6678466796875,
            510.800537109375,
            0.42818876585928356
        ],
        [
            -88.95488739013672,
            511.1337585449219,
            0.4321578079898831
        ]
    ],
    "steer": 0.028,
    "throttle": 0.75,
    "brake": false,
    "junction": false,
    "vehicle_hazard": [
        false,
        false,
        false,
        false,
        false,
        false,
        false,
        false,
        false,
        false,
        false,
        false,
        false,
        false,
        false,
        false,
        false,
        false,
        false,
        false,
        false,
        false,
        false,
        false,
        false,
        false,
        false,
        false,
        false,
        false,
        false,
        false,
        false,
        false,
        false,
        false,
        false,
        false,
        false,
        false,
        false,
        false,
        false,
        false,
        false,
        false,
        false,
        false,
        false,
        false,
        false,
        false,
        false,
        false,
        false,
        false,
        false,
        false,
        false,
        false,
        false,
        false,
        false,
        false,
        false,
        false,
        false,
        false,
        false,
        false,
        false,
        false,
        false,
        false,
        false,
        false,
        false,
        false,
        false,
        false
    ],
    "light_hazard": false,
    "walker_hazard": [
        false,
        false,
        false,
        false,
        false,
        false,
        false,
        false,
        false,
        false,
        false,
        false,
        false,
        false,
        false,
        false,
        false,
        false,
        false,
        false,
        false,
        false,
        false,
        false,
        false,
        false,
        false,
        false,
        false,
        false,
        false,
        false,
        false,
        false,
        false,
        false,
        false,
        false,
        false,
        false,
        false,
        false,
        false,
        false,
        false,
        false,
        false,
        false,
        false,
        false,
        false,
        false,
        false,
        false,
        false,
        false,
        false,
        false,
        false,
        false,
        false,
        false,
        false,
        false,
        false,
        false,
        false,
        false,
        false,
        false,
        false,
        false,
        false,
        false,
        false,
        false,
        false,
        false,
        false,
        false
    ],
    "stop_sign_hazard": false,
    "angle": 0.006521985442784697,
    "ego_matrix": [
        [
            0.39844754338264465,
            0.9171911478042603,
            -1.940563151947572e-06,
            509.7377624511719
        ],
        [
            -0.9171911478042603,
            0.39844754338264465,
            4.566988991427934e-07,
            91.98696899414062
        ],
        [
            1.1920927818209748e-06,
            1.5978966985130683e-06,
            1.0,
            0.03339839726686478
        ],
        [
            0.0,
            0.0,
            0.0,
            1.0
        ]
    ]
}