{
    "x": -91.99119637339325,
    "y": 509.73776314593505,
    "theta": 0.40982383489608765,
    "speed": 6.099567606950657e-09,
    "target_speed": 4.0,
    "x_command": -65.38582488223209,
    "y_command": 522.7938849899023,
    "command": 4,
    "waypoints": [
        [
            -91.94361114501953,
            509.7572326660156,
            0.4102328016835879
        ],
        [
            -91.80392456054688,
            509.820068359375,
            0.4115221711253496
        ],
        [
            -91.56807708740234,
            509.9266357421875,
            0.4136922479396008
        ],
        [
            -91.23628234863281,
            510.077392578125,
            0.41663157883472124
        ],
        [
            -90.80877685546875,
            510.2728576660156,
            0.4201494814766613
        ],
        [
            -90.28587341308594,
            510.51373291015625,
            0.42409069357386975
        ],
        [
            -89.6678466796875,
            510.8005676269531,
            0.4281870348045751
        ],
        [
            -88.95488739013672,
            511.1337585449219,
            0.43215607693517466
        ]
    ],
    "steer": 0.03,
    "throttle": 0.75,
    "brake": false,
    "junction": false,
    "vehicle_hazard": [
        false,
        false,
        false,
        false,
        false,
        false,
        false,
        false,
        false,
        false,
        false,
        false,
        false,
        false,
        false,
        false,
        false,
        false,
        false,
        false,
        false,
        false,
        false,
        false,
        false,
        false,
        false,
        false,
        false,
        false,
        false,
        false,
        false,
        false,
        false,
        false,
        false,
        false,
        false,
        false,
        false,
        false,
        false,
        false,
        false,
        false,
        false,
        false,
        false,
        false,
        false,
        false,
        false,
        false,
        false,
        false,
        false,
        false,
        false,
        false,
        false,
        false,
        false,
        false,
        false,
        false,
        false,
        false,
        false,
        false,
        false,
        false,
        false,
        false,
        false,
        false,
        false,
        false,
        false,
        false
    ],
    "light_hazard": false,
    "walker_hazard": [
        false,
        false,
        false,
        false,
        false,
        false,
        false,
        false,
        false,
        false,
        false,
        false,
        false,
        false,
        false,
        false,
        false,
        false,
        false,
        false,
        false,
        false,
        false,
        false,
        false,
        false,
        false,
        false,
        false,
        false,
        false,
        false,
        false,
        false,
        false,
        false,
        false,
        false,
        false,
        false,
        false,
        false,
        false,
        false,
        false,
        false,
        false,
        false,
        false,
        false,
        false,
        false,
        false,
        false,
        false,
        false,
        false,
        false,
        false,
        false,
        false,
        false,
        false,
        false,
        false,
        false,
        false,
        false,
        false,
        false,
        false,
        false,
        false,
        false,
        false,
        false,
        false,
        false,
        false,
        false
    ],
    "stop_sign_hazard": false,
    "angle": 0.00652116500124786,
    "ego_matrix": [
        [
            0.39844754338264465,
            0.9171911478042603,
            -1.940563151947572e-06,
            509.7377624511719
        ],
        [
            -0.9171911478042603,
            0.39844754338264465,
            4.566988991427934e-07,
            91.98696899414062
        ],
        [
            1.1920927818209748e-06,
            1.5978966985130683e-06,
            1.0,
            0.03341583162546158
        ],
        [
            0.0,
            0.0,
            0.0,
            1.0
        ]
    ]
}