{
    "x": -91.53226720344549,
    "y": 509.947144249736,
    "theta": 0.4171994626522064,
    "speed": 2.855699086754611,
    "target_speed": 4.0,
    "x_command": -65.38582488223209,
    "y_command": 522.7938849899023,
    "command": 4,
    "waypoints": [
        [
            -90.18707275390625,
            510.5623474121094,
            0.425767286638129
        ],
        [
            -88.7546615600586,
            511.2315368652344,
            0.43396023541564865
        ],
        [
            -87.22965240478516,
            511.95208740234375,
            0.4395174536623172
        ],
        [
            -85.61046600341797,
            512.7205200195312,
            0.44224213377357735
        ],
        [
            -83.89572143554688,
            513.5339965820312,
            0.4427071216999052
        ],
        [
            -82.10661315917969,
            514.380126953125,
            0.4418262811693614
        ],
        [
            -80.29503631591797,
            515.234130859375,
            0.4407141450981442
        ],
        [
            -78.47509002685547,
            516.0906982421875,
            0.44004396060982587
        ]
    ],
    "steer": 0.026,
    "throttle": 0.75,
    "brake": false,
    "junction": false,
    "vehicle_hazard": [
        false,
        false,
        false,
        false,
        false,
        false,
        false,
        false,
        false,
        false,
        false,
        false,
        false,
        false,
        false,
        false,
        false,
        false,
        false,
        false,
        false,
        false,
        false,
        false,
        false,
        false,
        false,
        false,
        false,
        false,
        false,
        false,
        false,
        false,
        false,
        false,
        false,
        false,
        false,
        false,
        false,
        false,
        false,
        false,
        false,
        false,
        false,
        false,
        false,
        false,
        false,
        false,
        false,
        false,
        false,
        false,
        false,
        false,
        false,
        false,
        false,
        false,
        false,
        false,
        false,
        false,
        false,
        false,
        false,
        false,
        false,
        false,
        false,
        false,
        false,
        false,
        false,
        false,
        false,
        false
    ],
    "light_hazard": false,
    "walker_hazard": [
        false,
        false,
        false,
        false,
        false,
        false,
        false,
        false,
        false,
        false,
        false,
        false,
        false,
        false,
        false,
        false,
        false,
        false,
        false,
        false,
        false,
        false,
        false,
        false,
        false,
        false,
        false,
        false,
        false,
        false,
        false,
        false,
        false,
        false,
        false,
        false,
        false,
        false,
        false,
        false,
        false,
        false,
        false,
        false,
        false,
        false,
        false,
        false,
        false,
        false,
        false,
        false,
        false,
        false,
        false,
        false,
        false,
        false,
        false,
        false,
        false,
        false,
        false,
        false,
        false,
        false,
        false,
        false,
        false,
        false,
        false,
        false,
        false,
        false,
        false,
        false,
        false,
        false,
        false,
        false
    ],
    "stop_sign_hazard": false,
    "angle": 0.00012362989255889555,
    "ego_matrix": [
        [
            0.4036867320537567,
            0.9148958921432495,
            -0.0016123567475005984,
            509.9471435546875
        ],
        [
            -0.9148908257484436,
            0.4036898910999298,
            0.0030511755030602217,
            91.52806091308594
        ],
        [
            0.0034423996694386005,
            0.00024341139942407608,
            0.9999940991401672,
            0.03170391172170639
        ],
        [
            0.0,
            0.0,
            0.0,
            1.0
        ]
    ]
}