{
    "x": -89.74725780624412,
    "y": 510.7782599735251,
    "theta": 0.43375444412231445,
    "speed": 4.449888537489272,
    "target_speed": 4.0,
    "x_command": -65.38582488223209,
    "y_command": 522.7938849899023,
    "command": 4,
    "waypoints": [
        [
            -87.72480773925781,
            511.7290954589844,
            0.439296810766004
        ],
        [
            -85.69873809814453,
            512.6889038085938,
            0.44191017074369876
        ],
        [
            -83.66627502441406,
            513.6503295898438,
            0.44166009991734057
        ],
        [
            -81.63030242919922,
            514.6093139648438,
            0.4402853761626415
        ],
        [
            -79.59330749511719,
            515.5662841796875,
            0.4393479434589336
        ],
        [
            -77.55619812011719,
            516.5230102539062,
            0.43916045691819194
        ],
        [
            -75.51971435546875,
            517.4811401367188,
            0.43972291654041684
        ],
        [
            -73.48387145996094,
            518.4405517578125,
            0.4403478272902037
        ]
    ],
    "steer": 0.014,
    "throttle": 0.10512972297895487,
    "brake": false,
    "junction": false,
    "vehicle_hazard": [
        false,
        false,
        false,
        false,
        false,
        false,
        false,
        false,
        false,
        false,
        false,
        false,
        false,
        false,
        false,
        false,
        false,
        false,
        false,
        false,
        false,
        false,
        false,
        false,
        false,
        false,
        false,
        false,
        false,
        false,
        false,
        false,
        false,
        false,
        false,
        false,
        false,
        false,
        false,
        false,
        false,
        false,
        false,
        false,
        false,
        false,
        false,
        false,
        false,
        false,
        false,
        false,
        false,
        false,
        false,
        false,
        false,
        false,
        false,
        false,
        false,
        false,
        false,
        false,
        false,
        false,
        false,
        false,
        false,
        false,
        false,
        false,
        false,
        false,
        false,
        false,
        false,
        false,
        false,
        false
    ],
    "light_hazard": false,
    "walker_hazard": [
        false,
        false,
        false,
        false,
        false,
        false,
        false,
        false,
        false,
        false,
        false,
        false,
        false,
        false,
        false,
        false,
        false,
        false,
        false,
        false,
        false,
        false,
        false,
        false,
        false,
        false,
        false,
        false,
        false,
        false,
        false,
        false,
        false,
        false,
        false,
        false,
        false,
        false,
        false,
        false,
        false,
        false,
        false,
        false,
        false,
        false,
        false,
        false,
        false,
        false,
        false,
        false,
        false,
        false,
        false,
        false,
        false,
        false,
        false,
        false,
        false,
        false,
        false,
        false,
        false,
        false,
        false,
        false,
        false,
        false,
        false,
        false,
        false,
        false,
        false,
        false,
        false,
        false,
        false,
        false
    ],
    "stop_sign_hazard": false,
    "angle": 0.0017333190351071313,
    "ego_matrix": [
        [
            0.41907766461372375,
            0.9079501628875732,
            -0.0006826507742516696,
            510.77825927734375
        ],
        [
            -0.9079494476318359,
            0.41907820105552673,
            0.001119309337809682,
            89.74313354492188
        ],
        [
            0.0013023611390963197,
            0.0001507348206359893,
            0.9999991655349731,
            0.032769013196229935
        ],
        [
            0.0,
            0.0,
            0.0,
            1.0
        ]
    ]
}