{
    "x": -87.90529999183374,
    "y": 511.6517340958094,
    "theta": 0.44149258732795715,
    "speed": 3.6690702066446788,
    "target_speed": 4.0,
    "x_command": -65.38582488223209,
    "y_command": 522.7938849899023,
    "command": 4,
    "waypoints": [
        [
            -86.20042419433594,
            512.4575805664062,
            0.4420630361902693
        ],
        [
            -84.41957092285156,
            513.29833984375,
            0.44113013086041475
        ],
        [
            -82.61217498779297,
            514.1476440429688,
            0.43952184787811577
        ],
        [
            -80.79768371582031,
            514.99853515625,
            0.4386873463505394
        ],
        [
            -78.97908782958984,
            515.8515625,
            0.438687479508594
        ],
        [
            -77.159912109375,
            516.7068481445312,
            0.43941319090564046
        ],
        [
            -75.34154510498047,
            517.564208984375,
            0.4404178684268729
        ],
        [
            -73.52357482910156,
            518.4224243164062,
            0.44097620014940797
        ]
    ],
    "steer": 0.005,
    "throttle": 0.75,
    "brake": false,
    "junction": false,
    "vehicle_hazard": [
        false,
        false,
        false,
        false,
        false,
        false,
        false,
        false,
        false,
        false,
        false,
        false,
        false,
        false,
        false,
        false,
        false,
        false,
        false,
        false,
        false,
        false,
        false,
        false,
        false,
        false,
        false,
        false,
        false,
        false,
        false,
        false,
        false,
        false,
        false,
        false,
        false,
        false,
        false,
        false,
        false,
        false,
        false,
        false,
        false,
        false,
        false,
        false,
        false,
        false,
        false,
        false,
        false,
        false,
        false,
        false,
        false,
        false,
        false,
        false,
        false,
        false,
        false,
        false,
        false,
        false,
        false,
        false,
        false,
        false,
        false,
        false,
        false,
        false,
        false,
        false,
        false,
        false,
        false,
        false
    ],
    "light_hazard": false,
    "walker_hazard": [
        false,
        false,
        false,
        false,
        false,
        false,
        false,
        false,
        false,
        false,
        false,
        false,
        false,
        false,
        false,
        false,
        false,
        false,
        false,
        false,
        false,
        false,
        false,
        false,
        false,
        false,
        false,
        false,
        false,
        false,
        false,
        false,
        false,
        false,
        false,
        false,
        false,
        false,
        false,
        false,
        false,
        false,
        false,
        false,
        false,
        false,
        false,
        false,
        false,
        false,
        false,
        false,
        false,
        false,
        false,
        false,
        false,
        false,
        false,
        false,
        false,
        false,
        false,
        false,
        false,
        false,
        false,
        false,
        false,
        false,
        false,
        false,
        false,
        false,
        false,
        false,
        false,
        false,
        false,
        false
    ],
    "stop_sign_hazard": false,
    "angle": 0.0012369329619948866,
    "ego_matrix": [
        [
            0.4269128441810608,
            0.9042927026748657,
            0.00029643598827533424,
            511.6517333984375
        ],
        [
            -0.9042924642562866,
            0.42691293358802795,
            -0.0006216124165803194,
            87.90126037597656
        ],
        [
            -0.0006886719493195415,
            -2.6905324830295285e-06,
            0.9999997615814209,
            0.03375999256968498
        ],
        [
            0.0,
            0.0,
            0.0,
            1.0
        ]
    ]
}