{
    "x": -86.14218796285607,
    "y": 512.4896247219514,
    "theta": 0.44286713004112244,
    "speed": 4.137245463087254,
    "target_speed": 4.0,
    "x_command": -65.38582488223209,
    "y_command": 522.7938849899023,
    "command": 4,
    "waypoints": [
        [
            -84.26457977294922,
            513.3749389648438,
            0.4414493107170605
        ],
        [
            -82.38383483886719,
            514.2578735351562,
            0.43925699650770733
        ],
        [
            -80.49901580810547,
            515.1400756835938,
            0.43804379347312183
        ],
        [
            -78.61265563964844,
            516.0238647460938,
            0.4382172984181403
        ],
        [
            -76.7271728515625,
            516.9098510742188,
            0.43920067065065216
        ],
        [
            -74.84278869628906,
            517.7981567382812,
            0.4403575478281825
        ],
        [
            -72.95943450927734,
            518.6885986328125,
            0.4415145581637676
        ],
        [
            -71.08138275146484,
            519.5901489257812,
            0.44764608709951137
        ]
    ],
    "steer": -0.0,
    "throttle": 0.06591148045880443,
    "brake": false,
    "junction": false,
    "vehicle_hazard": [
        false,
        false,
        false,
        false,
        false,
        false,
        false,
        false,
        false,
        false,
        false,
        false,
        false,
        false,
        false,
        false,
        false,
        false,
        false,
        false,
        false,
        false,
        false,
        false,
        false,
        false,
        false,
        false,
        false,
        false,
        false,
        false,
        false,
        false,
        false,
        false,
        false,
        false,
        false,
        false,
        false,
        false,
        false,
        false,
        false,
        false,
        false,
        false,
        false,
        false,
        false,
        false,
        false,
        false,
        false,
        false,
        false,
        false,
        false,
        false,
        false,
        false,
        false,
        false,
        false,
        false,
        false,
        false,
        false,
        false,
        false,
        false,
        false,
        false,
        false,
        false,
        false,
        false,
        false,
        false
    ],
    "light_hazard": false,
    "walker_hazard": [
        false,
        false,
        false,
        false,
        false,
        false,
        false,
        false,
        false,
        false,
        false,
        false,
        false,
        false,
        false,
        false,
        false,
        false,
        false,
        false,
        false,
        false,
        false,
        false,
        false,
        false,
        false,
        false,
        false,
        false,
        false,
        false,
        false,
        false,
        false,
        false,
        false,
        false,
        false,
        false,
        false,
        false,
        false,
        false,
        false,
        false,
        false,
        false,
        false,
        false,
        false,
        false,
        false,
        false,
        false,
        false,
        false,
        false,
        false,
        false,
        false,
        false,
        false,
        false,
        false,
        false,
        false,
        false,
        false,
        false,
        false,
        false,
        false,
        false,
        false,
        false,
        false,
        false,
        false,
        false
    ],
    "stop_sign_hazard": false,
    "angle": 0.011414250573883199,
    "ego_matrix": [
        [
            0.42859792709350586,
            0.9034953117370605,
            -0.00016693738871254027,
            512.4896240234375
        ],
        [
            -0.903495192527771,
            0.42859798669815063,
            0.0004187589802313596,
            86.13822937011719
        ],
        [
            0.0004498958005569875,
            -2.8652108085225336e-05,
            0.9999998807907104,
            0.03319335728883743
        ],
        [
            0.0,
            0.0,
            0.0,
            1.0
        ]
    ]
}