{
    "x": -84.40413201739821,
    "y": 513.3113410316652,
    "theta": 0.44144293665885925,
    "speed": 3.825915189784475,
    "target_speed": 4.0,
    "x_command": -65.38582488223209,
    "y_command": 522.7938849899023,
    "command": 4,
    "waypoints": [
        [
            -82.63371276855469,
            514.1412353515625,
            0.43954528369570833
        ],
        [
            -80.82884216308594,
            514.9862670898438,
            0.43816243729968485
        ],
        [
            -79.01520538330078,
            515.8355102539062,
            0.43805151664028297
        ],
        [
            -77.19842529296875,
            516.6884765625,
            0.43888761606451343
        ],
        [
            -75.38068389892578,
            517.5446166992188,
            0.4400034805612565
        ],
        [
            -73.56353759765625,
            518.4028930664062,
            0.44106368499121706
        ],
        [
            -71.74873352050781,
            519.26611328125,
            0.44390953893207574
        ],
        [
            -69.9474868774414,
            520.1571655273438,
            0.4582501953489617
        ]
    ],
    "steer": -0.003,
    "throttle": 0.75,
    "brake": false,
    "junction": false,
    "vehicle_hazard": [
        false,
        false,
        false,
        false,
        false,
        false,
        false,
        false,
        false,
        false,
        false,
        false,
        false,
        false,
        false,
        false,
        false,
        false,
        false,
        false,
        false,
        false,
        false,
        false,
        false,
        false,
        false,
        false,
        false,
        false,
        false,
        false,
        false,
        false,
        false,
        false,
        false,
        false,
        false,
        false,
        false,
        false,
        false,
        false,
        false,
        false,
        false,
        false,
        false,
        false,
        false,
        false,
        false,
        false,
        false,
        false,
        false,
        false,
        false,
        false,
        false,
        false,
        false,
        false,
        false,
        false,
        false,
        false,
        false,
        false,
        false,
        false,
        false,
        false,
        false,
        false,
        false,
        false,
        false,
        false
    ],
    "light_hazard": false,
    "walker_hazard": [
        false,
        false,
        false,
        false,
        false,
        false,
        false,
        false,
        false,
        false,
        false,
        false,
        false,
        false,
        false,
        false,
        false,
        false,
        false,
        false,
        false,
        false,
        false,
        false,
        false,
        false,
        false,
        false,
        false,
        false,
        false,
        false,
        false,
        false,
        false,
        false,
        false,
        false,
        false,
        false,
        false,
        false,
        false,
        false,
        false,
        false,
        false,
        false,
        false,
        false,
        false,
        false,
        false,
        false,
        false,
        false,
        false,
        false,
        false,
        false,
        false,
        false,
        false,
        false,
        false,
        false,
        false,
        false,
        false,
        false,
        false,
        false,
        false,
        false,
        false,
        false,
        false,
        false,
        false,
        false
    ],
    "stop_sign_hazard": false,
    "angle": 0.028940252531437224,
    "ego_matrix": [
        [
            0.4274046719074249,
            0.904060423374176,
            8.02449940238148e-05,
            513.3113403320312
        ],
        [
            -0.904060423374176,
            0.4274046719074249,
            -1.3356766430661082e-05,
            84.40025329589844
        ],
        [
            -4.63724099972751e-05,
            -6.683757965220138e-05,
            1.0,
            0.03344032168388367
        ],
        [
            0.0,
            0.0,
            0.0,
            1.0
        ]
    ]
}