{
    "x": -82.59138086843664,
    "y": 514.1629035328259,
    "theta": 0.43930232524871826,
    "speed": 3.7852930484105305,
    "target_speed": 4.0,
    "x_command": -65.38582488223209,
    "y_command": 522.7938849899023,
    "command": 4,
    "waypoints": [
        [
            -80.83374786376953,
            514.98388671875,
            0.43818201153369696
        ],
        [
            -79.03276062011719,
            515.827392578125,
            0.4381278162055138
        ],
        [
            -77.22168731689453,
            516.6778564453125,
            0.4389613856267087
        ],
        [
            -75.40809631347656,
            517.5322265625,
            0.44007472012041626
        ],
        [
            -73.59324645996094,
            518.3892211914062,
            0.44096634645337485
        ],
        [
            -71.78018951416016,
            519.2512817382812,
            0.44375361085025156
        ],
        [
            -69.98056030273438,
            520.1409912109375,
            0.4580239598143594
        ],
        [
            -68.20917510986328,
            521.0855712890625,
            0.48650713346302954
        ]
    ],
    "steer": -0.002,
    "throttle": 0.75,
    "brake": false,
    "junction": false,
    "vehicle_hazard": [
        false,
        false,
        false,
        false,
        false,
        false,
        false,
        false,
        false,
        false,
        false,
        false,
        false,
        false,
        false,
        false,
        false,
        false,
        false,
        false,
        false,
        false,
        false,
        false,
        false,
        false,
        false,
        false,
        false,
        false,
        false,
        false,
        false,
        false,
        false,
        false,
        false,
        false,
        false,
        false,
        false,
        false,
        false,
        false,
        false,
        false,
        false,
        false,
        false,
        false,
        false,
        false,
        false,
        false,
        false,
        false,
        false,
        false,
        false,
        false,
        false,
        false,
        false,
        false,
        false,
        false,
        false,
        false,
        false,
        false,
        false,
        false,
        false,
        false,
        false,
        false,
        false,
        false,
        false,
        false
    ],
    "light_hazard": false,
    "walker_hazard": [
        false,
        false,
        false,
        false,
        false,
        false,
        false,
        false,
        false,
        false,
        false,
        false,
        false,
        false,
        false,
        false,
        false,
        false,
        false,
        false,
        false,
        false,
        false,
        false,
        false,
        false,
        false,
        false,
        false,
        false,
        false,
        false,
        false,
        false,
        false,
        false,
        false,
        false,
        false,
        false,
        false,
        false,
        false,
        false,
        false,
        false,
        false,
        false,
        false,
        false,
        false,
        false,
        false,
        false,
        false,
        false,
        false,
        false,
        false,
        false,
        false,
        false,
        false,
        false,
        false,
        false,
        false,
        false,
        false,
        false,
        false,
        false,
        false,
        false,
        false,
        false,
        false,
        false,
        false,
        false
    ],
    "stop_sign_hazard": false,
    "angle": 0.03668899487340796,
    "ego_matrix": [
        [
            0.425468385219574,
            0.9049732685089111,
            0.0001683808513917029,
            514.1629028320312
        ],
        [
            -0.9049732089042664,
            0.42546841502189636,
            -0.0002892766206059605,
            82.58758544921875
        ],
        [
            -0.0003334283537697047,
            -2.93020984827308e-05,
            0.9999999403953552,
            0.03358333557844162
        ],
        [
            0.0,
            0.0,
            0.0,
            1.0
        ]
    ]
}