{
    "x": -80.83960664220868,
    "y": 514.9815680847229,
    "theta": 0.4375254511833191,
    "speed": 4.144889482581621,
    "target_speed": 4.0,
    "x_command": -65.38582488223209,
    "y_command": 522.7938849899023,
    "command": 4,
    "waypoints": [
        [
            -78.95619201660156,
            515.86181640625,
            0.43794925125442385
        ],
        [
            -77.07218933105469,
            516.7470092773438,
            0.43910519632557277
        ],
        [
            -75.18560028076172,
            517.6361694335938,
            0.4402634050836485
        ],
        [
            -73.29802703857422,
            518.5283813476562,
            0.4414229454222689
        ],
        [
            -71.41403198242188,
            519.4286499023438,
            0.4459452592693325
        ],
        [
            -69.54710388183594,
            520.3636474609375,
            0.46339608836526724
        ],
        [
            -67.71502685546875,
            521.3650512695312,
            0.49672987704438043
        ],
        [
            -65.93865966796875,
            522.4619140625,
            0.5476220199484403
        ]
    ],
    "steer": -0.0,
    "throttle": 0.05675737180584432,
    "brake": false,
    "junction": false,
    "vehicle_hazard": [
        false,
        false,
        false,
        false,
        false,
        false,
        false,
        false,
        false,
        false,
        false,
        false,
        false,
        false,
        false,
        false,
        false,
        false,
        false,
        false,
        false,
        false,
        false,
        false,
        false,
        false,
        false,
        false,
        false,
        false,
        false,
        false,
        false,
        false,
        false,
        false,
        false,
        false,
        false,
        false,
        false,
        false,
        false,
        false,
        false,
        false,
        false,
        false,
        false,
        false,
        false,
        false,
        false,
        false,
        false,
        false,
        false,
        false,
        false,
        false,
        false,
        false,
        false,
        false,
        false,
        false,
        false,
        false,
        false,
        false,
        false,
        false,
        false,
        false,
        false,
        false,
        false,
        false,
        false,
        false
    ],
    "light_hazard": false,
    "walker_hazard": [
        false,
        false,
        false,
        false,
        false,
        false,
        false,
        false,
        false,
        false,
        false,
        false,
        false,
        false,
        false,
        false,
        false,
        false,
        false,
        false,
        false,
        false,
        false,
        false,
        false,
        false,
        false,
        false,
        false,
        false,
        false,
        false,
        false,
        false,
        false,
        false,
        false,
        false,
        false,
        false,
        false,
        false,
        false,
        false,
        false,
        false,
        false,
        false,
        false,
        false,
        false,
        false,
        false,
        false,
        false,
        false,
        false,
        false,
        false,
        false,
        false,
        false,
        false,
        false,
        false,
        false,
        false,
        false,
        false,
        false,
        false,
        false,
        false,
        false,
        false,
        false,
        false,
        false,
        false,
        false
    ],
    "stop_sign_hazard": false,
    "angle": 0.06678693886913942,
    "ego_matrix": [
        [
            0.42373478412628174,
            0.9057862758636475,
            -0.00019959374913014472,
            514.9815673828125
        ],
        [
            -0.9057861566543579,
            0.4237348437309265,
            0.00047096601338125765,
            80.83589172363281
        ],
        [
            0.0005111693753860891,
            -1.8775432181428187e-05,
            0.9999998807907104,
            0.03316303342580795
        ],
        [
            0.0,
            0.0,
            0.0,
            1.0
        ]
    ]
}