{
    "x": -79.09519511896309,
    "y": 515.7984626170863,
    "theta": 0.43814343214035034,
    "speed": 3.7204152621157447,
    "target_speed": 4.0,
    "x_command": -65.38582488223209,
    "y_command": 522.7938849899023,
    "command": 4,
    "waypoints": [
        [
            -77.36526489257812,
            516.6096801757812,
            0.4391267679304025
        ],
        [
            -75.5740737915039,
            517.453857421875,
            0.44022638714449625
        ],
        [
            -73.76570892333984,
            518.30810546875,
            0.44111468452609226
        ],
        [
            -71.95327758789062,
            519.1688842773438,
            0.4433999430574891
        ],
        [
            -70.14871978759766,
            520.0548095703125,
            0.45551393048695976
        ],
        [
            -68.37105560302734,
            520.9954223632812,
            0.4834353103036775
        ],
        [
            -66.63672637939453,
            522.0136108398438,
            0.5257611958244159
        ],
        [
            -64.96720123291016,
            523.1348266601562,
            0.5832107737015508
        ]
    ],
    "steer": 0.001,
    "throttle": 0.75,
    "brake": false,
    "junction": false,
    "vehicle_hazard": [
        false,
        false,
        false,
        false,
        false,
        false,
        false,
        false,
        false,
        false,
        false,
        false,
        false,
        false,
        false,
        false,
        false,
        false,
        false,
        false,
        false,
        false,
        false,
        false,
        false,
        false,
        false,
        false,
        false,
        false,
        false,
        false,
        false,
        false,
        false,
        false,
        false,
        false,
        false,
        false,
        false,
        false,
        false,
        false,
        false,
        false,
        false,
        false,
        false,
        false,
        false,
        false,
        false,
        false,
        false,
        false,
        false,
        false,
        false,
        false,
        false,
        false,
        false,
        false,
        false,
        false,
        false,
        false,
        false,
        false,
        false,
        false,
        false,
        false,
        false,
        false,
        false,
        false,
        false,
        false
    ],
    "light_hazard": false,
    "walker_hazard": [
        false,
        false,
        false,
        false,
        false,
        false,
        false,
        false,
        false,
        false,
        false,
        false,
        false,
        false,
        false,
        false,
        false,
        false,
        false,
        false,
        false,
        false,
        false,
        false,
        false,
        false,
        false,
        false,
        false,
        false,
        false,
        false,
        false,
        false,
        false,
        false,
        false,
        false,
        false,
        false,
        false,
        false,
        false,
        false,
        false,
        false,
        false,
        false,
        false,
        false,
        false,
        false,
        false,
        false,
        false,
        false,
        false,
        false,
        false,
        false,
        false,
        false,
        false,
        false,
        false,
        false,
        false,
        false,
        false,
        false,
        false,
        false,
        false,
        false,
        false,
        false,
        false,
        false,
        false,
        false
    ],
    "stop_sign_hazard": false,
    "angle": 0.06588240605390523,
    "ego_matrix": [
        [
            0.4242233633995056,
            0.9055575728416443,
            8.082293788902462e-05,
            515.7984619140625
        ],
        [
            -0.9055575132369995,
            0.424223393201828,
            -0.00023279285233002156,
            79.09156036376953
        ],
        [
            -0.00024509429931640625,
            2.5566347176209092e-05,
            0.9999999403953552,
            0.03353935107588768
        ],
        [
            0.0,
            0.0,
            0.0,
            1.0
        ]
    ]
}