{
    "x": -77.28190225546267,
    "y": 516.6511847862173,
    "theta": 0.4395377039909363,
    "speed": 3.9405037768362816,
    "target_speed": 4.0,
    "x_command": -65.38582488223209,
    "y_command": 522.7938849899023,
    "command": 4,
    "waypoints": [
        [
            -75.4822998046875,
            517.4983520507812,
            0.44052479434463954
        ],
        [
            -73.67375946044922,
            518.3523559570312,
            0.44108006343192097
        ],
        [
            -71.86339569091797,
            519.2120361328125,
            0.4433623924861192
        ],
        [
            -70.06399536132812,
            520.0985717773438,
            0.45684171602744605
        ],
        [
            -68.29248809814453,
            521.0403442382812,
            0.4852521853783569
        ],
        [
            -66.5647964477539,
            522.06005859375,
            0.5283652347382954
        ],
        [
            -64.90156555175781,
            523.1817626953125,
            0.5852847104004499
        ],
        [
            -63.31682205200195,
            524.4117431640625,
            0.6503290244952455
        ]
    ],
    "steer": 0.002,
    "throttle": 0.40423408937513794,
    "brake": false,
    "junction": false,
    "vehicle_hazard": [
        false,
        false,
        false,
        false,
        false,
        false,
        false,
        false,
        false,
        false,
        false,
        false,
        false,
        false,
        false,
        false,
        false,
        false,
        false,
        false,
        false,
        false,
        false,
        false,
        false,
        false,
        false,
        false,
        false,
        false,
        false,
        false,
        false,
        false,
        false,
        false,
        false,
        false,
        false,
        false,
        false,
        false,
        false,
        false,
        false,
        false,
        false,
        false,
        false,
        false,
        false,
        false,
        false,
        false,
        false,
        false,
        false,
        false,
        false,
        false,
        false,
        false,
        false,
        false,
        false,
        false,
        false,
        false,
        false,
        false,
        false,
        false,
        false,
        false,
        false,
        false,
        false,
        false,
        false,
        false
    ],
    "light_hazard": false,
    "walker_hazard": [
        false,
        false,
        false,
        false,
        false,
        false,
        false,
        false,
        false,
        false,
        false,
        false,
        false,
        false,
        false,
        false,
        false,
        false,
        false,
        false,
        false,
        false,
        false,
        false,
        false,
        false,
        false,
        false,
        false,
        false,
        false,
        false,
        false,
        false,
        false,
        false,
        false,
        false,
        false,
        false,
        false,
        false,
        false,
        false,
        false,
        false,
        false,
        false,
        false,
        false,
        false,
        false,
        false,
        false,
        false,
        false,
        false,
        false,
        false,
        false,
        false,
        false,
        false,
        false,
        false,
        false,
        false,
        false,
        false,
        false,
        false,
        false,
        false,
        false,
        false,
        false,
        false,
        false,
        false,
        false
    ],
    "stop_sign_hazard": false,
    "angle": 0.06356156831761743,
    "ego_matrix": [
        [
            0.4253850281238556,
            0.9050124883651733,
            1.3888000466977246e-05,
            516.6511840820312
        ],
        [
            -0.9050124883651733,
            0.4253850281238556,
            -5.709350807592273e-05,
            77.27835083007812
        ],
        [
            -5.757808321504854e-05,
            1.1717908819264267e-05,
            1.0,
            0.033446043729782104
        ],
        [
            0.0,
            0.0,
            0.0,
            1.0
        ]
    ]
}