{
    "x": -75.55834282805066,
    "y": 517.4645392795134,
    "theta": 0.4406954050064087,
    "speed": 4.067960403663519,
    "target_speed": 4.0,
    "x_command": -65.38582488223209,
    "y_command": 522.7938849899023,
    "command": 4,
    "waypoints": [
        [
            -73.71289825439453,
            518.3348388671875,
            0.44125729680246595
        ],
        [
            -71.86673736572266,
            519.2114868164062,
            0.44341485675959347
        ],
        [
            -70.02948760986328,
            520.11669921875,
            0.4570656212960946
        ],
        [
            -68.21913146972656,
            521.0800170898438,
            0.4860489365974814
        ],
        [
            -66.45539093017578,
            522.126708984375,
            0.531091912220373
        ],
        [
            -64.76057434082031,
            523.281494140625,
            0.5906473181504608
        ],
        [
            -63.14884948730469,
            524.5496826171875,
            0.657598455585753
        ],
        [
            -61.62961959838867,
            525.9273071289062,
            0.7265971644251528
        ]
    ],
    "steer": 0.001,
    "throttle": 0.042984031498377345,
    "brake": false,
    "junction": false,
    "vehicle_hazard": [
        false,
        false,
        false,
        false,
        false,
        false,
        false,
        false,
        false,
        false,
        false,
        false,
        false,
        false,
        false,
        false,
        false,
        false,
        false,
        false,
        false,
        false,
        false,
        false,
        false,
        false,
        false,
        false,
        false,
        false,
        false,
        false,
        false,
        false,
        false,
        false,
        false,
        false,
        false,
        false,
        false,
        false,
        false,
        false,
        false,
        false,
        false,
        false,
        false,
        false,
        false,
        false,
        false,
        false,
        false,
        false,
        false,
        false,
        false,
        false,
        false,
        false,
        false,
        false,
        false,
        false,
        false,
        false,
        false,
        false,
        false,
        false,
        false,
        false,
        false,
        false,
        false,
        false,
        false,
        false
    ],
    "light_hazard": false,
    "walker_hazard": [
        false,
        false,
        false,
        false,
        false,
        false,
        false,
        false,
        false,
        false,
        false,
        false,
        false,
        false,
        false,
        false,
        false,
        false,
        false,
        false,
        false,
        false,
        false,
        false,
        false,
        false,
        false,
        false,
        false,
        false,
        false,
        false,
        false,
        false,
        false,
        false,
        false,
        false,
        false,
        false,
        false,
        false,
        false,
        false,
        false,
        false,
        false,
        false,
        false,
        false,
        false,
        false,
        false,
        false,
        false,
        false,
        false,
        false,
        false,
        false,
        false,
        false,
        false,
        false,
        false,
        false,
        false,
        false,
        false,
        false,
        false,
        false,
        false,
        false,
        false,
        false,
        false,
        false,
        false,
        false
    ],
    "stop_sign_hazard": false,
    "angle": 0.05509140785147462,
    "ego_matrix": [
        [
            0.42649662494659424,
            0.9044890999794006,
            -0.00019084483210463077,
            517.4645385742188
        ],
        [
            -0.9044889807701111,
            0.426496684551239,
            0.0003872485540341586,
            75.55487060546875
        ],
        [
            0.00043165680835954845,
            7.456852017639903e-06,
            0.9999998807907104,
            0.03320251405239105
        ],
        [
            0.0,
            0.0,
            0.0,
            1.0
        ]
    ]
}