{
    "x": -73.77849876962682,
    "y": 518.3059699447227,
    "theta": 0.44148769974708557,
    "speed": 3.6618447643668945,
    "target_speed": 4.0,
    "x_command": -65.38582488223209,
    "y_command": 522.7938849899023,
    "command": 4,
    "waypoints": [
        [
            -72.07806396484375,
            519.111328125,
            0.44306451791819357
        ],
        [
            -70.31098175048828,
            519.9754638671875,
            0.4539061135578517
        ],
        [
            -68.54186248779297,
            520.902099609375,
            0.47981128069229784
        ],
        [
            -66.80735778808594,
            521.9076538085938,
            0.5206760228809642
        ],
        [
            -65.13109588623047,
            523.016357421875,
            0.5764725100904595
        ],
        [
            -63.53102493286133,
            524.23486328125,
            0.641237258849824
        ],
        [
            -62.01736831665039,
            525.5594482421875,
            0.7085184285232043
        ],
        [
            -60.595829010009766,
            526.9825439453125,
            0.7754649720056163
        ]
    ],
    "steer": 0.0,
    "throttle": 0.75,
    "brake": false,
    "junction": false,
    "vehicle_hazard": [
        false,
        false,
        false,
        false,
        false,
        false,
        false,
        false,
        false,
        false,
        false,
        false,
        false,
        false,
        false,
        false,
        false,
        false,
        false,
        false,
        false,
        false,
        false,
        false,
        false,
        false,
        false,
        false,
        false,
        false,
        false,
        false,
        false,
        false,
        false,
        false,
        false,
        false,
        false,
        false,
        false,
        false,
        false,
        false,
        false,
        false,
        false,
        false,
        false,
        false,
        false,
        false,
        false,
        false,
        false,
        false,
        false,
        false,
        false,
        false,
        false,
        false,
        false,
        false,
        false,
        false,
        false,
        false,
        false,
        false,
        false,
        false,
        false,
        false,
        false,
        false,
        false,
        false,
        false,
        false
    ],
    "light_hazard": false,
    "walker_hazard": [
        false,
        false,
        false,
        false,
        false,
        false,
        false,
        false,
        false,
        false,
        false,
        false,
        false,
        false,
        false,
        false,
        false,
        false,
        false,
        false,
        false,
        false,
        false,
        false,
        false,
        false,
        false,
        false,
        false,
        false,
        false,
        false,
        false,
        false,
        false,
        false,
        false,
        false,
        false,
        false,
        false,
        false,
        false,
        false,
        false,
        false,
        false,
        false,
        false,
        false,
        false,
        false,
        false,
        false,
        false,
        false,
        false,
        false,
        false,
        false,
        false,
        false,
        false,
        false,
        false,
        false,
        false,
        false,
        false,
        false,
        false,
        false,
        false,
        false,
        false,
        false,
        false,
        false,
        false,
        false
    ],
    "stop_sign_hazard": false,
    "angle": 0.0560380915895433,
    "ego_matrix": [
        [
            0.42721620202064514,
            0.9041494727134705,
            0.00018687156261876225,
            518.3059692382812
        ],
        [
            -0.9041493535041809,
            0.4272162616252899,
            -0.00043289270251989365,
            73.77510833740234
        ],
        [
            -0.00047123426338657737,
            1.5978963347151875e-05,
            0.9999998807907104,
            0.033651962876319885
        ],
        [
            0.0,
            0.0,
            0.0,
            1.0
        ]
    ]
}