{
    "x": -71.99287899356756,
    "y": 519.154358617754,
    "theta": 0.4440683126449585,
    "speed": 4.066437186250243,
    "target_speed": 4.0,
    "x_command": -65.38582488223209,
    "y_command": 522.7938849899023,
    "command": 4,
    "waypoints": [
        [
            -70.16140747070312,
            520.0508422851562,
            0.4552846988961312
        ],
        [
            -68.35611724853516,
            521.0050048828125,
            0.4832954277674213
        ],
        [
            -66.59306335449219,
            522.0419921875,
            0.5273113553159239
        ],
        [
            -64.89512634277344,
            523.185546875,
            0.5853377073061424
        ],
        [
            -63.27875518798828,
            524.4417114257812,
            0.6517135353669505
        ],
        [
            -61.75392150878906,
            525.8076171875,
            0.7206444001775804
        ],
        [
            -60.325260162353516,
            527.2738037109375,
            0.7883261092789087
        ],
        [
            -58.993045806884766,
            528.8282470703125,
            0.8526578280450263
        ]
    ],
    "steer": 0.005,
    "throttle": 0.05003653530172123,
    "brake": false,
    "junction": false,
    "vehicle_hazard": [
        false,
        false,
        false,
        false,
        false,
        false,
        false,
        false,
        false,
        false,
        false,
        false,
        false,
        false,
        false,
        false,
        false,
        false,
        false,
        false,
        false,
        false,
        false,
        false,
        false,
        false,
        false,
        false,
        false,
        false,
        false,
        false,
        false,
        false,
        false,
        false,
        false,
        false,
        false,
        false,
        false,
        false,
        false,
        false,
        false,
        false,
        false,
        false,
        false,
        false,
        false,
        false,
        false,
        false,
        false,
        false,
        false,
        false,
        false,
        false,
        false,
        false,
        false,
        false,
        false,
        false,
        false,
        false,
        false,
        false,
        false,
        false,
        false,
        false,
        false,
        false,
        false,
        false,
        false,
        false
    ],
    "light_hazard": false,
    "walker_hazard": [
        false,
        false,
        false,
        false,
        false,
        false,
        false,
        false,
        false,
        false,
        false,
        false,
        false,
        false,
        false,
        false,
        false,
        false,
        false,
        false,
        false,
        false,
        false,
        false,
        false,
        false,
        false,
        false,
        false,
        false,
        false,
        false,
        false,
        false,
        false,
        false,
        false,
        false,
        false,
        false,
        false,
        false,
        false,
        false,
        false,
        false,
        false,
        false,
        false,
        false,
        false,
        false,
        false,
        false,
        false,
        false,
        false,
        false,
        false,
        false,
        false,
        false,
        false,
        false,
        false,
        false,
        false,
        false,
        false,
        false,
        false,
        false,
        false,
        false,
        false,
        false,
        false,
        false,
        false,
        false
    ],
    "stop_sign_hazard": false,
    "angle": 0.05758727791079053,
    "ego_matrix": [
        [
            0.429264098405838,
            0.9031789898872375,
            -0.000205137679586187,
            519.1543579101562
        ],
        [
            -0.9031789302825928,
            0.4292641580104828,
            0.0001846933737397194,
            71.98957061767578
        ],
        [
            0.00025486943195573986,
            0.00010599380038911477,
            0.9999999403953552,
            0.03329047933220863
        ],
        [
            0.0,
            0.0,
            0.0,
            1.0
        ]
    ]
}