{
    "x": -70.29030899220925,
    "y": 519.9893195563922,
    "theta": 0.45718491077423096,
    "speed": 3.883885478068828,
    "target_speed": 4.0,
    "x_command": -52.21059784327572,
    "y_command": 551.1359260441568,
    "command": 2,
    "waypoints": [
        [
            -68.5438003540039,
            520.9055786132812,
            0.48098140709625126
        ],
        [
            -66.81625366210938,
            521.9070434570312,
            0.5207445327000064
        ],
        [
            -65.14409637451172,
            523.0112915039062,
            0.5757665060854795
        ],
        [
            -63.5453987121582,
            524.2259521484375,
            0.6401435651691556
        ],
        [
            -62.031761169433594,
            525.5475463867188,
            0.7073577563411205
        ],
        [
            -60.6102409362793,
            526.968017578125,
            0.7745222795587554
        ],
        [
            -59.28192138671875,
            528.47607421875,
            0.8387329576533289
        ],
        [
            -58.04988098144531,
            530.0637817382812,
            0.9011599170287946
        ]
    ],
    "steer": 0.024,
    "throttle": 0.5662123269037521,
    "brake": false,
    "junction": false,
    "vehicle_hazard": [
        false,
        false,
        false,
        false,
        false,
        false,
        false,
        false,
        false,
        false,
        false,
        false,
        false,
        false,
        false,
        false,
        false,
        false,
        false,
        false,
        false,
        false,
        false,
        false,
        false,
        false,
        false,
        false,
        false,
        false,
        false,
        false,
        false,
        false,
        false,
        false,
        false,
        false,
        false,
        false,
        false,
        false,
        false,
        false,
        false,
        false,
        false,
        false,
        false,
        false,
        false,
        false,
        false,
        false,
        false,
        false,
        false,
        false,
        false,
        false,
        false,
        false,
        false,
        false,
        false,
        false,
        false,
        false,
        false,
        false,
        false,
        false,
        false,
        false,
        false,
        false,
        false,
        false,
        false,
        false
    ],
    "light_hazard": false,
    "walker_hazard": [
        false,
        false,
        false,
        false,
        false,
        false,
        false,
        false,
        false,
        false,
        false,
        false,
        false,
        false,
        false,
        false,
        false,
        false,
        false,
        false,
        false,
        false,
        false,
        false,
        false,
        false,
        false,
        false,
        false,
        false,
        false,
        false,
        false,
        false,
        false,
        false,
        false,
        false,
        false,
        false,
        false,
        false,
        false,
        false,
        false,
        false,
        false,
        false,
        false,
        false,
        false,
        false,
        false,
        false,
        false,
        false,
        false,
        false,
        false,
        false,
        false,
        false,
        false,
        false,
        false,
        false,
        false,
        false,
        false,
        false,
        false,
        false,
        false,
        false,
        false,
        false,
        false,
        false,
        false,
        false
    ],
    "stop_sign_hazard": false,
    "angle": 0.04914753919653763,
    "ego_matrix": [
        [
            0.43968918919563293,
            0.8981499075889587,
            -0.000326186214806512,
            519.9893188476562
        ],
        [
            -0.8981499671936035,
            0.43968918919563293,
            -3.5967823350802064e-06,
            70.28707885742188
        ],
        [
            0.00014019012451171875,
            0.000294545607175678,
            0.9999999403953552,
            0.03334762528538704
        ],
        [
            0.0,
            0.0,
            0.0,
            1.0
        ]
    ]
}