{
    "x": -68.52200873740236,
    "y": 520.9285285420473,
    "theta": 0.48940807580947876,
    "speed": 3.732773616736224,
    "target_speed": 4.0,
    "x_command": -52.21059784327572,
    "y_command": 551.1359260441568,
    "command": 2,
    "waypoints": [
        [
            -66.86461639404297,
            521.8895263671875,
            0.5212547277858384
        ],
        [
            -65.20768737792969,
            522.9765014648438,
            0.5729307721567631
        ],
        [
            -63.6102409362793,
            524.1790771484375,
            0.6354309684622059
        ],
        [
            -62.09468078613281,
            525.4912109375,
            0.7029860442537009
        ],
        [
            -60.66853332519531,
            526.9046020507812,
            0.770483529186623
        ],
        [
            -59.336273193359375,
            528.4080200195312,
            0.8354474823955254
        ],
        [
            -58.10063552856445,
            529.991943359375,
            0.8984082058324702
        ],
        [
            -56.964500427246094,
            531.648681640625,
            0.9602544629322441
        ]
    ],
    "steer": 0.047,
    "throttle": 0.75,
    "brake": false,
    "junction": false,
    "vehicle_hazard": [
        false,
        false,
        false,
        false,
        false,
        false,
        false,
        false,
        false,
        false,
        false,
        false,
        false,
        false,
        false,
        false,
        false,
        false,
        false,
        false,
        false,
        false,
        false,
        false,
        false,
        false,
        false,
        false,
        false,
        false,
        false,
        false,
        false,
        false,
        false,
        false,
        false,
        false,
        false,
        false,
        false,
        false,
        false,
        false,
        false,
        false,
        false,
        false,
        false,
        false,
        false,
        false,
        false,
        false,
        false,
        false,
        false,
        false,
        false,
        false,
        false,
        false,
        false,
        false,
        false,
        false,
        false,
        false,
        false,
        false,
        false,
        false,
        false,
        false,
        false,
        false,
        false,
        false,
        false,
        false
    ],
    "light_hazard": false,
    "walker_hazard": [
        false,
        false,
        false,
        false,
        false,
        false,
        false,
        false,
        false,
        false,
        false,
        false,
        false,
        false,
        false,
        false,
        false,
        false,
        false,
        false,
        false,
        false,
        false,
        false,
        false,
        false,
        false,
        false,
        false,
        false,
        false,
        false,
        false,
        false,
        false,
        false,
        false,
        false,
        false,
        false,
        false,
        false,
        false,
        false,
        false,
        false,
        false,
        false,
        false,
        false,
        false,
        false,
        false,
        false,
        false,
        false,
        false,
        false,
        false,
        false,
        false,
        false,
        false,
        false,
        false,
        false,
        false,
        false,
        false,
        false,
        false,
        false,
        false,
        false,
        false,
        false,
        false,
        false,
        false,
        false
    ],
    "stop_sign_hazard": false,
    "angle": 0.05048200452347439,
    "ego_matrix": [
        [
            0.46701300144195557,
            0.8842504620552063,
            -0.00024129597295541316,
            520.9285278320312
        ],
        [
            -0.8842504024505615,
            0.46701279282569885,
            -0.0006026584887877107,
            68.51885986328125
        ],
        [
            -0.00042021271656267345,
            0.0004948153509758413,
            0.9999998211860657,
            0.03362670913338661
        ],
        [
            0.0,
            0.0,
            0.0,
            1.0
        ]
    ]
}