{
    "x": -66.86484335121813,
    "y": 521.9102790316666,
    "theta": 0.5342240929603577,
    "speed": 4.154411339239226,
    "target_speed": 4.0,
    "x_command": -52.21059784327572,
    "y_command": 551.1359260441568,
    "command": 2,
    "waypoints": [
        [
            -65.12618255615234,
            523.056884765625,
            0.5784185484780077
        ],
        [
            -63.46312713623047,
            524.3169555664062,
            0.6408626186634772
        ],
        [
            -61.88801956176758,
            525.691650390625,
            0.7091131123946189
        ],
        [
            -60.41175842285156,
            527.17529296875,
            0.7790083744149938
        ],
        [
            -59.040462493896484,
            528.7568359375,
            0.847401347264455
        ],
        [
            -57.779273986816406,
            530.4275512695312,
            0.9152136844172518
        ],
        [
            -56.630489349365234,
            532.1773681640625,
            0.9814584849524277
        ],
        [
            -55.60027313232422,
            533.9995727539062,
            1.0478774229333814
        ]
    ],
    "steer": 0.064,
    "throttle": 0.057307276138566586,
    "brake": false,
    "junction": false,
    "vehicle_hazard": [
        false,
        false,
        false,
        false,
        false,
        false,
        false,
        false,
        false,
        false,
        false,
        false,
        false,
        false,
        false,
        false,
        false,
        false,
        false,
        false,
        false,
        false,
        false,
        false,
        false,
        false,
        false,
        false,
        false,
        false,
        false,
        false,
        false,
        false,
        false,
        false,
        false,
        false,
        false,
        false,
        false,
        false,
        false,
        false,
        false,
        false,
        false,
        false,
        false,
        false,
        false,
        false,
        false,
        false,
        false,
        false,
        false,
        false,
        false,
        false,
        false,
        false,
        false,
        false,
        false,
        false,
        false,
        false,
        false,
        false,
        false,
        false,
        false,
        false,
        false,
        false,
        false,
        false,
        false,
        false
    ],
    "light_hazard": false,
    "walker_hazard": [
        false,
        false,
        false,
        false,
        false,
        false,
        false,
        false,
        false,
        false,
        false,
        false,
        false,
        false,
        false,
        false,
        false,
        false,
        false,
        false,
        false,
        false,
        false,
        false,
        false,
        false,
        false,
        false,
        false,
        false,
        false,
        false,
        false,
        false,
        false,
        false,
        false,
        false,
        false,
        false,
        false,
        false,
        false,
        false,
        false,
        false,
        false,
        false,
        false,
        false,
        false,
        false,
        false,
        false,
        false,
        false,
        false,
        false,
        false,
        false,
        false,
        false,
        false,
        false,
        false,
        false,
        false,
        false,
        false,
        false,
        false,
        false,
        false,
        false,
        false,
        false,
        false,
        false,
        false,
        false
    ],
    "stop_sign_hazard": false,
    "angle": 0.05417857477784718,
    "ego_matrix": [
        [
            0.5046507120132446,
            0.8633231520652771,
            -0.0009084403282031417,
            521.9102783203125
        ],
        [
            -0.8633233904838562,
            0.5046510100364685,
            0.0001018051989376545,
            66.86177062988281
        ],
        [
            0.0005463361158035696,
            0.0007329016807489097,
            0.9999995231628418,
            0.0331454835832119
        ],
        [
            0.0,
            0.0,
            0.0,
            1.0
        ]
    ]
}