{
    "x": -65.2591177044679,
    "y": 522.9931037401738,
    "theta": 0.5905490517616272,
    "speed": 3.7405149672588274,
    "target_speed": 3.0,
    "x_command": -52.21059784327572,
    "y_command": 551.1359260441568,
    "command": 2,
    "waypoints": [
        [
            -63.75537872314453,
            524.1146240234375,
            0.6326678722522215
        ],
        [
            -62.318111419677734,
            525.3253784179688,
            0.6889604397937715
        ],
        [
            -60.95612716674805,
            526.6261596679688,
            0.7498662015545838
        ],
        [
            -59.67643356323242,
            528.0104370117188,
            0.8117717139886119
        ],
        [
            -58.484275817871094,
            529.4713745117188,
            0.8734820167147374
        ],
        [
            -57.383033752441406,
            531.0020141601562,
            0.934355620805387
        ],
        [
            -56.376338958740234,
            532.5963745117188,
            0.9949677690560181
        ],
        [
            -55.4684944152832,
            534.2490844726562,
            1.0558413731466678
        ]
    ],
    "steer": 0.074,
    "throttle": 0.05910142342933158,
    "brake": false,
    "junction": true,
    "vehicle_hazard": [
        false,
        false,
        false,
        false,
        false,
        false,
        false,
        false,
        false,
        false,
        false,
        false,
        false,
        false,
        false,
        false,
        false,
        false,
        false,
        false,
        false,
        false,
        false,
        false,
        false,
        false,
        false,
        false,
        false,
        false,
        false,
        false,
        false,
        false,
        false,
        false,
        false,
        false,
        false,
        false,
        false,
        false,
        false,
        false,
        false,
        false,
        false,
        false,
        false,
        false,
        false,
        false,
        false,
        false,
        false,
        false,
        false,
        false,
        false,
        false,
        false,
        false,
        false,
        false,
        false,
        false,
        false,
        false,
        false,
        false,
        false,
        false,
        false,
        false,
        false,
        false,
        false,
        false,
        false,
        false
    ],
    "light_hazard": false,
    "walker_hazard": [
        false,
        false,
        false,
        false,
        false,
        false,
        false,
        false,
        false,
        false,
        false,
        false,
        false,
        false,
        false,
        false,
        false,
        false,
        false,
        false,
        false,
        false,
        false,
        false,
        false,
        false,
        false,
        false,
        false,
        false,
        false,
        false,
        false,
        false,
        false,
        false,
        false,
        false,
        false,
        false,
        false,
        false,
        false,
        false,
        false,
        false,
        false,
        false,
        false,
        false,
        false,
        false,
        false,
        false,
        false,
        false,
        false,
        false,
        false,
        false,
        false,
        false,
        false,
        false,
        false,
        false,
        false,
        false,
        false,
        false,
        false,
        false,
        false,
        false,
        false,
        false,
        false,
        false,
        false,
        false
    ],
    "stop_sign_hazard": false,
    "angle": 0.06450134804493807,
    "ego_matrix": [
        [
            0.552141547203064,
            0.833750307559967,
            -0.0004288702621124685,
            522.9931030273438
        ],
        [
            -0.833750307559967,
            0.5521413683891296,
            -0.0005842715036123991,
            65.25611877441406
        ],
        [
            -0.0002503395080566406,
            0.0006801712443120778,
            0.9999997019767761,
            0.03354213759303093
        ],
        [
            0.0,
            0.0,
            0.0,
            1.0
        ]
    ]
}