{
    "x": -63.82760966032602,
    "y": 524.0964362612087,
    "theta": 0.649222731590271,
    "speed": 3.2377588815527667,
    "target_speed": 3.0,
    "x_command": -52.21059784327572,
    "y_command": 551.1359260441568,
    "command": 2,
    "waypoints": [
        [
            -62.58261489868164,
            525.1380615234375,
            0.6850509193135351
        ],
        [
            -61.3890380859375,
            526.2408447265625,
            0.7313814001654256
        ],
        [
            -60.25027084350586,
            527.4026489257812,
            0.779884021781412
        ],
        [
            -59.17473602294922,
            528.6238403320312,
            0.8319196594785248
        ],
        [
            -58.16592788696289,
            529.900634765625,
            0.8851286859519263
        ],
        [
            -57.228477478027344,
            531.230712890625,
            0.9395109680435625
        ],
        [
            -56.36351013183594,
            532.6090087890625,
            0.9930358454222474
        ],
        [
            -55.576480865478516,
            534.0333251953125,
            1.0480499291929912
        ]
    ],
    "steer": 0.078,
    "throttle": 0.036036997732954476,
    "brake": false,
    "junction": true,
    "vehicle_hazard": [
        false,
        false,
        false,
        false,
        false,
        false,
        false,
        false,
        false,
        false,
        false,
        false,
        false,
        false,
        false,
        false,
        false,
        false,
        false,
        false,
        false,
        false,
        false,
        false,
        false,
        false,
        false,
        false,
        false,
        false,
        false,
        false,
        false,
        false,
        false,
        false,
        false,
        false,
        false,
        false,
        false,
        false,
        false,
        false,
        false,
        false,
        false,
        false,
        false,
        false,
        false,
        false,
        false,
        false,
        false,
        false,
        false,
        false,
        false,
        false,
        false,
        false,
        false,
        false,
        false,
        false,
        false,
        false,
        false,
        false,
        false,
        false,
        false,
        false,
        false,
        false,
        false,
        false,
        false,
        false
    ],
    "light_hazard": false,
    "walker_hazard": [
        false,
        false,
        false,
        false,
        false,
        false,
        false,
        false,
        false,
        false,
        false,
        false,
        false,
        false,
        false,
        false,
        false,
        false,
        false,
        false,
        false,
        false,
        false,
        false,
        false,
        false,
        false,
        false,
        false,
        false,
        false,
        false,
        false,
        false,
        false,
        false,
        false,
        false,
        false,
        false,
        false,
        false,
        false,
        false,
        false,
        false,
        false,
        false,
        false,
        false,
        false,
        false,
        false,
        false,
        false,
        false,
        false,
        false,
        false,
        false,
        false,
        false,
        false,
        false,
        false,
        false,
        false,
        false,
        false,
        false,
        false,
        false,
        false,
        false,
        false,
        false,
        false,
        false,
        false,
        false
    ],
    "stop_sign_hazard": false,
    "angle": 0.05535975067101328,
    "ego_matrix": [
        [
            0.6004838347434998,
            0.7996368408203125,
            -1.1574506061151624e-05,
            524.096435546875
        ],
        [
            -0.7996366024017334,
            0.6004836559295654,
            -0.0008219191804528236,
            63.824676513671875
        ],
        [
            -0.0006502866162918508,
            0.0005028045852668583,
            0.9999996423721313,
            0.0337413027882576
        ],
        [
            0.0,
            0.0,
            0.0,
            1.0
        ]
    ]
}