{
    "x": -62.736159358405864,
    "y": 525.0408942703086,
    "theta": 0.6978062391281128,
    "speed": 2.9103407828217467,
    "target_speed": 3.0,
    "x_command": -52.21059784327572,
    "y_command": 551.1359260441568,
    "command": 2,
    "waypoints": [
        [
            -61.64448928833008,
            526.0372924804688,
            0.7271937125093305
        ],
        [
            -60.584136962890625,
            527.0939331054688,
            0.7677113116499051
        ],
        [
            -59.567195892333984,
            528.1990356445312,
            0.8104856069191855
        ],
        [
            -58.602455139160156,
            529.35400390625,
            0.8568967815521054
        ],
        [
            -57.69742202758789,
            530.5579833984375,
            0.9068996283891606
        ],
        [
            -56.8551139831543,
            531.806884765625,
            0.9574925651447502
        ],
        [
            -56.079769134521484,
            533.098388671875,
            1.009631267176049
        ],
        [
            -55.37249755859375,
            534.4284057617188,
            1.0618116476784074
        ]
    ],
    "steer": 0.083,
    "throttle": 0.41191718725471216,
    "brake": false,
    "junction": true,
    "vehicle_hazard": [
        false,
        false,
        false,
        false,
        false,
        false,
        false,
        false,
        false,
        false,
        false,
        false,
        false,
        false,
        false,
        false,
        false,
        false,
        false,
        false,
        false,
        false,
        false,
        false,
        false,
        false,
        false,
        false,
        false,
        false,
        false,
        false,
        false,
        false,
        false,
        false,
        false,
        false,
        false,
        false,
        false,
        false,
        false,
        false,
        false,
        false,
        false,
        false,
        false,
        false,
        false,
        false,
        false,
        false,
        false,
        false,
        false,
        false,
        false,
        false,
        false,
        false,
        false,
        false,
        false,
        false,
        false,
        false,
        false,
        false,
        false,
        false,
        false,
        false,
        false,
        false,
        false,
        false,
        false,
        false
    ],
    "light_hazard": false,
    "walker_hazard": [
        false,
        false,
        false,
        false,
        false,
        false,
        false,
        false,
        false,
        false,
        false,
        false,
        false,
        false,
        false,
        false,
        false,
        false,
        false,
        false,
        false,
        false,
        false,
        false,
        false,
        false,
        false,
        false,
        false,
        false,
        false,
        false,
        false,
        false,
        false,
        false,
        false,
        false,
        false,
        false,
        false,
        false,
        false,
        false,
        false,
        false,
        false,
        false,
        false,
        false,
        false,
        false,
        false,
        false,
        false,
        false,
        false,
        false,
        false,
        false,
        false,
        false,
        false,
        false,
        false,
        false,
        false,
        false,
        false,
        false,
        false,
        false,
        false,
        false,
        false,
        false,
        false,
        false,
        false,
        false
    ],
    "stop_sign_hazard": false,
    "angle": 0.06318497503302926,
    "ego_matrix": [
        [
            0.6386341452598572,
            0.7695103883743286,
            -0.00032832639408297837,
            525.0408935546875
        ],
        [
            -0.7695105075836182,
            0.6386340856552124,
            -0.00033832466579042375,
            62.7332763671875
        ],
        [
            -5.0663944421103224e-05,
            0.00046871628728695214,
            0.9999998807907104,
            0.03344257175922394
        ],
        [
            0.0,
            0.0,
            0.0,
            1.0
        ]
    ]
}