{
    "x": -61.63823139912954,
    "y": 526.0846564787626,
    "theta": 0.7452989220619202,
    "speed": 2.787077048242278,
    "target_speed": 3.0,
    "x_command": -52.21059784327572,
    "y_command": 551.1359260441568,
    "command": 2,
    "waypoints": [
        [
            -60.622032165527344,
            527.103271484375,
            0.773953827824078
        ],
        [
            -59.61265182495117,
            528.1962280273438,
            0.8108460657727278
        ],
        [
            -58.6449089050293,
            529.3424072265625,
            0.8531980502721489
        ],
        [
            -57.732547760009766,
            530.5379028320312,
            0.9007051156936363
        ],
        [
            -56.880615234375,
            531.780029296875,
            0.9503315912896362
        ],
        [
            -56.098079681396484,
            533.0676879882812,
            1.0037794367337907
        ],
        [
            -55.386260986328125,
            534.395751953125,
            1.0578139099870623
        ],
        [
            -54.746219635009766,
            535.7598876953125,
            1.1110964729960637
        ]
    ],
    "steer": 0.09,
    "throttle": 0.75,
    "brake": false,
    "junction": true,
    "vehicle_hazard": [
        false,
        false,
        false,
        false,
        false,
        false,
        false,
        false,
        false,
        false,
        false,
        false,
        false,
        false,
        false,
        false,
        false,
        false,
        false,
        false,
        false,
        false,
        false,
        false,
        false,
        false,
        false,
        false,
        false,
        false,
        false,
        false,
        false,
        false,
        false,
        false,
        false,
        false,
        false,
        false,
        false,
        false,
        false,
        false,
        false,
        false,
        false,
        false,
        false,
        false,
        false,
        false,
        false,
        false,
        false,
        false,
        false,
        false,
        false,
        false,
        false,
        false,
        false,
        false,
        false,
        false,
        false,
        false,
        false,
        false,
        false,
        false,
        false,
        false,
        false,
        false,
        false,
        false,
        false,
        false
    ],
    "light_hazard": false,
    "walker_hazard": [
        false,
        false,
        false,
        false,
        false,
        false,
        false,
        false,
        false,
        false,
        false,
        false,
        false,
        false,
        false,
        false,
        false,
        false,
        false,
        false,
        false,
        false,
        false,
        false,
        false,
        false,
        false,
        false,
        false,
        false,
        false,
        false,
        false,
        false,
        false,
        false,
        false,
        false,
        false,
        false,
        false,
        false,
        false,
        false,
        false,
        false,
        false,
        false,
        false,
        false,
        false,
        false,
        false,
        false,
        false,
        false,
        false,
        false,
        false,
        false,
        false,
        false,
        false,
        false,
        false,
        false,
        false,
        false,
        false,
        false,
        false,
        false,
        false,
        false,
        false,
        false,
        false,
        false,
        false,
        false
    ],
    "stop_sign_hazard": false,
    "angle": 0.05659961524031327,
    "ego_matrix": [
        [
            0.6752997636795044,
            0.7375432848930359,
            4.593371704686433e-05,
            526.0846557617188
        ],
        [
            -0.7375432252883911,
            0.6752997040748596,
            -0.00048081649583764374,
            61.635398864746094
        ],
        [
            -0.00038564205169677734,
            0.0002908171736635268,
            0.9999998807907104,
            0.03360908478498459
        ],
        [
            0.0,
            0.0,
            0.0,
            1.0
        ]
    ]
}