{
    "x": -60.615753993580974,
    "y": 527.1502692731837,
    "theta": 0.7920064926147461,
    "speed": 3.1199704492878504,
    "target_speed": 3.0,
    "x_command": -52.21059784327572,
    "y_command": 551.1359260441568,
    "command": 2,
    "waypoints": [
        [
            -59.561668395996094,
            528.3056030273438,
            0.8210202732432119
        ],
        [
            -58.55485534667969,
            529.5060424804688,
            0.8595586110616397
        ],
        [
            -57.6057014465332,
            530.7562866210938,
            0.9055314959581596
        ],
        [
            -56.72245788574219,
            532.0558471679688,
            0.9564751710293127
        ],
        [
            -55.913333892822266,
            533.4028930664062,
            1.0108641776027012
        ],
        [
            -55.18486785888672,
            534.7952270507812,
            1.0683900550450667
        ],
        [
            -54.53907012939453,
            536.2277221679688,
            1.1267000669808924
        ],
        [
            -53.97445297241211,
            537.6941528320312,
            1.1833110487202751
        ]
    ],
    "steer": 0.072,
    "throttle": 0.03436108243514144,
    "brake": false,
    "junction": true,
    "vehicle_hazard": [
        false,
        false,
        false,
        false,
        false,
        false,
        false,
        false,
        false,
        false,
        false,
        false,
        false,
        false,
        false,
        false,
        false,
        false,
        false,
        false,
        false,
        false,
        false,
        false,
        false,
        false,
        false,
        false,
        false,
        false,
        false,
        false,
        false,
        false,
        false,
        false,
        false,
        false,
        false,
        false,
        false,
        false,
        false,
        false,
        false,
        false,
        false,
        false,
        false,
        false,
        false,
        false,
        false,
        false,
        false,
        false,
        false,
        false,
        false,
        false,
        false,
        false,
        false,
        false,
        false,
        false,
        false,
        false,
        false,
        false,
        false,
        false,
        false,
        false,
        false,
        false,
        false,
        false,
        false,
        false
    ],
    "light_hazard": false,
    "walker_hazard": [
        false,
        false,
        false,
        false,
        false,
        false,
        false,
        false,
        false,
        false,
        false,
        false,
        false,
        false,
        false,
        false,
        false,
        false,
        false,
        false,
        false,
        false,
        false,
        false,
        false,
        false,
        false,
        false,
        false,
        false,
        false,
        false,
        false,
        false,
        false,
        false,
        false,
        false,
        false,
        false,
        false,
        false,
        false,
        false,
        false,
        false,
        false,
        false,
        false,
        false,
        false,
        false,
        false,
        false,
        false,
        false,
        false,
        false,
        false,
        false,
        false,
        false,
        false,
        false,
        false,
        false,
        false,
        false,
        false,
        false,
        false,
        false,
        false,
        false,
        false,
        false,
        false,
        false,
        false,
        false
    ],
    "stop_sign_hazard": false,
    "angle": 0.06566798336234739,
    "ego_matrix": [
        [
            0.708544909954071,
            0.7056655287742615,
            -0.0005643367767333984,
            527.1502685546875
        ],
        [
            -0.705665647983551,
            0.7085450291633606,
            -0.00010849676618818194,
            60.61296844482422
        ],
        [
            0.0003232955641578883,
            0.00047510789590887725,
            0.9999998211860657,
            0.0332564152777195
        ],
        [
            0.0,
            0.0,
            0.0,
            1.0
        ]
    ]
}