{
    "x": -59.6676933041948,
    "y": 528.2257087277744,
    "theta": 0.8342170715332031,
    "speed": 2.927508208654616,
    "target_speed": 3.0,
    "x_command": -52.21059784327572,
    "y_command": 551.1359260441568,
    "command": 2,
    "waypoints": [
        [
            -58.712738037109375,
            529.3602294921875,
            0.8603467735862484
        ],
        [
            -57.79452896118164,
            530.5447998046875,
            0.8975073250147236
        ],
        [
            -56.92976379394531,
            531.775146484375,
            0.94134242392521
        ],
        [
            -56.13099670410156,
            533.0528564453125,
            0.9923696556755641
        ],
        [
            -55.40436553955078,
            534.3742065429688,
            1.047072648941473
        ],
        [
            -54.753379821777344,
            535.7344970703125,
            1.1027408716549674
        ],
        [
            -54.18022918701172,
            537.12939453125,
            1.1589943573075203
        ],
        [
            -53.68353271484375,
            538.5533447265625,
            1.213784602388643
        ]
    ],
    "steer": 0.078,
    "throttle": 0.3297719413880587,
    "brake": false,
    "junction": true,
    "vehicle_hazard": [
        false,
        false,
        false,
        false,
        false,
        false,
        false,
        false,
        false,
        false,
        false,
        false,
        false,
        false,
        false,
        false,
        false,
        false,
        false,
        false,
        false,
        false,
        false,
        false,
        false,
        false,
        false,
        false,
        false,
        false,
        false,
        false,
        false,
        false,
        false,
        false,
        false,
        false,
        false,
        false,
        false,
        false,
        false,
        false,
        false,
        false,
        false,
        false,
        false,
        false,
        false,
        false,
        false,
        false,
        false,
        false,
        false,
        false,
        false,
        false,
        false,
        false,
        false,
        false,
        false,
        false,
        false,
        false,
        false,
        false,
        false,
        false,
        false,
        false,
        false,
        false,
        false,
        false,
        false,
        false
    ],
    "light_hazard": false,
    "walker_hazard": [
        false,
        false,
        false,
        false,
        false,
        false,
        false,
        false,
        false,
        false,
        false,
        false,
        false,
        false,
        false,
        false,
        false,
        false,
        false,
        false,
        false,
        false,
        false,
        false,
        false,
        false,
        false,
        false,
        false,
        false,
        false,
        false,
        false,
        false,
        false,
        false,
        false,
        false,
        false,
        false,
        false,
        false,
        false,
        false,
        false,
        false,
        false,
        false,
        false,
        false,
        false,
        false,
        false,
        false,
        false,
        false,
        false,
        false,
        false,
        false,
        false,
        false,
        false,
        false,
        false,
        false,
        false,
        false,
        false,
        false,
        false,
        false,
        false,
        false,
        false,
        false,
        false,
        false,
        false,
        false
    ],
    "stop_sign_hazard": false,
    "angle": 0.06611142645083724,
    "ego_matrix": [
        [
            0.7376105785369873,
            0.6752263307571411,
            -0.0002215616259491071,
            528.2257080078125
        ],
        [
            -0.6752263307571411,
            0.7376105785369873,
            -0.0001235686067957431,
            59.66495132446289
        ],
        [
            7.99894260126166e-05,
            0.0002407497668173164,
            1.0,
            0.03337749466300011
        ],
        [
            0.0,
            0.0,
            0.0,
            1.0
        ]
    ]
}