{
    "x": -58.713761529975514,
    "y": 529.4072272840724,
    "theta": 0.8783025741577148,
    "speed": 2.7977430434234423,
    "target_speed": 3.0,
    "x_command": -52.21059784327572,
    "y_command": 551.1359260441568,
    "command": 2,
    "waypoints": [
        [
            -57.83477020263672,
            530.5513916015625,
            0.9045781508669385
        ],
        [
            -56.976661682128906,
            531.7687377929688,
            0.9421711996564426
        ],
        [
            -56.174652099609375,
            533.0368041992188,
            0.9887773842601835
        ],
        [
            -55.438106536865234,
            534.3479614257812,
            1.0395793791613444
        ],
        [
            -54.776878356933594,
            535.7009887695312,
            1.0947949643580661
        ],
        [
            -54.195716857910156,
            537.0908813476562,
            1.152326068254071
        ],
        [
            -53.693851470947266,
            538.5113525390625,
            1.2090235028603402
        ],
        [
            -53.2699089050293,
            539.9569702148438,
            1.263883323024941
        ]
    ],
    "steer": 0.066,
    "throttle": 0.75,
    "brake": false,
    "junction": true,
    "vehicle_hazard": [
        false,
        false,
        false,
        false,
        false,
        false,
        false,
        false,
        false,
        false,
        false,
        false,
        false,
        false,
        false,
        false,
        false,
        false,
        false,
        false,
        false,
        false,
        false,
        false,
        false,
        false,
        false,
        false,
        false,
        false,
        false,
        false,
        false,
        false,
        false,
        false,
        false,
        false,
        false,
        false,
        false,
        false,
        false,
        false,
        false,
        false,
        false,
        false,
        false,
        false,
        false,
        false,
        false,
        false,
        false,
        false,
        false,
        false,
        false,
        false,
        false,
        false,
        false,
        false,
        false,
        false,
        false,
        false,
        false,
        false,
        false,
        false,
        false,
        false,
        false,
        false,
        false,
        false,
        false,
        false
    ],
    "light_hazard": false,
    "walker_hazard": [
        false,
        false,
        false,
        false,
        false,
        false,
        false,
        false,
        false,
        false,
        false,
        false,
        false,
        false,
        false,
        false,
        false,
        false,
        false,
        false,
        false,
        false,
        false,
        false,
        false,
        false,
        false,
        false,
        false,
        false,
        false,
        false,
        false,
        false,
        false,
        false,
        false,
        false,
        false,
        false,
        false,
        false,
        false,
        false,
        false,
        false,
        false,
        false,
        false,
        false,
        false,
        false,
        false,
        false,
        false,
        false,
        false,
        false,
        false,
        false,
        false,
        false,
        false,
        false,
        false,
        false,
        false,
        false,
        false,
        false,
        false,
        false,
        false,
        false,
        false,
        false,
        false,
        false,
        false,
        false
    ],
    "stop_sign_hazard": false,
    "angle": 0.05884494583325759,
    "ego_matrix": [
        [
            0.7671607732772827,
            0.641454815864563,
            8.499051909893751e-05,
            529.4072265625
        ],
        [
            -0.6414546966552734,
            0.7671607136726379,
            -0.00048208373482339084,
            58.711063385009766
        ],
        [
            -0.00037443634937517345,
            0.00031531817512586713,
            0.9999998807907104,
            0.03360363095998764
        ],
        [
            0.0,
            0.0,
            0.0,
            1.0
        ]
    ]
}