{
    "x": -57.835314636106446,
    "y": 530.5988776763215,
    "theta": 0.9227378368377686,
    "speed": 3.0966212049439235,
    "target_speed": 3.0,
    "x_command": -52.21059784327572,
    "y_command": 551.1359260441568,
    "command": 2,
    "waypoints": [
        [
            -56.94606399536133,
            531.87109375,
            0.9506523690429362
        ],
        [
            -56.11834716796875,
            533.187744140625,
            0.9942594347850844
        ],
        [
            -55.3607292175293,
            534.5491943359375,
            1.0452066385446817
        ],
        [
            -54.68143081665039,
            535.9529418945312,
            1.1006554167843536
        ],
        [
            -54.08790969848633,
            537.3951416015625,
            1.1593497561549915
        ],
        [
            -53.581817626953125,
            538.8703002929688,
            1.21890865748401
        ],
        [
            -53.16071319580078,
            540.3719482421875,
            1.2766085392140987
        ],
        [
            -52.8231315612793,
            541.8945922851562,
            1.3323626988070185
        ]
    ],
    "steer": 0.076,
    "throttle": 0.04510013523100274,
    "brake": false,
    "junction": true,
    "vehicle_hazard": [
        false,
        false,
        false,
        false,
        false,
        false,
        false,
        false,
        false,
        false,
        false,
        false,
        false,
        false,
        false,
        false,
        false,
        false,
        false,
        false,
        false,
        false,
        false,
        false,
        false,
        false,
        false,
        false,
        false,
        false,
        false,
        false,
        false,
        false,
        false,
        false,
        false,
        false,
        false,
        false,
        false,
        false,
        false,
        false,
        false,
        false,
        false,
        false,
        false,
        false,
        false,
        false,
        false,
        false,
        false,
        false,
        false,
        false,
        false,
        false,
        false,
        false,
        false,
        false,
        false,
        false,
        false,
        false,
        false,
        false,
        false,
        false,
        false,
        false,
        false,
        false,
        false,
        false,
        false,
        false
    ],
    "light_hazard": false,
    "walker_hazard": [
        false,
        false,
        false,
        false,
        false,
        false,
        false,
        false,
        false,
        false,
        false,
        false,
        false,
        false,
        false,
        false,
        false,
        false,
        false,
        false,
        false,
        false,
        false,
        false,
        false,
        false,
        false,
        false,
        false,
        false,
        false,
        false,
        false,
        false,
        false,
        false,
        false,
        false,
        false,
        false,
        false,
        false,
        false,
        false,
        false,
        false,
        false,
        false,
        false,
        false,
        false,
        false,
        false,
        false,
        false,
        false,
        false,
        false,
        false,
        false,
        false,
        false,
        false,
        false,
        false,
        false,
        false,
        false,
        false,
        false,
        false,
        false,
        false,
        false,
        false,
        false,
        false,
        false,
        false,
        false
    ],
    "stop_sign_hazard": false,
    "angle": 0.056087503510485436,
    "ego_matrix": [
        [
            0.7943223118782043,
            0.6074962615966797,
            -0.0005257900338619947,
            530.598876953125
        ],
        [
            -0.6074963808059692,
            0.7943223118782043,
            -0.00024361535906791687,
            57.83265686035156
        ],
        [
            0.00026965138386003673,
            0.0005129246856085956,
            0.9999998211860657,
            0.03328315541148186
        ],
        [
            0.0,
            0.0,
            0.0,
            1.0
        ]
    ]
}