{
    "x": -57.03206651150246,
    "y": 531.7983405685814,
    "theta": 0.9661096334457397,
    "speed": 3.0114891258039016,
    "target_speed": 3.0,
    "x_command": -52.21059784327572,
    "y_command": 551.1359260441568,
    "command": 2,
    "waypoints": [
        [
            -56.22820281982422,
            533.0758056640625,
            0.9972002969978316
        ],
        [
            -55.482261657714844,
            534.3919677734375,
            1.0394090700096337
        ],
        [
            -54.803287506103516,
            535.7479248046875,
            1.088195717755877
        ],
        [
            -54.2017822265625,
            537.14208984375,
            1.1429007083926035
        ],
        [
            -53.682674407958984,
            538.5695190429688,
            1.2002748855213754
        ],
        [
            -53.248260498046875,
            540.0249633789062,
            1.2583649536406742
        ],
        [
            -52.89802169799805,
            541.5029907226562,
            1.3159497202326442
        ],
        [
            -52.62764358520508,
            542.9976806640625,
            1.3705026110816134
        ]
    ],
    "steer": 0.093,
    "throttle": 0.0,
    "brake": false,
    "junction": true,
    "vehicle_hazard": [
        false,
        false,
        false,
        false,
        false,
        false,
        false,
        false,
        false,
        false,
        false,
        false,
        false,
        false,
        false,
        false,
        false,
        false,
        false,
        false,
        false,
        false,
        false,
        false,
        false,
        false,
        false,
        false,
        false,
        false,
        false,
        false,
        false,
        false,
        false,
        false,
        false,
        false,
        false,
        false,
        false,
        false,
        false,
        false,
        false,
        false,
        false,
        false,
        false,
        false,
        false,
        false,
        false,
        false,
        false,
        false,
        false,
        false,
        false,
        false,
        false,
        false,
        false,
        false,
        false,
        false,
        false,
        false,
        false,
        false,
        false,
        false,
        false,
        false,
        false,
        false,
        false,
        false,
        false,
        false
    ],
    "light_hazard": false,
    "walker_hazard": [
        false,
        false,
        false,
        false,
        false,
        false,
        false,
        false,
        false,
        false,
        false,
        false,
        false,
        false,
        false,
        false,
        false,
        false,
        false,
        false,
        false,
        false,
        false,
        false,
        false,
        false,
        false,
        false,
        false,
        false,
        false,
        false,
        false,
        false,
        false,
        false,
        false,
        false,
        false,
        false,
        false,
        false,
        false,
        false,
        false,
        false,
        false,
        false,
        false,
        false,
        false,
        false,
        false,
        false,
        false,
        false,
        false,
        false,
        false,
        false,
        false,
        false,
        false,
        false,
        false,
        false,
        false,
        false,
        false,
        false,
        false,
        false,
        false,
        false,
        false,
        false,
        false,
        false,
        false,
        false
    ],
    "stop_sign_hazard": false,
    "angle": 0.0659821763027595,
    "ego_matrix": [
        [
            0.8202459812164307,
            0.57201087474823,
            -0.0003692973405122757,
            531.79833984375
        ],
        [
            -0.5720109939575195,
            0.8202459812164307,
            -0.00018402739078737795,
            57.02944564819336
        ],
        [
            0.00019764898752328008,
            0.0003621898649726063,
            0.9999999403953552,
            0.033319130539894104
        ],
        [
            0.0,
            0.0,
            0.0,
            1.0
        ]
    ]
}