{
    "x": -56.257300225574866,
    "y": 533.084595453147,
    "theta": 1.014736294746399,
    "speed": 2.742384463095342,
    "target_speed": 3.0,
    "x_command": -52.21059784327572,
    "y_command": 551.1359260441568,
    "command": 2,
    "waypoints": [
        [
            -55.55857467651367,
            534.3194580078125,
            1.0433398957785907
        ],
        [
            -54.88994216918945,
            535.6428833007812,
            1.0861173868411793
        ],
        [
            -54.28276062011719,
            537.0137939453125,
            1.1351466152732153
        ],
        [
            -53.750999450683594,
            538.4209594726562,
            1.1886752543669399
        ],
        [
            -53.30292510986328,
            539.8603515625,
            1.2464127532474258
        ],
        [
            -52.937808990478516,
            541.3238525390625,
            1.3038056723723692
        ],
        [
            -52.654605865478516,
            542.805419921875,
            1.359863715290424
        ],
        [
            -52.45414733886719,
            544.3004760742188,
            1.4159215584713971
        ]
    ],
    "steer": 0.079,
    "throttle": 0.75,
    "brake": false,
    "junction": true,
    "vehicle_hazard": [
        false,
        false,
        false,
        false,
        false,
        false,
        false,
        false,
        false,
        false,
        false,
        false,
        false,
        false,
        false,
        false,
        false,
        false,
        false,
        false,
        false,
        false,
        false,
        false,
        false,
        false,
        false,
        false,
        false,
        false,
        false,
        false,
        false,
        false,
        false,
        false,
        false,
        false,
        false,
        false,
        false,
        false,
        false,
        false,
        false,
        false,
        false,
        false,
        false,
        false,
        false,
        false,
        false,
        false,
        false,
        false,
        false,
        false,
        false,
        false,
        false,
        false,
        false,
        false,
        false,
        false,
        false,
        false,
        false,
        false,
        false,
        false,
        false,
        false,
        false,
        false,
        false,
        false,
        false,
        false
    ],
    "light_hazard": false,
    "walker_hazard": [
        false,
        false,
        false,
        false,
        false,
        false,
        false,
        false,
        false,
        false,
        false,
        false,
        false,
        false,
        false,
        false,
        false,
        false,
        false,
        false,
        false,
        false,
        false,
        false,
        false,
        false,
        false,
        false,
        false,
        false,
        false,
        false,
        false,
        false,
        false,
        false,
        false,
        false,
        false,
        false,
        false,
        false,
        false,
        false,
        false,
        false,
        false,
        false,
        false,
        false,
        false,
        false,
        false,
        false,
        false,
        false,
        false,
        false,
        false,
        false,
        false,
        false,
        false,
        false,
        false,
        false,
        false,
        false,
        false,
        false,
        false,
        false,
        false,
        false,
        false,
        false,
        false,
        false,
        false,
        false
    ],
    "stop_sign_hazard": false,
    "angle": 0.06668623257142132,
    "ego_matrix": [
        [
            0.8469483256340027,
            0.5316751003265381,
            0.00015896288095973432,
            533.0845947265625
        ],
        [
            -0.5316749811172485,
            0.8469482660293579,
            -0.0005620191805064678,
            56.25471496582031
        ],
        [
            -0.00043344494770281017,
            0.0003914845874533057,
            0.9999998211860657,
            0.033633194863796234
        ],
        [
            0.0,
            0.0,
            0.0,
            1.0
        ]
    ]
}