{
    "x": -55.54967569628114,
    "y": 534.4000861775962,
    "theta": 1.0635361671447754,
    "speed": 3.055328734233895,
    "target_speed": 3.0,
    "x_command": -52.21059784327572,
    "y_command": 551.1359260441568,
    "command": 2,
    "waypoints": [
        [
            -54.86568832397461,
            535.769775390625,
            1.0955514685552168
        ],
        [
            -54.249996185302734,
            537.1749877929688,
            1.1413782457764323
        ],
        [
            -53.709712982177734,
            538.6138916015625,
            1.192957384373192
        ],
        [
            -53.25346374511719,
            540.0829467773438,
            1.249017724267687
        ],
        [
            -52.88604736328125,
            541.5767822265625,
            1.3078940906988317
        ],
        [
            -52.60678482055664,
            543.0895385742188,
            1.3665146272177608
        ],
        [
            -52.41705322265625,
            544.6161499023438,
            1.425390943714635
        ],
        [
            -52.30141830444336,
            546.1502685546875,
            1.4759071814308304
        ]
    ],
    "steer": 0.09,
    "throttle": 0.04270351674084327,
    "brake": false,
    "junction": true,
    "vehicle_hazard": [
        false,
        false,
        false,
        false,
        false,
        false,
        false,
        false,
        false,
        false,
        false,
        false,
        false,
        false,
        false,
        false,
        false,
        false,
        false,
        false,
        false,
        false,
        false,
        false,
        false,
        false,
        false,
        false,
        false,
        false,
        false,
        false,
        false,
        false,
        false,
        false,
        false,
        false,
        false,
        false,
        false,
        false,
        false,
        false,
        false,
        false,
        false,
        false,
        false,
        false,
        false,
        false,
        false,
        false,
        false,
        false,
        false,
        false,
        false,
        false,
        false,
        false,
        false,
        false,
        false,
        false,
        false,
        false,
        false,
        false,
        false,
        false,
        false,
        false,
        false,
        false,
        false,
        false,
        false,
        false
    ],
    "light_hazard": false,
    "walker_hazard": [
        false,
        false,
        false,
        false,
        false,
        false,
        false,
        false,
        false,
        false,
        false,
        false,
        false,
        false,
        false,
        false,
        false,
        false,
        false,
        false,
        false,
        false,
        false,
        false,
        false,
        false,
        false,
        false,
        false,
        false,
        false,
        false,
        false,
        false,
        false,
        false,
        false,
        false,
        false,
        false,
        false,
        false,
        false,
        false,
        false,
        false,
        false,
        false,
        false,
        false,
        false,
        false,
        false,
        false,
        false,
        false,
        false,
        false,
        false,
        false,
        false,
        false,
        false,
        false,
        false,
        false,
        false,
        false,
        false,
        false,
        false,
        false,
        false,
        false,
        false,
        false,
        false,
        false,
        false,
        false
    ],
    "stop_sign_hazard": false,
    "angle": 0.045982093019079094,
    "ego_matrix": [
        [
            0.87144935131073,
            0.49048542976379395,
            -0.0003058427828364074,
            534.4000854492188
        ],
        [
            -0.4904855191707611,
            0.8714492917060852,
            -0.00024347761063836515,
            55.547122955322266
        ],
        [
            0.00014710424875374883,
            0.0003621898649726063,
            0.9999999403953552,
            0.03334415331482887
        ],
        [
            0.0,
            0.0,
            0.0,
            1.0
        ]
    ]
}