{
    "x": -54.93390566814366,
    "y": 535.7030036598409,
    "theta": 1.1129498481750488,
    "speed": 3.072228044047622,
    "target_speed": 3.0,
    "x_command": -52.21059784327572,
    "y_command": 551.1359260441568,
    "command": 2,
    "waypoints": [
        [
            -54.31805419921875,
            537.1140747070312,
            1.1469037724061288
        ],
        [
            -53.77119064331055,
            538.5575561523438,
            1.1925401668989175
        ],
        [
            -53.302433013916016,
            540.0319213867188,
            1.2443316925926107
        ],
        [
            -52.919456481933594,
            541.532958984375,
            1.3007004431860938
        ],
        [
            -52.62556076049805,
            543.0543212890625,
            1.3589299277884583
        ],
        [
            -52.424903869628906,
            544.5907592773438,
            1.419178071852346
        ],
        [
            -52.302406311035156,
            546.135498046875,
            1.4716506011262862
        ],
        [
            -52.23953628540039,
            547.6838989257812,
            1.5138507896047622
        ]
    ],
    "steer": 0.079,
    "throttle": 0.031385182561986524,
    "brake": false,
    "junction": true,
    "vehicle_hazard": [
        false,
        false,
        false,
        false,
        false,
        false,
        false,
        false,
        false,
        false,
        false,
        false,
        false,
        false,
        false,
        false,
        false,
        false,
        false,
        false,
        false,
        false,
        false,
        false,
        false,
        false,
        false,
        false,
        false,
        false,
        false,
        false,
        false,
        false,
        false,
        false,
        false,
        false,
        false,
        false,
        false,
        false,
        false,
        false,
        false,
        false,
        false,
        false,
        false,
        false,
        false,
        false,
        false,
        false,
        false,
        false,
        false,
        false,
        false,
        false,
        false,
        false,
        false,
        false,
        false,
        false,
        false,
        false,
        false,
        false,
        false,
        false,
        false,
        false,
        false,
        false,
        false,
        false,
        false,
        false
    ],
    "light_hazard": false,
    "walker_hazard": [
        false,
        false,
        false,
        false,
        false,
        false,
        false,
        false,
        false,
        false,
        false,
        false,
        false,
        false,
        false,
        false,
        false,
        false,
        false,
        false,
        false,
        false,
        false,
        false,
        false,
        false,
        false,
        false,
        false,
        false,
        false,
        false,
        false,
        false,
        false,
        false,
        false,
        false,
        false,
        false,
        false,
        false,
        false,
        false,
        false,
        false,
        false,
        false,
        false,
        false,
        false,
        false,
        false,
        false,
        false,
        false,
        false,
        false,
        false,
        false,
        false,
        false,
        false,
        false,
        false,
        false,
        false,
        false,
        false,
        false,
        false,
        false,
        false,
        false,
        false,
        false,
        false,
        false,
        false,
        false
    ],
    "stop_sign_hazard": false,
    "angle": 0.030916155139008205,
    "ego_matrix": [
        [
            0.8947446942329407,
            0.44657769799232483,
            -0.0004990430898033082,
            535.7030029296875
        ],
        [
            -0.44657787680625916,
            0.8947446942329407,
            -0.00028846802888438106,
            54.93138122558594
        ],
        [
            0.00031769275665283203,
            0.00048096681712195277,
            0.9999998211860657,
            0.03325920179486275
        ],
        [
            0.0,
            0.0,
            0.0,
            1.0
        ]
    ]
}