{
    "x": -54.36482205347126,
    "y": 537.0775764156206,
    "theta": 1.1638274192810059,
    "speed": 2.758118194170772,
    "target_speed": 3.0,
    "x_command": -52.21059784327572,
    "y_command": 551.1359260441568,
    "command": 2,
    "waypoints": [
        [
            -53.85765075683594,
            538.409912109375,
            1.1935571282506778
        ],
        [
            -53.396663665771484,
            539.8216552734375,
            1.2375876698956623
        ],
        [
            -53.00395202636719,
            541.2692260742188,
            1.2869686353286705
        ],
        [
            -52.692588806152344,
            542.7413940429688,
            1.3412633327099563
        ],
        [
            -52.469215393066406,
            544.2324829101562,
            1.3998045569626716
        ],
        [
            -52.327980041503906,
            545.734375,
            1.4546513359603095
        ],
        [
            -52.24995422363281,
            547.2410278320312,
            1.5004226445294457
        ],
        [
            -52.21738052368164,
            548.7493896484375,
            1.5348091683038996
        ]
    ],
    "steer": 0.088,
    "throttle": 0.75,
    "brake": false,
    "junction": true,
    "vehicle_hazard": [
        false,
        false,
        false,
        false,
        false,
        false,
        false,
        false,
        false,
        false,
        false,
        false,
        false,
        false,
        false,
        false,
        false,
        false,
        false,
        false,
        false,
        false,
        false,
        false,
        false,
        false,
        false,
        false,
        false,
        false,
        false,
        false,
        false,
        false,
        false,
        false,
        false,
        false,
        false,
        false,
        false,
        false,
        false,
        false,
        false,
        false,
        false,
        false,
        false,
        false,
        false,
        false,
        false,
        false,
        false,
        false,
        false,
        false,
        false,
        false,
        false,
        false,
        false,
        false,
        false,
        false,
        false,
        false,
        false,
        false,
        false,
        false,
        false,
        false,
        false,
        false,
        false,
        false,
        false,
        false
    ],
    "light_hazard": false,
    "walker_hazard": [
        false,
        false,
        false,
        false,
        false,
        false,
        false,
        false,
        false,
        false,
        false,
        false,
        false,
        false,
        false,
        false,
        false,
        false,
        false,
        false,
        false,
        false,
        false,
        false,
        false,
        false,
        false,
        false,
        false,
        false,
        false,
        false,
        false,
        false,
        false,
        false,
        false,
        false,
        false,
        false,
        false,
        false,
        false,
        false,
        false,
        false,
        false,
        false,
        false,
        false,
        false,
        false,
        false,
        false,
        false,
        false,
        false,
        false,
        false,
        false,
        false,
        false,
        false,
        false,
        false,
        false,
        false,
        false,
        false,
        false,
        false,
        false,
        false,
        false,
        false,
        false,
        false,
        false,
        false,
        false
    ],
    "stop_sign_hazard": false,
    "angle": 0.021784730338044442,
    "ego_matrix": [
        [
            0.916293203830719,
            0.4005080461502075,
            0.00015992439875844866,
            537.0775756835938
        ],
        [
            -0.4005078971385956,
            0.9162930846214294,
            -0.0005901568802073598,
            54.36232376098633
        ],
        [
            -0.0003829002089332789,
            0.0004767057835124433,
            0.9999998211860657,
            0.03360801562666893
        ],
        [
            0.0,
            0.0,
            0.0,
            1.0
        ]
    ]
}