{
    "x": -53.86211340563789,
    "y": 538.497681398025,
    "theta": 1.2149313688278198,
    "speed": 2.96713514400236,
    "target_speed": 3.0,
    "x_command": -52.21059784327572,
    "y_command": 551.1359260441568,
    "command": 2,
    "waypoints": [
        [
            -53.406925201416016,
            539.9197998046875,
            1.2478991300308264
        ],
        [
            -53.01848220825195,
            541.3694458007812,
            1.2922285116396313
        ],
        [
            -52.70414352416992,
            542.83984375,
            1.3412699406784112
        ],
        [
            -52.47457504272461,
            544.3270874023438,
            1.396697813103526
        ],
        [
            -52.326934814453125,
            545.8250732421875,
            1.4505897739489648
        ],
        [
            -52.24503707885742,
            547.328125,
            1.4972614390260082
        ],
        [
            -52.21079635620117,
            548.8331298828125,
            1.5330753838552307
        ],
        [
            -52.205501556396484,
            550.3385009765625,
            1.5569405446275408
        ]
    ],
    "steer": 0.101,
    "throttle": 0.23716333601307701,
    "brake": false,
    "junction": true,
    "vehicle_hazard": [
        false,
        false,
        false,
        false,
        false,
        false,
        false,
        false,
        false,
        false,
        false,
        false,
        false,
        false,
        false,
        false,
        false,
        false,
        false,
        false,
        false,
        false,
        false,
        false,
        false,
        false,
        false,
        false,
        false,
        false,
        false,
        false,
        false,
        false,
        false,
        false,
        false,
        false,
        false,
        false,
        false,
        false,
        false,
        false,
        false,
        false,
        false,
        false,
        false,
        false,
        false,
        false,
        false,
        false,
        false,
        false,
        false,
        false,
        false,
        false,
        false,
        false,
        false,
        false,
        false,
        false,
        false,
        false,
        false,
        false,
        false,
        false,
        false,
        false,
        false,
        false,
        false,
        false,
        false,
        false
    ],
    "light_hazard": false,
    "walker_hazard": [
        false,
        false,
        false,
        false,
        false,
        false,
        false,
        false,
        false,
        false,
        false,
        false,
        false,
        false,
        false,
        false,
        false,
        false,
        false,
        false,
        false,
        false,
        false,
        false,
        false,
        false,
        false,
        false,
        false,
        false,
        false,
        false,
        false,
        false,
        false,
        false,
        false,
        false,
        false,
        false,
        false,
        false,
        false,
        false,
        false,
        false,
        false,
        false,
        false,
        false,
        false,
        false,
        false,
        false,
        false,
        false,
        false,
        false,
        false,
        false,
        false,
        false,
        false,
        false,
        false,
        false,
        false,
        false,
        false,
        false,
        false,
        false,
        false,
        false,
        false,
        false,
        false,
        false,
        false,
        false
    ],
    "stop_sign_hazard": false,
    "angle": 0.009430408868027478,
    "ego_matrix": [
        [
            0.9357420802116394,
            0.3526850640773773,
            -8.243760385084897e-05,
            538.4976806640625
        ],
        [
            -0.3526850640773773,
            0.9357420206069946,
            -0.000374205264961347,
            53.85963821411133
        ],
        [
            -5.483626955538057e-05,
            0.000379234115825966,
            0.9999999403953552,
            0.03344474732875824
        ],
        [
            0.0,
            0.0,
            0.0,
            1.0
        ]
    ]
}