{
    "x": -53.449111486268244,
    "y": 539.891175052268,
    "theta": 1.2667341232299805,
    "speed": 3.146045587235215,
    "target_speed": 3.0,
    "x_command": -52.21059784327572,
    "y_command": 551.1359260441568,
    "command": 2,
    "waypoints": [
        [
            -53.04600524902344,
            541.4149780273438,
            1.3006325325782968
        ],
        [
            -52.71800994873047,
            542.9607543945312,
            1.3462554115285532
        ],
        [
            -52.47909927368164,
            544.5260009765625,
            1.401105078391498
        ],
        [
            -52.32362365722656,
            546.1035766601562,
            1.4537726592481515
        ],
        [
            -52.23849105834961,
            547.6867065429688,
            1.5003356923198548
        ],
        [
            -52.205257415771484,
            549.2719116210938,
            1.5364293439649412
        ],
        [
            -52.2030143737793,
            550.8574829101562,
            1.560157216702463
        ],
        [
            -52.2129020690918,
            552.4429931640625,
            1.5720880491290785
        ]
    ],
    "steer": 0.083,
    "throttle": 0.04640931076705217,
    "brake": false,
    "junction": true,
    "vehicle_hazard": [
        false,
        false,
        false,
        false,
        false,
        false,
        false,
        false,
        false,
        false,
        false,
        false,
        false,
        false,
        false,
        false,
        false,
        false,
        false,
        false,
        false,
        false,
        false,
        false,
        false,
        false,
        false,
        false,
        false,
        false,
        false,
        false,
        false,
        false,
        false,
        false,
        false,
        false,
        false,
        false,
        false,
        false,
        false,
        false,
        false,
        false,
        false,
        false,
        false,
        false,
        false,
        false,
        false,
        false,
        false,
        false,
        false,
        false,
        false,
        false,
        false,
        false,
        false,
        false,
        false,
        false,
        false,
        false,
        false,
        false,
        false,
        false,
        false,
        false,
        false,
        false,
        false,
        false,
        false,
        false
    ],
    "light_hazard": false,
    "walker_hazard": [
        false,
        false,
        false,
        false,
        false,
        false,
        false,
        false,
        false,
        false,
        false,
        false,
        false,
        false,
        false,
        false,
        false,
        false,
        false,
        false,
        false,
        false,
        false,
        false,
        false,
        false,
        false,
        false,
        false,
        false,
        false,
        false,
        false,
        false,
        false,
        false,
        false,
        false,
        false,
        false,
        false,
        false,
        false,
        false,
        false,
        false,
        false,
        false,
        false,
        false,
        false,
        false,
        false,
        false,
        false,
        false,
        false,
        false,
        false,
        false,
        false,
        false,
        false,
        false,
        false,
        false,
        false,
        false,
        false,
        false,
        false,
        false,
        false,
        false,
        false,
        false,
        false,
        false,
        false,
        false
    ],
    "stop_sign_hazard": false,
    "angle": -0.0016394109796125948,
    "ego_matrix": [
        [
            0.9524951577186584,
            0.3045531213283539,
            -0.00058361777337268,
            539.8911743164062
        ],
        [
            -0.30455338954925537,
            0.9524951577186584,
            -0.0003938386798836291,
            53.4466552734375
        ],
        [
            0.0004359483427833766,
            0.0005528721958398819,
            0.9999997019767761,
            0.033200453966856
        ],
        [
            0.0,
            0.0,
            0.0,
            1.0
        ]
    ]
}