{
    "x": -53.10112643630959,
    "y": 541.3123786674863,
    "theta": 1.3154962062835693,
    "speed": 2.8123895036614845,
    "target_speed": 3.0,
    "x_command": -52.21059784327572,
    "y_command": 551.1359260441568,
    "command": 2,
    "waypoints": [
        [
            -52.79708480834961,
            542.7274780273438,
            1.3458985812319961
        ],
        [
            -52.55298614501953,
            544.1983642578125,
            1.3899103642360524
        ],
        [
            -52.383155822753906,
            545.68994140625,
            1.4378290378487684
        ],
        [
            -52.276084899902344,
            547.1914672851562,
            1.4819546376999118
        ],
        [
            -52.221431732177734,
            548.6981811523438,
            1.5192883695006478
        ],
        [
            -52.20337677001953,
            550.2062377929688,
            1.547090758031504
        ],
        [
            -52.20474624633789,
            551.7144165039062,
            1.564217907984967
        ],
        [
            -52.2131233215332,
            553.2225952148438,
            1.572509649115807
        ]
    ],
    "steer": 0.092,
    "throttle": 0.75,
    "brake": false,
    "junction": true,
    "vehicle_hazard": [
        false,
        false,
        false,
        false,
        false,
        false,
        false,
        false,
        false,
        false,
        false,
        false,
        false,
        false,
        false,
        false,
        false,
        false,
        false,
        false,
        false,
        false,
        false,
        false,
        false,
        false,
        false,
        false,
        false,
        false,
        false,
        false,
        false,
        false,
        false,
        false,
        false,
        false,
        false,
        false,
        false,
        false,
        false,
        false,
        false,
        false,
        false,
        false,
        false,
        false,
        false,
        false,
        false,
        false,
        false,
        false,
        false,
        false,
        false,
        false,
        false,
        false,
        false,
        false,
        false,
        false,
        false,
        false,
        false,
        false,
        false,
        false,
        false,
        false,
        false,
        false,
        false,
        false,
        false,
        false
    ],
    "light_hazard": false,
    "walker_hazard": [
        false,
        false,
        false,
        false,
        false,
        false,
        false,
        false,
        false,
        false,
        false,
        false,
        false,
        false,
        false,
        false,
        false,
        false,
        false,
        false,
        false,
        false,
        false,
        false,
        false,
        false,
        false,
        false,
        false,
        false,
        false,
        false,
        false,
        false,
        false,
        false,
        false,
        false,
        false,
        false,
        false,
        false,
        false,
        false,
        false,
        false,
        false,
        false,
        false,
        false,
        false,
        false,
        false,
        false,
        false,
        false,
        false,
        false,
        false,
        false,
        false,
        false,
        false,
        false,
        false,
        false,
        false,
        false,
        false,
        false,
        false,
        false,
        false,
        false,
        false,
        false,
        false,
        false,
        false,
        false
    ],
    "stop_sign_hazard": false,
    "angle": -0.001977181957267603,
    "ego_matrix": [
        [
            0.9662324786186218,
            0.25767189264297485,
            0.00013925269013270736,
            541.3123779296875
        ],
        [
            -0.25767186284065247,
            0.966232419013977,
            -0.0003337060916237533,
            53.09868621826172
        ],
        [
            -0.00022053717111703008,
            0.00028655616915784776,
            0.9999999403953552,
            0.033527106046676636
        ],
        [
            0.0,
            0.0,
            0.0,
            1.0
        ]
    ]
}