{
    "x": -63.16683176809725,
    "y": 524.5062873359861,
    "theta": 0.7008897662162781,
    "speed": 0.0,
    "target_speed": 3.0,
    "x_command": -52.19988568269176,
    "y_command": 573.1359260741425,
    "command": 4,
    "waypoints": [
        [
            -63.12824249267578,
            524.5376586914062,
            0.7015742359808227
        ],
        [
            -63.01362228393555,
            524.6392822265625,
            0.7040175531229159
        ],
        [
            -62.82166290283203,
            524.8128662109375,
            0.7092892139217005
        ],
        [
            -62.55364990234375,
            525.059814453125,
            0.7174135197221235
        ],
        [
            -62.21118927001953,
            525.3818359375,
            0.7281757531612972
        ],
        [
            -61.79744338989258,
            525.7821655273438,
            0.742130317799149
        ],
        [
            -61.3153076171875,
            526.2635498046875,
            0.758990657502386
        ],
        [
            -60.768741607666016,
            526.8297119140625,
            0.7786334013335107
        ]
    ],
    "steer": 0.058,
    "throttle": 0.75,
    "brake": false,
    "junction": true,
    "vehicle_hazard": [
        false,
        false,
        false,
        false,
        false,
        false,
        false,
        false,
        false,
        false,
        false,
        false,
        false,
        false,
        false,
        false,
        false,
        false,
        false,
        false,
        false,
        false,
        false,
        false,
        false,
        false,
        false,
        false,
        false,
        false,
        false,
        false,
        false,
        false,
        false,
        false,
        false,
        false,
        false,
        false,
        false,
        false,
        false,
        false,
        false,
        false,
        false,
        false,
        false,
        false,
        false,
        false,
        false,
        false,
        false,
        false,
        false,
        false,
        false,
        false,
        false,
        false,
        false,
        false,
        false,
        false,
        false,
        false,
        false,
        false,
        false,
        false,
        false,
        false,
        false,
        false,
        false,
        false,
        false,
        false
    ],
    "light_hazard": false,
    "walker_hazard": [
        false,
        false,
        false,
        false,
        false,
        false,
        false,
        false,
        false,
        false,
        false,
        false,
        false,
        false,
        false,
        false,
        false,
        false,
        false,
        false,
        false,
        false,
        false,
        false,
        false,
        false,
        false,
        false,
        false,
        false,
        false,
        false,
        false,
        false,
        false,
        false,
        false,
        false,
        false,
        false,
        false,
        false,
        false,
        false,
        false,
        false,
        false,
        false,
        false,
        false,
        false,
        false,
        false,
        false,
        false,
        false,
        false,
        false,
        false,
        false,
        false,
        false,
        false,
        false,
        false,
        false,
        false,
        false,
        false,
        false,
        false,
        false,
        false,
        false,
        false,
        false,
        false,
        false,
        false,
        false
    ],
    "stop_sign_hazard": false,
    "angle": 0.04906166409395657,
    "ego_matrix": [
        [
            0.6448978781700134,
            0.7642687559127808,
            0.0,
            524.5062866210938
        ],
        [
            -0.7642687559127808,
            0.6448978781700134,
            0.0,
            63.1639289855957
        ],
        [
            0.0,
            -0.0,
            1.0,
            0.23501689732074738
        ],
        [
            0.0,
            0.0,
            0.0,
            1.0
        ]
    ]
}