{
    "x": -63.16681269054447,
    "y": 524.5062873359861,
    "theta": 0.7008891105651855,
    "speed": 1.721248531629766e-05,
    "target_speed": 3.0,
    "x_command": -52.19988568269176,
    "y_command": 573.1359260741425,
    "command": 4,
    "waypoints": [
        [
            -63.128299713134766,
            524.5377807617188,
            0.7016616542436046
        ],
        [
            -63.01396179199219,
            524.6397094726562,
            0.7043886646208185
        ],
        [
            -62.82253646850586,
            524.8139038085938,
            0.7101190549173692
        ],
        [
            -62.55490493774414,
            525.061279296875,
            0.7183976909029622
        ],
        [
            -62.212547302246094,
            525.3834228515625,
            0.7289769651752476
        ],
        [
            -61.79882049560547,
            525.7837524414062,
            0.7426757997694244
        ],
        [
            -61.31661605834961,
            526.2650756835938,
            0.759272286787662
        ],
        [
            -60.769893646240234,
            526.8311767578125,
            0.778675479278734
        ]
    ],
    "steer": 0.054,
    "throttle": 0.75,
    "brake": false,
    "junction": true,
    "vehicle_hazard": [
        false,
        false,
        false,
        false,
        false,
        false,
        false,
        false,
        false,
        false,
        false,
        false,
        false,
        false,
        false,
        false,
        false,
        false,
        false,
        false,
        false,
        false,
        false,
        false,
        false,
        false,
        false,
        false,
        false,
        false,
        false,
        false,
        false,
        false,
        false,
        false,
        false,
        false,
        false,
        false,
        false,
        false,
        false,
        false,
        false,
        false,
        false,
        false,
        false,
        false,
        false,
        false,
        false,
        false,
        false,
        false,
        false,
        false,
        false,
        false,
        false,
        false,
        false,
        false,
        false,
        false,
        false,
        false,
        false,
        false,
        false,
        false,
        false,
        false,
        false,
        false,
        false,
        false,
        false,
        false
    ],
    "light_hazard": false,
    "walker_hazard": [
        false,
        false,
        false,
        false,
        false,
        false,
        false,
        false,
        false,
        false,
        false,
        false,
        false,
        false,
        false,
        false,
        false,
        false,
        false,
        false,
        false,
        false,
        false,
        false,
        false,
        false,
        false,
        false,
        false,
        false,
        false,
        false,
        false,
        false,
        false,
        false,
        false,
        false,
        false,
        false,
        false,
        false,
        false,
        false,
        false,
        false,
        false,
        false,
        false,
        false,
        false,
        false,
        false,
        false,
        false,
        false,
        false,
        false,
        false,
        false,
        false,
        false,
        false,
        false,
        false,
        false,
        false,
        false,
        false,
        false,
        false,
        false,
        false,
        false,
        false,
        false,
        false,
        false,
        false,
        false
    ],
    "stop_sign_hazard": false,
    "angle": 0.04875711262602425,
    "ego_matrix": [
        [
            0.6448974013328552,
            0.7642691731452942,
            -4.130983870709315e-05,
            524.5062866210938
        ],
        [
            -0.7642691731452942,
            0.6448974013328552,
            6.008645868860185e-06,
            63.163909912109375
        ],
        [
            3.123283022432588e-05,
            2.7696874894900247e-05,
            1.0,
            0.018273772671818733
        ],
        [
            0.0,
            0.0,
            0.0,
            1.0
        ]
    ]
}