{
    "x": -63.16681269054447,
    "y": 524.5062873359861,
    "theta": 0.7008891105651855,
    "speed": 0.0,
    "target_speed": 3.0,
    "x_command": -52.19988568269176,
    "y_command": 573.1359260741425,
    "command": 4,
    "waypoints": [
        [
            -63.128395080566406,
            524.5379028320312,
            0.7017538661963486
        ],
        [
            -63.01435089111328,
            524.64013671875,
            0.7047610411202387
        ],
        [
            -62.82316207885742,
            524.8145751953125,
            0.7106448294955781
        ],
        [
            -62.55558776855469,
            525.06201171875,
            0.7188520261849298
        ],
        [
            -62.213253021240234,
            525.3840942382812,
            0.7293147205804968
        ],
        [
            -61.79951858520508,
            525.784423828125,
            0.7428849910730501
        ],
        [
            -61.3172607421875,
            526.2657470703125,
            0.7593490524060835
        ],
        [
            -60.77048110961914,
            526.8317260742188,
            0.7786635616328559
        ]
    ],
    "steer": 0.061,
    "throttle": 0.75,
    "brake": false,
    "junction": true,
    "vehicle_hazard": [
        false,
        false,
        false,
        false,
        false,
        false,
        false,
        false,
        false,
        false,
        false,
        false,
        false,
        false,
        false,
        false,
        false,
        false,
        false,
        false,
        false,
        false,
        false,
        false,
        false,
        false,
        false,
        false,
        false,
        false,
        false,
        false,
        false,
        false,
        false,
        false,
        false,
        false,
        false,
        false,
        false,
        false,
        false,
        false,
        false,
        false,
        false,
        false,
        false,
        false,
        false,
        false,
        false,
        false,
        false,
        false,
        false,
        false,
        false,
        false,
        false,
        false,
        false,
        false,
        false,
        false,
        false,
        false,
        false,
        false,
        false,
        false,
        false,
        false,
        false,
        false,
        false,
        false,
        false,
        false
    ],
    "light_hazard": false,
    "walker_hazard": [
        false,
        false,
        false,
        false,
        false,
        false,
        false,
        false,
        false,
        false,
        false,
        false,
        false,
        false,
        false,
        false,
        false,
        false,
        false,
        false,
        false,
        false,
        false,
        false,
        false,
        false,
        false,
        false,
        false,
        false,
        false,
        false,
        false,
        false,
        false,
        false,
        false,
        false,
        false,
        false,
        false,
        false,
        false,
        false,
        false,
        false,
        false,
        false,
        false,
        false,
        false,
        false,
        false,
        false,
        false,
        false,
        false,
        false,
        false,
        false,
        false,
        false,
        false,
        false,
        false,
        false,
        false,
        false,
        false,
        false,
        false,
        false,
        false,
        false,
        false,
        false,
        false,
        false,
        false,
        false
    ],
    "stop_sign_hazard": false,
    "angle": 0.04863932437596132,
    "ego_matrix": [
        [
            0.6448974013328552,
            0.7642691731452942,
            -5.332293767423835e-06,
            524.5062866210938
        ],
        [
            -0.7642691731452942,
            0.6448974013328552,
            -2.880292413465213e-07,
            63.163909912109375
        ],
        [
            3.2186505904974183e-06,
            4.261056801624363e-06,
            1.0,
            0.032941702753305435
        ],
        [
            0.0,
            0.0,
            0.0,
            1.0
        ]
    ]
}