{
    "x": -63.16681269054447,
    "y": 524.5062873359861,
    "theta": 0.7008891105651855,
    "speed": 3.898995799838219e-08,
    "target_speed": 3.0,
    "x_command": -52.19988568269176,
    "y_command": 573.1359260741425,
    "command": 4,
    "waypoints": [
        [
            -63.128482818603516,
            524.5379638671875,
            0.7018462113071471
        ],
        [
            -63.01456069946289,
            524.640380859375,
            0.7049639074162756
        ],
        [
            -62.823394775390625,
            524.8148193359375,
            0.710834513144219
        ],
        [
            -62.555824279785156,
            525.062255859375,
            0.7190012963640288
        ],
        [
            -62.213523864746094,
            525.3843994140625,
            0.7294498760058185
        ],
        [
            -61.7998046875,
            525.7847900390625,
            0.742988787776536
        ],
        [
            -61.31754684448242,
            526.2660522460938,
            0.7594153651172264
        ],
        [
            -60.77074432373047,
            526.83203125,
            0.7786885287680754
        ]
    ],
    "steer": 0.068,
    "throttle": 0.75,
    "brake": false,
    "junction": true,
    "vehicle_hazard": [
        false,
        false,
        false,
        false,
        false,
        false,
        false,
        false,
        false,
        false,
        false,
        false,
        false,
        false,
        false,
        false,
        false,
        false,
        false,
        false,
        false,
        false,
        false,
        false,
        false,
        false,
        false,
        false,
        false,
        false,
        false,
        false,
        false,
        false,
        false,
        false,
        false,
        false,
        false,
        false,
        false,
        false,
        false,
        false,
        false,
        false,
        false,
        false,
        false,
        false,
        false,
        false,
        false,
        false,
        false,
        false,
        false,
        false,
        false,
        false,
        false,
        false,
        false,
        false,
        false,
        false,
        false,
        false,
        false,
        false,
        false,
        false,
        false,
        false,
        false,
        false,
        false,
        false,
        false,
        false
    ],
    "light_hazard": false,
    "walker_hazard": [
        false,
        false,
        false,
        false,
        false,
        false,
        false,
        false,
        false,
        false,
        false,
        false,
        false,
        false,
        false,
        false,
        false,
        false,
        false,
        false,
        false,
        false,
        false,
        false,
        false,
        false,
        false,
        false,
        false,
        false,
        false,
        false,
        false,
        false,
        false,
        false,
        false,
        false,
        false,
        false,
        false,
        false,
        false,
        false,
        false,
        false,
        false,
        false,
        false,
        false,
        false,
        false,
        false,
        false,
        false,
        false,
        false,
        false,
        false,
        false,
        false,
        false,
        false,
        false,
        false,
        false,
        false,
        false,
        false,
        false,
        false,
        false,
        false,
        false,
        false,
        false,
        false,
        false,
        false,
        false
    ],
    "stop_sign_hazard": false,
    "angle": 0.04856297870344561,
    "ego_matrix": [
        [
            0.6448974013328552,
            0.7642691731452942,
            -1.9131230146740563e-06,
            524.5062866210938
        ],
        [
            -0.7642691731452942,
            0.6448974013328552,
            -2.1050766463304171e-07,
            63.163909912109375
        ],
        [
            1.0728834922701935e-06,
            1.5978966985130683e-06,
            1.0,
            0.03339275345206261
        ],
        [
            0.0,
            0.0,
            0.0,
            1.0
        ]
    ]
}