{
    "x": -63.16681269054447,
    "y": 524.5062873359861,
    "theta": 0.7008891105651855,
    "speed": -5.0556930012948574e-09,
    "target_speed": 3.0,
    "x_command": -52.19988568269176,
    "y_command": 573.1359260741425,
    "command": 4,
    "waypoints": [
        [
            -63.128501892089844,
            524.5380249023438,
            0.7018658521201865
        ],
        [
            -63.01457977294922,
            524.640380859375,
            0.7049835482293149
        ],
        [
            -62.82341766357422,
            524.8148193359375,
            0.7108541539572583
        ],
        [
            -62.55585479736328,
            525.062255859375,
            0.719020937177068
        ],
        [
            -62.21354293823242,
            525.3844604492188,
            0.7294575325939523
        ],
        [
            -61.799827575683594,
            525.7847900390625,
            0.7429964443646699
        ],
        [
            -61.31757354736328,
            526.2660522460938,
            0.7594229551263331
        ],
        [
            -60.770774841308594,
            526.83203125,
            0.7786961853562094
        ]
    ],
    "steer": 0.074,
    "throttle": 0.75,
    "brake": false,
    "junction": true,
    "vehicle_hazard": [
        false,
        false,
        false,
        false,
        false,
        false,
        false,
        false,
        false,
        false,
        false,
        false,
        false,
        false,
        false,
        false,
        false,
        false,
        false,
        false,
        false,
        false,
        false,
        false,
        false,
        false,
        false,
        false,
        false,
        false,
        false,
        false,
        false,
        false,
        false,
        false,
        false,
        false,
        false,
        false,
        false,
        false,
        false,
        false,
        false,
        false,
        false,
        false,
        false,
        false,
        false,
        false,
        false,
        false,
        false,
        false,
        false,
        false,
        false,
        false,
        false,
        false,
        false,
        false,
        false,
        false,
        false,
        false,
        false,
        false,
        false,
        false,
        false,
        false,
        false,
        false,
        false,
        false,
        false,
        false
    ],
    "light_hazard": false,
    "walker_hazard": [
        false,
        false,
        false,
        false,
        false,
        false,
        false,
        false,
        false,
        false,
        false,
        false,
        false,
        false,
        false,
        false,
        false,
        false,
        false,
        false,
        false,
        false,
        false,
        false,
        false,
        false,
        false,
        false,
        false,
        false,
        false,
        false,
        false,
        false,
        false,
        false,
        false,
        false,
        false,
        false,
        false,
        false,
        false,
        false,
        false,
        false,
        false,
        false,
        false,
        false,
        false,
        false,
        false,
        false,
        false,
        false,
        false,
        false,
        false,
        false,
        false,
        false,
        false,
        false,
        false,
        false,
        false,
        false,
        false,
        false,
        false,
        false,
        false,
        false,
        false,
        false,
        false,
        false,
        false,
        false
    ],
    "stop_sign_hazard": false,
    "angle": 0.04855093182433778,
    "ego_matrix": [
        [
            0.6448974013328552,
            0.7642691731452942,
            -1.9131230146740563e-06,
            524.5062866210938
        ],
        [
            -0.7642691731452942,
            0.6448974013328552,
            -2.1050766463304171e-07,
            63.163909912109375
        ],
        [
            1.0728834922701935e-06,
            1.5978966985130683e-06,
            1.0,
            0.033415909856557846
        ],
        [
            0.0,
            0.0,
            0.0,
            1.0
        ]
    ]
}