{
    "x": -62.89570114339774,
    "y": 524.7556769847636,
    "theta": 0.7147402763366699,
    "speed": 2.5324778740168066,
    "target_speed": 3.0,
    "x_command": -52.19988568269176,
    "y_command": 573.1359260741425,
    "command": 4,
    "waypoints": [
        [
            -61.93549346923828,
            525.6553344726562,
            0.739498715167987
        ],
        [
            -60.93280792236328,
            526.6590576171875,
            0.7716542548018218
        ],
        [
            -59.924251556396484,
            527.7517700195312,
            0.8100897280231452
        ],
        [
            -58.949981689453125,
            528.8986206054688,
            0.8509902231494458
        ],
        [
            -58.025089263916016,
            530.0953979492188,
            0.895706229169503
        ],
        [
            -57.15817642211914,
            531.3389892578125,
            0.9437601747208384
        ],
        [
            -56.35460662841797,
            532.6251220703125,
            0.993474867527947
        ],
        [
            -55.618656158447266,
            533.951171875,
            1.0444943428216265
        ]
    ],
    "steer": 0.079,
    "throttle": 0.75,
    "brake": false,
    "junction": true,
    "vehicle_hazard": [
        false,
        false,
        false,
        false,
        false,
        false,
        false,
        false,
        false,
        false,
        false,
        false,
        false,
        false,
        false,
        false,
        false,
        false,
        false,
        false,
        false,
        false,
        false,
        false,
        false,
        false,
        false,
        false,
        false,
        false,
        false,
        false,
        false,
        false,
        false,
        false,
        false,
        false,
        false,
        false,
        false,
        false,
        false,
        false,
        false,
        false,
        false,
        false,
        false,
        false,
        false,
        false,
        false,
        false,
        false,
        false,
        false,
        false,
        false,
        false,
        false,
        false,
        false,
        false,
        false,
        false,
        false,
        false,
        false,
        false,
        false,
        false,
        false,
        false,
        false,
        false,
        false,
        false,
        false,
        false
    ],
    "light_hazard": false,
    "walker_hazard": [
        false,
        false,
        false,
        false,
        false,
        false,
        false,
        false,
        false,
        false,
        false,
        false,
        false,
        false,
        false,
        false,
        false,
        false,
        false,
        false,
        false,
        false,
        false,
        false,
        false,
        false,
        false,
        false,
        false,
        false,
        false,
        false,
        false,
        false,
        false,
        false,
        false,
        false,
        false,
        false,
        false,
        false,
        false,
        false,
        false,
        false,
        false,
        false,
        false,
        false,
        false,
        false,
        false,
        false,
        false,
        false,
        false,
        false,
        false,
        false,
        false,
        false,
        false,
        false,
        false,
        false,
        false,
        false,
        false,
        false,
        false,
        false,
        false,
        false,
        false,
        false,
        false,
        false,
        false,
        false
    ],
    "stop_sign_hazard": false,
    "angle": 0.05700634840596937,
    "ego_matrix": [
        [
            0.6526815295219421,
            0.7576279640197754,
            -0.00258696754463017,
            524.7556762695312
        ],
        [
            -0.7576250433921814,
            0.6526864767074585,
            0.002180329989641905,
            62.8928108215332
        ],
        [
            0.0033403572160750628,
            0.000536890234798193,
            0.9999942779541016,
            0.0317549891769886
        ],
        [
            0.0,
            0.0,
            0.0,
            1.0
        ]
    ]
}