{
    "x": -61.61079483600728,
    "y": 526.0012824552114,
    "theta": 0.7630538940429688,
    "speed": 3.787174861140804,
    "target_speed": 3.0,
    "x_command": -52.19988568269176,
    "y_command": 573.1359260741425,
    "command": 4,
    "waypoints": [
        [
            -60.29208755493164,
            527.370361328125,
            0.7980103616878454
        ],
        [
            -59.03887176513672,
            528.8095703125,
            0.8453760132554499
        ],
        [
            -57.86521911621094,
            530.3206787109375,
            0.9004588398718312
        ],
        [
            -56.78752136230469,
            531.9029541015625,
            0.9616798533266818
        ],
        [
            -55.81648635864258,
            533.552734375,
            1.0267238012368274
        ],
        [
            -54.95797348022461,
            535.2638549804688,
            1.0932010957351674
        ],
        [
            -54.2173957824707,
            537.0291137695312,
            1.1607931894658146
        ],
        [
            -53.594600677490234,
            538.83935546875,
            1.226898906413061
        ]
    ],
    "steer": 0.058,
    "throttle": 0.09530937639277844,
    "brake": false,
    "junction": true,
    "vehicle_hazard": [
        false,
        false,
        false,
        false,
        false,
        false,
        false,
        false,
        false,
        false,
        false,
        false,
        false,
        false,
        false,
        false,
        false,
        false,
        false,
        false,
        false,
        false,
        false,
        false,
        false,
        false,
        false,
        false,
        false,
        false,
        false,
        false,
        false,
        false,
        false,
        false,
        false,
        false,
        false,
        false,
        false,
        false,
        false,
        false,
        false,
        false,
        false,
        false,
        false,
        false,
        false,
        false,
        false,
        false,
        false,
        false,
        false,
        false,
        false,
        false,
        false,
        false,
        false,
        false,
        false,
        false,
        false,
        false,
        false,
        false,
        false,
        false,
        false,
        false,
        false,
        false,
        false,
        false,
        false,
        false
    ],
    "light_hazard": false,
    "walker_hazard": [
        false,
        false,
        false,
        false,
        false,
        false,
        false,
        false,
        false,
        false,
        false,
        false,
        false,
        false,
        false,
        false,
        false,
        false,
        false,
        false,
        false,
        false,
        false,
        false,
        false,
        false,
        false,
        false,
        false,
        false,
        false,
        false,
        false,
        false,
        false,
        false,
        false,
        false,
        false,
        false,
        false,
        false,
        false,
        false,
        false,
        false,
        false,
        false,
        false,
        false,
        false,
        false,
        false,
        false,
        false,
        false,
        false,
        false,
        false,
        false,
        false,
        false,
        false,
        false,
        false,
        false,
        false,
        false,
        false,
        false,
        false,
        false,
        false,
        false,
        false,
        false,
        false,
        false,
        false,
        false
    ],
    "stop_sign_hazard": false,
    "angle": 0.060105881306670765,
    "ego_matrix": [
        [
            0.6878277063369751,
            0.7258734107017517,
            -0.0009303312981501222,
            526.0012817382812
        ],
        [
            -0.725873589515686,
            0.6878280639648438,
            0.0001284370373468846,
            61.60796356201172
        ],
        [
            0.0007331370143219829,
            0.0005869604065082967,
            0.9999995231628418,
            0.033052559942007065
        ],
        [
            0.0,
            0.0,
            0.0,
            1.0
        ]
    ]
}