{
    "x": -60.45163054579083,
    "y": 527.2280280623521,
    "theta": 0.8058539628982544,
    "speed": 2.9657804451088174,
    "target_speed": 3.0,
    "x_command": -52.19988568269176,
    "y_command": 573.1359260741425,
    "command": 4,
    "waypoints": [
        [
            -59.45869445800781,
            528.345458984375,
            0.8335021097982498
        ],
        [
            -58.50623321533203,
            529.506103515625,
            0.86968348347293
        ],
        [
            -57.607383728027344,
            530.7103881835938,
            0.9129012616427359
        ],
        [
            -56.76921463012695,
            531.9579467773438,
            0.9608785081546769
        ],
        [
            -55.99664306640625,
            533.247314453125,
            1.011320976308677
        ],
        [
            -55.294776916503906,
            534.5765380859375,
            1.0643064304085665
        ],
        [
            -54.66482925415039,
            535.9412841796875,
            1.1175419553348145
        ],
        [
            -54.10824966430664,
            537.3375854492188,
            1.1705275093032448
        ]
    ],
    "steer": 0.062,
    "throttle": 0.26980445017601357,
    "brake": false,
    "junction": true,
    "vehicle_hazard": [
        false,
        false,
        false,
        false,
        false,
        false,
        false,
        false,
        false,
        false,
        false,
        false,
        false,
        false,
        false,
        false,
        false,
        false,
        false,
        false,
        false,
        false,
        false,
        false,
        false,
        false,
        false,
        false,
        false,
        false,
        false,
        false,
        false,
        false,
        false,
        false,
        false,
        false,
        false,
        false,
        false,
        false,
        false,
        false,
        false,
        false,
        false,
        false,
        false,
        false,
        false,
        false,
        false,
        false,
        false,
        false,
        false,
        false,
        false,
        false,
        false,
        false,
        false,
        false,
        false,
        false,
        false,
        false,
        false,
        false,
        false,
        false,
        false,
        false,
        false,
        false,
        false,
        false,
        false,
        false
    ],
    "light_hazard": false,
    "walker_hazard": [
        false,
        false,
        false,
        false,
        false,
        false,
        false,
        false,
        false,
        false,
        false,
        false,
        false,
        false,
        false,
        false,
        false,
        false,
        false,
        false,
        false,
        false,
        false,
        false,
        false,
        false,
        false,
        false,
        false,
        false,
        false,
        false,
        false,
        false,
        false,
        false,
        false,
        false,
        false,
        false,
        false,
        false,
        false,
        false,
        false,
        false,
        false,
        false,
        false,
        false,
        false,
        false,
        false,
        false,
        false,
        false,
        false,
        false,
        false,
        false,
        false,
        false,
        false,
        false,
        false,
        false,
        false,
        false,
        false,
        false,
        false,
        false,
        false,
        false,
        false,
        false,
        false,
        false,
        false,
        false
    ],
    "stop_sign_hazard": false,
    "angle": 0.05769363085322533,
    "ego_matrix": [
        [
            0.7187271118164062,
            0.6952921748161316,
            0.00026316355797462165,
            527.22802734375
        ],
        [
            -0.6952918767929077,
            0.7187270522117615,
            -0.0007614793721586466,
            60.4488525390625
        ],
        [
            -0.0007185934809967875,
            0.00036432038177736104,
            0.9999997019767761,
            0.033775024116039276
        ],
        [
            0.0,
            0.0,
            0.0,
            1.0
        ]
    ]
}