{
    "x": -59.50141064097731,
    "y": 528.3258063841608,
    "theta": 0.8455318808555603,
    "speed": 3.1550789000656096,
    "target_speed": 3.0,
    "x_command": -52.19988568269176,
    "y_command": 573.1359260741425,
    "command": 4,
    "waypoints": [
        [
            -58.49868392944336,
            529.549072265625,
            0.8742960784809473
        ],
        [
            -57.551918029785156,
            530.8180541992188,
            0.9158322035804226
        ],
        [
            -56.670223236083984,
            532.1356811523438,
            0.9647271088249776
        ],
        [
            -55.86073684692383,
            533.5008544921875,
            1.0178148948897534
        ],
        [
            -55.13058853149414,
            534.910400390625,
            1.0737270631590992
        ],
        [
            -54.48398208618164,
            536.360107421875,
            1.1315317069885689
        ],
        [
            -53.92102813720703,
            537.8442993164062,
            1.188676219762835
        ],
        [
            -53.43973922729492,
            539.3569946289062,
            1.2436200293703144
        ]
    ],
    "steer": 0.07,
    "throttle": 0.04842665213707585,
    "brake": false,
    "junction": true,
    "vehicle_hazard": [
        false,
        false,
        false,
        false,
        false,
        false,
        false,
        false,
        false,
        false,
        false,
        false,
        false,
        false,
        false,
        false,
        false,
        false,
        false,
        false,
        false,
        false,
        false,
        false,
        false,
        false,
        false,
        false,
        false,
        false,
        false,
        false,
        false,
        false,
        false,
        false,
        false,
        false,
        false,
        false,
        false,
        false,
        false,
        false,
        false,
        false,
        false,
        false,
        false,
        false,
        false,
        false,
        false,
        false,
        false,
        false,
        false,
        false,
        false,
        false,
        false,
        false,
        false,
        false,
        false,
        false,
        false,
        false,
        false,
        false,
        false,
        false,
        false,
        false,
        false,
        false,
        false,
        false,
        false,
        false
    ],
    "light_hazard": false,
    "walker_hazard": [
        false,
        false,
        false,
        false,
        false,
        false,
        false,
        false,
        false,
        false,
        false,
        false,
        false,
        false,
        false,
        false,
        false,
        false,
        false,
        false,
        false,
        false,
        false,
        false,
        false,
        false,
        false,
        false,
        false,
        false,
        false,
        false,
        false,
        false,
        false,
        false,
        false,
        false,
        false,
        false,
        false,
        false,
        false,
        false,
        false,
        false,
        false,
        false,
        false,
        false,
        false,
        false,
        false,
        false,
        false,
        false,
        false,
        false,
        false,
        false,
        false,
        false,
        false,
        false,
        false,
        false,
        false,
        false,
        false,
        false,
        false,
        false,
        false,
        false,
        false,
        false,
        false,
        false,
        false,
        false
    ],
    "stop_sign_hazard": false,
    "angle": 0.06610159071056536,
    "ego_matrix": [
        [
            0.7452486157417297,
            0.6667863726615906,
            -0.000636798853520304,
            528.3258056640625
        ],
        [
            -0.6667865514755249,
            0.7452487349510193,
            -6.919063162058592e-05,
            59.49867630004883
        ],
        [
            0.00042843815754167736,
            0.00047617312520742416,
            0.9999997615814209,
            0.03320423141121864
        ],
        [
            0.0,
            0.0,
            0.0,
            1.0
        ]
    ]
}