{
    "x": -58.589629391528184,
    "y": 529.4725959365052,
    "theta": 0.8858382105827332,
    "speed": 2.7816478927946524,
    "target_speed": 3.0,
    "x_command": -52.19988568269176,
    "y_command": 573.1359260741425,
    "command": 4,
    "waypoints": [
        [
            -57.72637176513672,
            530.620361328125,
            0.9141103367776319
        ],
        [
            -56.884830474853516,
            531.8469848632812,
            0.9540970347548992
        ],
        [
            -56.09700393676758,
            533.1240844726562,
            1.000208337449076
        ],
        [
            -55.375221252441406,
            534.4448852539062,
            1.0511795096584842
        ],
        [
            -54.72622299194336,
            535.8060302734375,
            1.1049194372951932
        ],
        [
            -54.1553840637207,
            537.2023315429688,
            1.160771517992444
        ],
        [
            -53.659339904785156,
            538.6270141601562,
            1.2147850521416448
        ],
        [
            -53.23994827270508,
            540.076171875,
            1.2681294337774498
        ]
    ],
    "steer": 0.064,
    "throttle": 0.75,
    "brake": false,
    "junction": true,
    "vehicle_hazard": [
        false,
        false,
        false,
        false,
        false,
        false,
        false,
        false,
        false,
        false,
        false,
        false,
        false,
        false,
        false,
        false,
        false,
        false,
        false,
        false,
        false,
        false,
        false,
        false,
        false,
        false,
        false,
        false,
        false,
        false,
        false,
        false,
        false,
        false,
        false,
        false,
        false,
        false,
        false,
        false,
        false,
        false,
        false,
        false,
        false,
        false,
        false,
        false,
        false,
        false,
        false,
        false,
        false,
        false,
        false,
        false,
        false,
        false,
        false,
        false,
        false,
        false,
        false,
        false,
        false,
        false,
        false,
        false,
        false,
        false,
        false,
        false,
        false,
        false,
        false,
        false,
        false,
        false,
        false,
        false
    ],
    "light_hazard": false,
    "walker_hazard": [
        false,
        false,
        false,
        false,
        false,
        false,
        false,
        false,
        false,
        false,
        false,
        false,
        false,
        false,
        false,
        false,
        false,
        false,
        false,
        false,
        false,
        false,
        false,
        false,
        false,
        false,
        false,
        false,
        false,
        false,
        false,
        false,
        false,
        false,
        false,
        false,
        false,
        false,
        false,
        false,
        false,
        false,
        false,
        false,
        false,
        false,
        false,
        false,
        false,
        false,
        false,
        false,
        false,
        false,
        false,
        false,
        false,
        false,
        false,
        false,
        false,
        false,
        false,
        false,
        false,
        false,
        false,
        false,
        false,
        false,
        false,
        false,
        false,
        false,
        false,
        false,
        false,
        false,
        false,
        false
    ],
    "stop_sign_hazard": false,
    "angle": 0.05683968595791642,
    "ego_matrix": [
        [
            0.7720778584480286,
            0.6355278491973877,
            4.238680412527174e-05,
            529.4725952148438
        ],
        [
            -0.6355277895927429,
            0.7720777988433838,
            -0.0003936218854505569,
            58.586936950683594
        ],
        [
            -0.00028288361500017345,
            0.0002769687562249601,
            0.9999998807907104,
            0.03355830907821655
        ],
        [
            0.0,
            0.0,
            0.0,
            1.0
        ]
    ]
}