{
    "x": -57.69891386726977,
    "y": 530.6970832428616,
    "theta": 0.9301894307136536,
    "speed": 2.912929600900502,
    "target_speed": 3.0,
    "x_command": -52.19988568269176,
    "y_command": 573.1359260741425,
    "command": 4,
    "waypoints": [
        [
            -56.86562728881836,
            531.9190673828125,
            0.9603707099138261
        ],
        [
            -56.08101272583008,
            533.1943969726562,
            1.0028549203613695
        ],
        [
            -55.36075210571289,
            534.51220703125,
            1.051795898292783
        ],
        [
            -54.710079193115234,
            535.8678588867188,
            1.103258223986229
        ],
        [
            -54.13748550415039,
            537.2589721679688,
            1.1585819668127217
        ],
        [
            -53.64295959472656,
            538.679931640625,
            1.2142027852588126
        ],
        [
            -53.226200103759766,
            540.1255493164062,
            1.2685724506247844
        ],
        [
            -52.88576889038086,
            541.5911254882812,
            1.3216906799497712
        ]
    ],
    "steer": 0.075,
    "throttle": 0.5441963677042824,
    "brake": false,
    "junction": true,
    "vehicle_hazard": [
        false,
        false,
        false,
        false,
        false,
        false,
        false,
        false,
        false,
        false,
        false,
        false,
        false,
        false,
        false,
        false,
        false,
        false,
        false,
        false,
        false,
        false,
        false,
        false,
        false,
        false,
        false,
        false,
        false,
        false,
        false,
        false,
        false,
        false,
        false,
        false,
        false,
        false,
        false,
        false,
        false,
        false,
        false,
        false,
        false,
        false,
        false,
        false,
        false,
        false,
        false,
        false,
        false,
        false,
        false,
        false,
        false,
        false,
        false,
        false,
        false,
        false,
        false,
        false,
        false,
        false,
        false,
        false,
        false,
        false,
        false,
        false,
        false,
        false,
        false,
        false,
        false,
        false,
        false,
        false
    ],
    "light_hazard": false,
    "walker_hazard": [
        false,
        false,
        false,
        false,
        false,
        false,
        false,
        false,
        false,
        false,
        false,
        false,
        false,
        false,
        false,
        false,
        false,
        false,
        false,
        false,
        false,
        false,
        false,
        false,
        false,
        false,
        false,
        false,
        false,
        false,
        false,
        false,
        false,
        false,
        false,
        false,
        false,
        false,
        false,
        false,
        false,
        false,
        false,
        false,
        false,
        false,
        false,
        false,
        false,
        false,
        false,
        false,
        false,
        false,
        false,
        false,
        false,
        false,
        false,
        false,
        false,
        false,
        false,
        false,
        false,
        false,
        false,
        false,
        false,
        false,
        false,
        false,
        false,
        false,
        false,
        false,
        false,
        false,
        false,
        false
    ],
    "stop_sign_hazard": false,
    "angle": 0.060167882731116784,
    "ego_matrix": [
        [
            0.7990479469299316,
            0.6012672781944275,
            -0.00014610501239076257,
            530.6970825195312
        ],
        [
            -0.6012672781944275,
            0.7990477681159973,
            -0.0004733194946311414,
            57.69626235961914
        ],
        [
            -0.00016784666513558477,
            0.0004660531703848392,
            0.9999998807907104,
            0.03350086137652397
        ],
        [
            0.0,
            0.0,
            0.0,
            1.0
        ]
    ]
}