{
    "x": -56.90241425254531,
    "y": 531.9097297288895,
    "theta": 0.974931538105011,
    "speed": 3.152789706443258,
    "target_speed": 3.0,
    "x_command": -52.19988568269176,
    "y_command": 573.1359260741425,
    "command": 4,
    "waypoints": [
        [
            -56.07674026489258,
            533.2572631835938,
            1.0093897184651788
        ],
        [
            -55.31807327270508,
            534.6476440429688,
            1.0558672058092418
        ],
        [
            -54.6347770690918,
            536.0802612304688,
            1.1084745909028808
        ],
        [
            -54.035282135009766,
            537.552001953125,
            1.1647566722476386
        ],
        [
            -53.525508880615234,
            539.057373046875,
            1.2239099408531242
        ],
        [
            -53.104042053222656,
            540.5897827148438,
            1.2824463214816069
        ],
        [
            -52.77186965942383,
            542.1439819335938,
            1.340365814133086
        ],
        [
            -52.5259895324707,
            543.7142333984375,
            1.3961261322860268
        ]
    ],
    "steer": 0.092,
    "throttle": 0.04918300243972106,
    "brake": false,
    "junction": true,
    "vehicle_hazard": [
        false,
        false,
        false,
        false,
        false,
        false,
        false,
        false,
        false,
        false,
        false,
        false,
        false,
        false,
        false,
        false,
        false,
        false,
        false,
        false,
        false,
        false,
        false,
        false,
        false,
        false,
        false,
        false,
        false,
        false,
        false,
        false,
        false,
        false,
        false,
        false,
        false,
        false,
        false,
        false,
        false,
        false,
        false,
        false,
        false,
        false,
        false,
        false,
        false,
        false,
        false,
        false,
        false,
        false,
        false,
        false,
        false,
        false,
        false,
        false,
        false,
        false,
        false,
        false,
        false,
        false,
        false,
        false,
        false,
        false,
        false,
        false,
        false,
        false,
        false,
        false,
        false,
        false,
        false,
        false
    ],
    "light_hazard": false,
    "walker_hazard": [
        false,
        false,
        false,
        false,
        false,
        false,
        false,
        false,
        false,
        false,
        false,
        false,
        false,
        false,
        false,
        false,
        false,
        false,
        false,
        false,
        false,
        false,
        false,
        false,
        false,
        false,
        false,
        false,
        false,
        false,
        false,
        false,
        false,
        false,
        false,
        false,
        false,
        false,
        false,
        false,
        false,
        false,
        false,
        false,
        false,
        false,
        false,
        false,
        false,
        false,
        false,
        false,
        false,
        false,
        false,
        false,
        false,
        false,
        false,
        false,
        false,
        false,
        false,
        false,
        false,
        false,
        false,
        false,
        false,
        false,
        false,
        false,
        false,
        false,
        false,
        false,
        false,
        false,
        false,
        false
    ],
    "stop_sign_hazard": false,
    "angle": 0.055387589383855206,
    "ego_matrix": [
        [
            0.8251611590385437,
            0.5648970603942871,
            -0.000600931525696069,
            531.9097290039062
        ],
        [
            -0.5648971796035767,
            0.825161337852478,
            -6.175140151754022e-05,
            56.89979934692383
        ],
        [
            0.0004609822644852102,
            0.0003904193581547588,
            0.9999998211860657,
            0.03318798169493675
        ],
        [
            0.0,
            0.0,
            0.0,
            1.0
        ]
    ]
}