{
    "x": -56.16021553240295,
    "y": 533.1689460391996,
    "theta": 1.023390531539917,
    "speed": 2.8565209729535135,
    "target_speed": 3.0,
    "x_command": -52.19988568269176,
    "y_command": 573.1359260741425,
    "command": 4,
    "waypoints": [
        [
            -55.455360412597656,
            534.4505004882812,
            1.0549834690910125
        ],
        [
            -54.797767639160156,
            535.7923583984375,
            1.0982538114028337
        ],
        [
            -54.20785903930664,
            537.1737060546875,
            1.147783314645641
        ],
        [
            -53.69172668457031,
            538.5878295898438,
            1.2005578130976828
        ],
        [
            -53.256141662597656,
            540.0307006835938,
            1.2559842873632252
        ],
        [
            -52.90322494506836,
            541.4962768554688,
            1.3124657562498458
        ],
        [
            -52.628780364990234,
            542.9785766601562,
            1.3664401752205362
        ],
        [
            -52.4373779296875,
            544.4738159179688,
            1.4219190138910123
        ]
    ],
    "steer": 0.079,
    "throttle": 0.703209817558017,
    "brake": false,
    "junction": true,
    "vehicle_hazard": [
        false,
        false,
        false,
        false,
        false,
        false,
        false,
        false,
        false,
        false,
        false,
        false,
        false,
        false,
        false,
        false,
        false,
        false,
        false,
        false,
        false,
        false,
        false,
        false,
        false,
        false,
        false,
        false,
        false,
        false,
        false,
        false,
        false,
        false,
        false,
        false,
        false,
        false,
        false,
        false,
        false,
        false,
        false,
        false,
        false,
        false,
        false,
        false,
        false,
        false,
        false,
        false,
        false,
        false,
        false,
        false,
        false,
        false,
        false,
        false,
        false,
        false,
        false,
        false,
        false,
        false,
        false,
        false,
        false,
        false,
        false,
        false,
        false,
        false,
        false,
        false,
        false,
        false,
        false,
        false
    ],
    "light_hazard": false,
    "walker_hazard": [
        false,
        false,
        false,
        false,
        false,
        false,
        false,
        false,
        false,
        false,
        false,
        false,
        false,
        false,
        false,
        false,
        false,
        false,
        false,
        false,
        false,
        false,
        false,
        false,
        false,
        false,
        false,
        false,
        false,
        false,
        false,
        false,
        false,
        false,
        false,
        false,
        false,
        false,
        false,
        false,
        false,
        false,
        false,
        false,
        false,
        false,
        false,
        false,
        false,
        false,
        false,
        false,
        false,
        false,
        false,
        false,
        false,
        false,
        false,
        false,
        false,
        false,
        false,
        false,
        false,
        false,
        false,
        false,
        false,
        false,
        false,
        false,
        false,
        false,
        false,
        false,
        false,
        false,
        false,
        false
    ],
    "stop_sign_hazard": false,
    "angle": 0.06396797911611282,
    "ego_matrix": [
        [
            0.8514162302017212,
            0.5244906544685364,
            -8.957451063906774e-05,
            533.1689453125
        ],
        [
            -0.5244906544685364,
            0.8514161705970764,
            -0.00040837778942659497,
            56.15763473510742
        ],
        [
            -0.00013792513345833868,
            0.0003946804499719292,
            0.9999999403953552,
            0.0334860235452652
        ],
        [
            0.0,
            0.0,
            0.0,
            1.0
        ]
    ]
}