{
    "x": -55.456440210645205,
    "y": 534.511597408217,
    "theta": 1.0741236209869385,
    "speed": 2.8399149801127503,
    "target_speed": 3.0,
    "x_command": -52.19988568269176,
    "y_command": 573.1359260741425,
    "command": 4,
    "waypoints": [
        [
            -54.81920623779297,
            535.822021484375,
            1.1049414416637
        ],
        [
            -54.23176956176758,
            537.1942749023438,
            1.1489482145959555
        ],
        [
            -53.71108627319336,
            538.6016845703125,
            1.1977274054911464
        ],
        [
            -53.267879486083984,
            540.0382690429688,
            1.2508465835672715
        ],
        [
            -52.9073600769043,
            541.499267578125,
            1.3070231038643212
        ],
        [
            -52.62767028808594,
            542.9783325195312,
            1.3621695966755123
        ],
        [
            -52.4337272644043,
            544.4710083007812,
            1.4193198186013656
        ],
        [
            -52.312496185302734,
            545.9714965820312,
            1.4695837800609246
        ]
    ],
    "steer": 0.088,
    "throttle": 0.75,
    "brake": false,
    "junction": true,
    "vehicle_hazard": [
        false,
        false,
        false,
        false,
        false,
        false,
        false,
        false,
        false,
        false,
        false,
        false,
        false,
        false,
        false,
        false,
        false,
        false,
        false,
        false,
        false,
        false,
        false,
        false,
        false,
        false,
        false,
        false,
        false,
        false,
        false,
        false,
        false,
        false,
        false,
        false,
        false,
        false,
        false,
        false,
        false,
        false,
        false,
        false,
        false,
        false,
        false,
        false,
        false,
        false,
        false,
        false,
        false,
        false,
        false,
        false,
        false,
        false,
        false,
        false,
        false,
        false,
        false,
        false,
        false,
        false,
        false,
        false,
        false,
        false,
        false,
        false,
        false,
        false,
        false,
        false,
        false,
        false,
        false,
        false
    ],
    "light_hazard": false,
    "walker_hazard": [
        false,
        false,
        false,
        false,
        false,
        false,
        false,
        false,
        false,
        false,
        false,
        false,
        false,
        false,
        false,
        false,
        false,
        false,
        false,
        false,
        false,
        false,
        false,
        false,
        false,
        false,
        false,
        false,
        false,
        false,
        false,
        false,
        false,
        false,
        false,
        false,
        false,
        false,
        false,
        false,
        false,
        false,
        false,
        false,
        false,
        false,
        false,
        false,
        false,
        false,
        false,
        false,
        false,
        false,
        false,
        false,
        false,
        false,
        false,
        false,
        false,
        false,
        false,
        false,
        false,
        false,
        false,
        false,
        false,
        false,
        false,
        false,
        false,
        false,
        false,
        false,
        false,
        false,
        false,
        false
    ],
    "stop_sign_hazard": false,
    "angle": 0.04893424715493291,
    "ego_matrix": [
        [
            0.876740574836731,
            0.48096349835395813,
            2.7959264116361737e-05,
            534.5115966796875
        ],
        [
            -0.48096340894699097,
            0.8767404556274414,
            -0.0005681756301783025,
            55.45389175415039
        ],
        [
            -0.0002977847761940211,
            0.00048469527973793447,
            0.9999998211860657,
            0.03356574848294258
        ],
        [
            0.0,
            0.0,
            0.0,
            1.0
        ]
    ]
}