{
    "x": -54.84467579939862,
    "y": 535.8428962381565,
    "theta": 1.1241192817687988,
    "speed": 3.1290431041806275,
    "target_speed": 3.0,
    "x_command": -52.19988568269176,
    "y_command": 573.1359260741425,
    "command": 4,
    "waypoints": [
        [
            -54.2347297668457,
            537.287353515625,
            1.1588741155843034
        ],
        [
            -53.69465637207031,
            538.7631225585938,
            1.2045946659675384
        ],
        [
            -53.2322883605957,
            540.2682495117188,
            1.255250886088531
        ],
        [
            -52.85796356201172,
            541.79931640625,
            1.311424360395084
        ],
        [
            -52.57649612426758,
            543.3502807617188,
            1.37070506125873
        ],
        [
            -52.39025115966797,
            544.91552734375,
            1.4311654093272266
        ],
        [
            -52.280426025390625,
            546.4881591796875,
            1.482403846396781
        ],
        [
            -52.228851318359375,
            548.0637817382812,
            1.522884889490205
        ]
    ],
    "steer": 0.1,
    "throttle": 0.04716799515666217,
    "brake": false,
    "junction": true,
    "vehicle_hazard": [
        false,
        false,
        false,
        false,
        false,
        false,
        false,
        false,
        false,
        false,
        false,
        false,
        false,
        false,
        false,
        false,
        false,
        false,
        false,
        false,
        false,
        false,
        false,
        false,
        false,
        false,
        false,
        false,
        false,
        false,
        false,
        false,
        false,
        false,
        false,
        false,
        false,
        false,
        false,
        false,
        false,
        false,
        false,
        false,
        false,
        false,
        false,
        false,
        false,
        false,
        false,
        false,
        false,
        false,
        false,
        false,
        false,
        false,
        false,
        false,
        false,
        false,
        false,
        false,
        false,
        false,
        false,
        false,
        false,
        false,
        false,
        false,
        false,
        false,
        false,
        false,
        false,
        false,
        false,
        false
    ],
    "light_hazard": false,
    "walker_hazard": [
        false,
        false,
        false,
        false,
        false,
        false,
        false,
        false,
        false,
        false,
        false,
        false,
        false,
        false,
        false,
        false,
        false,
        false,
        false,
        false,
        false,
        false,
        false,
        false,
        false,
        false,
        false,
        false,
        false,
        false,
        false,
        false,
        false,
        false,
        false,
        false,
        false,
        false,
        false,
        false,
        false,
        false,
        false,
        false,
        false,
        false,
        false,
        false,
        false,
        false,
        false,
        false,
        false,
        false,
        false,
        false,
        false,
        false,
        false,
        false,
        false,
        false,
        false,
        false,
        false,
        false,
        false,
        false,
        false,
        false,
        false,
        false,
        false,
        false,
        false,
        false,
        false,
        false,
        false,
        false
    ],
    "stop_sign_hazard": false,
    "angle": 0.02757165107855492,
    "ego_matrix": [
        [
            0.8997434973716736,
            0.4364187717437744,
            -0.0005420424276962876,
            535.8428955078125
        ],
        [
            -0.43641895055770874,
            0.8997434973716736,
            -0.0002491479681339115,
            54.84215545654297
        ],
        [
            0.00037896630237810314,
            0.0004607268492691219,
            0.9999998211860657,
            0.03322872146964073
        ],
        [
            0.0,
            0.0,
            0.0,
            1.0
        ]
    ]
}