{
    "x": -54.30638964976692,
    "y": 537.1889655759286,
    "theta": 1.1743310689926147,
    "speed": 2.950845026449424,
    "target_speed": 3.0,
    "x_command": -52.19988568269176,
    "y_command": 573.1359260741425,
    "command": 4,
    "waypoints": [
        [
            -53.79120635986328,
            538.5853271484375,
            1.205079960497178
        ],
        [
            -53.339298248291016,
            540.015625,
            1.2481786287872303
        ],
        [
            -52.95990753173828,
            541.4712524414062,
            1.296990160444909
        ],
        [
            -52.65885543823242,
            542.947509765625,
            1.349349488727764
        ],
        [
            -52.44660949707031,
            544.4400024414062,
            1.407296595030796
        ],
        [
            -52.31317138671875,
            545.9417724609375,
            1.4605648102594246
        ],
        [
            -52.241424560546875,
            547.44775390625,
            1.5049690225336718
        ],
        [
            -52.21311569213867,
            548.9552612304688,
            1.5381205386421148
        ]
    ],
    "steer": 0.084,
    "throttle": 0.20916773248488085,
    "brake": false,
    "junction": true,
    "vehicle_hazard": [
        false,
        false,
        false,
        false,
        false,
        false,
        false,
        false,
        false,
        false,
        false,
        false,
        false,
        false,
        false,
        false,
        false,
        false,
        false,
        false,
        false,
        false,
        false,
        false,
        false,
        false,
        false,
        false,
        false,
        false,
        false,
        false,
        false,
        false,
        false,
        false,
        false,
        false,
        false,
        false,
        false,
        false,
        false,
        false,
        false,
        false,
        false,
        false,
        false,
        false,
        false,
        false,
        false,
        false,
        false,
        false,
        false,
        false,
        false,
        false,
        false,
        false,
        false,
        false,
        false,
        false,
        false,
        false,
        false,
        false,
        false,
        false,
        false,
        false,
        false,
        false,
        false,
        false,
        false,
        false
    ],
    "light_hazard": false,
    "walker_hazard": [
        false,
        false,
        false,
        false,
        false,
        false,
        false,
        false,
        false,
        false,
        false,
        false,
        false,
        false,
        false,
        false,
        false,
        false,
        false,
        false,
        false,
        false,
        false,
        false,
        false,
        false,
        false,
        false,
        false,
        false,
        false,
        false,
        false,
        false,
        false,
        false,
        false,
        false,
        false,
        false,
        false,
        false,
        false,
        false,
        false,
        false,
        false,
        false,
        false,
        false,
        false,
        false,
        false,
        false,
        false,
        false,
        false,
        false,
        false,
        false,
        false,
        false,
        false,
        false,
        false,
        false,
        false,
        false,
        false,
        false,
        false,
        false,
        false,
        false,
        false,
        false,
        false,
        false,
        false,
        false
    ],
    "stop_sign_hazard": false,
    "angle": 0.020270654035796885,
    "ego_matrix": [
        [
            0.9203996658325195,
            0.39097875356674194,
            -0.0002642475883476436,
            537.18896484375
        ],
        [
            -0.3909788429737091,
            0.92039954662323,
            -0.00044156223884783685,
            54.30389404296875
        ],
        [
            7.05718994140625e-05,
            0.0005097289686091244,
            0.9999998807907104,
            0.03338226303458214
        ],
        [
            0.0,
            0.0,
            0.0,
            1.0
        ]
    ]
}