{
    "x": -53.81531254742234,
    "y": 538.61328198412,
    "theta": 1.2242023944854736,
    "speed": 2.773689571410793,
    "target_speed": 3.0,
    "x_command": -52.19988568269176,
    "y_command": 573.1359260741425,
    "command": 4,
    "waypoints": [
        [
            -53.3874397277832,
            539.9800415039062,
            1.2540660790090685
        ],
        [
            -53.00745391845703,
            541.4174194335938,
            1.29613754942192
        ],
        [
            -52.697906494140625,
            542.8850708007812,
            1.3442265488311036
        ],
        [
            -52.47195053100586,
            544.3719482421875,
            1.3989534606125527
        ],
        [
            -52.32546615600586,
            545.8714599609375,
            1.4518928753150975
        ],
        [
            -52.24403381347656,
            547.3765869140625,
            1.4979583633161466
        ],
        [
            -52.21015167236328,
            548.8836669921875,
            1.533487233395433
        ],
        [
            -52.20494079589844,
            550.39111328125,
            1.5571343592967632
        ]
    ],
    "steer": 0.091,
    "throttle": 0.75,
    "brake": false,
    "junction": true,
    "vehicle_hazard": [
        false,
        false,
        false,
        false,
        false,
        false,
        false,
        false,
        false,
        false,
        false,
        false,
        false,
        false,
        false,
        false,
        false,
        false,
        false,
        false,
        false,
        false,
        false,
        false,
        false,
        false,
        false,
        false,
        false,
        false,
        false,
        false,
        false,
        false,
        false,
        false,
        false,
        false,
        false,
        false,
        false,
        false,
        false,
        false,
        false,
        false,
        false,
        false,
        false,
        false,
        false,
        false,
        false,
        false,
        false,
        false,
        false,
        false,
        false,
        false,
        false,
        false,
        false,
        false,
        false,
        false,
        false,
        false,
        false,
        false,
        false,
        false,
        false,
        false,
        false,
        false,
        false,
        false,
        false,
        false
    ],
    "light_hazard": false,
    "walker_hazard": [
        false,
        false,
        false,
        false,
        false,
        false,
        false,
        false,
        false,
        false,
        false,
        false,
        false,
        false,
        false,
        false,
        false,
        false,
        false,
        false,
        false,
        false,
        false,
        false,
        false,
        false,
        false,
        false,
        false,
        false,
        false,
        false,
        false,
        false,
        false,
        false,
        false,
        false,
        false,
        false,
        false,
        false,
        false,
        false,
        false,
        false,
        false,
        false,
        false,
        false,
        false,
        false,
        false,
        false,
        false,
        false,
        false,
        false,
        false,
        false,
        false,
        false,
        false,
        false,
        false,
        false,
        false,
        false,
        false,
        false,
        false,
        false,
        false,
        false,
        false,
        false,
        false,
        false,
        false,
        false
    ],
    "stop_sign_hazard": false,
    "angle": 0.009410775260527195,
    "ego_matrix": [
        [
            0.9388009309768677,
            0.34446004033088684,
            0.00027982599567621946,
            538.61328125
        ],
        [
            -0.3444599509239197,
            0.9388008713722229,
            -0.0003738673112820834,
            53.81283950805664
        ],
        [
            -0.00039148327778093517,
            0.0002545981260482222,
            0.9999998807907104,
            0.03361232578754425
        ],
        [
            0.0,
            0.0,
            0.0,
            1.0
        ]
    ]
}