{
    "x": -53.40066641795748,
    "y": 540.0480964392007,
    "theta": 1.2741601467132568,
    "speed": 3.0660461113582977,
    "target_speed": 3.0,
    "x_command": -52.19988568269176,
    "y_command": 573.1359260741425,
    "command": 4,
    "waypoints": [
        [
            -53.01823043823242,
            541.5355224609375,
            1.3071450100632196
        ],
        [
            -52.706809997558594,
            543.0430908203125,
            1.3514190645003783
        ],
        [
            -52.4795036315918,
            544.5682373046875,
            1.4041949278224786
        ],
        [
            -52.32971954345703,
            546.1043701171875,
            1.4545748699475105
        ],
        [
            -52.245567321777344,
            547.6455688476562,
            1.4991769842190747
        ],
        [
            -52.21056365966797,
            549.188720703125,
            1.5342719920672738
        ],
        [
            -52.20513153076172,
            550.7322387695312,
            1.5576714543901995
        ],
        [
            -52.21217346191406,
            552.2758178710938,
            1.5700149099480976
        ]
    ],
    "steer": 0.078,
    "throttle": 0.043364921307869154,
    "brake": false,
    "junction": true,
    "vehicle_hazard": [
        false,
        false,
        false,
        false,
        false,
        false,
        false,
        false,
        false,
        false,
        false,
        false,
        false,
        false,
        false,
        false,
        false,
        false,
        false,
        false,
        false,
        false,
        false,
        false,
        false,
        false,
        false,
        false,
        false,
        false,
        false,
        false,
        false,
        false,
        false,
        false,
        false,
        false,
        false,
        false,
        false,
        false,
        false,
        false,
        false,
        false,
        false,
        false,
        false,
        false,
        false,
        false,
        false,
        false,
        false,
        false,
        false,
        false,
        false,
        false,
        false,
        false,
        false,
        false,
        false,
        false,
        false,
        false,
        false,
        false,
        false,
        false,
        false,
        false,
        false,
        false,
        false,
        false,
        false,
        false
    ],
    "light_hazard": false,
    "walker_hazard": [
        false,
        false,
        false,
        false,
        false,
        false,
        false,
        false,
        false,
        false,
        false,
        false,
        false,
        false,
        false,
        false,
        false,
        false,
        false,
        false,
        false,
        false,
        false,
        false,
        false,
        false,
        false,
        false,
        false,
        false,
        false,
        false,
        false,
        false,
        false,
        false,
        false,
        false,
        false,
        false,
        false,
        false,
        false,
        false,
        false,
        false,
        false,
        false,
        false,
        false,
        false,
        false,
        false,
        false,
        false,
        false,
        false,
        false,
        false,
        false,
        false,
        false,
        false,
        false,
        false,
        false,
        false,
        false,
        false,
        false,
        false,
        false,
        false,
        false,
        false,
        false,
        false,
        false,
        false,
        false
    ],
    "stop_sign_hazard": false,
    "angle": -0.00016364414359931913,
    "ego_matrix": [
        [
            0.9548966288566589,
            0.29693835973739624,
            -0.0003019625146407634,
            540.048095703125
        ],
        [
            -0.2969384789466858,
            0.9548965096473694,
            -0.0004170365573372692,
            53.39821243286133
        ],
        [
            0.0001645088050281629,
            0.00048789105494506657,
            0.9999998807907104,
            0.033335648477077484
        ],
        [
            0.0,
            0.0,
            0.0,
            1.0
        ]
    ]
}