{
    "x": -53.06916543513732,
    "y": 541.4423225153197,
    "theta": 1.3224304914474487,
    "speed": 3.026207513506324,
    "target_speed": 3.0,
    "x_command": -52.19988568269176,
    "y_command": 573.1359260741425,
    "command": 4,
    "waypoints": [
        [
            -52.75944519042969,
            542.9260864257812,
            1.3530274140617042
        ],
        [
            -52.52651596069336,
            544.4283447265625,
            1.3999132139351467
        ],
        [
            -52.36467361450195,
            545.9437255859375,
            1.446149102634069
        ],
        [
            -52.26605987548828,
            547.4667358398438,
            1.4892777980654117
        ],
        [
            -52.21773147583008,
            548.99267578125,
            1.524965130390747
        ],
        [
            -52.203548431396484,
            550.5193481445312,
            1.5508221213571924
        ],
        [
            -52.20656967163086,
            552.046142578125,
            1.5661679692021775
        ],
        [
            -52.21513748168945,
            553.5728759765625,
            1.5731628707764127
        ]
    ],
    "steer": 0.086,
    "throttle": 0.0,
    "brake": false,
    "junction": true,
    "vehicle_hazard": [
        false,
        false,
        false,
        false,
        false,
        false,
        false,
        false,
        false,
        false,
        false,
        false,
        false,
        false,
        false,
        false,
        false,
        false,
        false,
        false,
        false,
        false,
        false,
        false,
        false,
        false,
        false,
        false,
        false,
        false,
        false,
        false,
        false,
        false,
        false,
        false,
        false,
        false,
        false,
        false,
        false,
        false,
        false,
        false,
        false,
        false,
        false,
        false,
        false,
        false,
        false,
        false,
        false,
        false,
        false,
        false,
        false,
        false,
        false,
        false,
        false,
        false,
        false,
        false,
        false,
        false,
        false,
        false,
        false,
        false,
        false,
        false,
        false,
        false,
        false,
        false,
        false,
        false,
        false,
        false
    ],
    "light_hazard": false,
    "walker_hazard": [
        false,
        false,
        false,
        false,
        false,
        false,
        false,
        false,
        false,
        false,
        false,
        false,
        false,
        false,
        false,
        false,
        false,
        false,
        false,
        false,
        false,
        false,
        false,
        false,
        false,
        false,
        false,
        false,
        false,
        false,
        false,
        false,
        false,
        false,
        false,
        false,
        false,
        false,
        false,
        false,
        false,
        false,
        false,
        false,
        false,
        false,
        false,
        false,
        false,
        false,
        false,
        false,
        false,
        false,
        false,
        false,
        false,
        false,
        false,
        false,
        false,
        false,
        false,
        false,
        false,
        false,
        false,
        false,
        false,
        false,
        false,
        false,
        false,
        false,
        false,
        false,
        false,
        false,
        false,
        false
    ],
    "stop_sign_hazard": false,
    "angle": -0.0028395779726754487,
    "ego_matrix": [
        [
            0.9679415225982666,
            0.2511752247810364,
            -0.0003870682558044791,
            541.4423217773438
        ],
        [
            -0.2511753737926483,
            0.9679415225982666,
            -0.00045698447502218187,
            53.06672668457031
        ],
        [
            0.00025987622211687267,
            0.0005395562620833516,
            0.9999998211860657,
            0.03328822925686836
        ],
        [
            0.0,
            0.0,
            0.0,
            1.0
        ]
    ]
}