{
    "x": -52.79574970277911,
    "y": 542.9189460524885,
    "theta": 1.3720216751098633,
    "speed": 2.73736553223308,
    "target_speed": 3.0,
    "x_command": -52.19988568269176,
    "y_command": 573.1359260741425,
    "command": 4,
    "waypoints": [
        [
            -52.57984161376953,
            544.3179931640625,
            1.4038663270334764
        ],
        [
            -52.41614532470703,
            545.7910766601562,
            1.44343439273214
        ],
        [
            -52.30524826049805,
            547.2864379882812,
            1.481563044828751
        ],
        [
            -52.241432189941406,
            548.7896728515625,
            1.5148534655939876
        ],
        [
            -52.21343231201172,
            550.29736328125,
            1.5412282291718042
        ],
        [
            -52.206756591796875,
            551.80615234375,
            1.5588231227991447
        ],
        [
            -52.21030807495117,
            553.3150634765625,
            1.5687107847993838
        ],
        [
            -52.21611785888672,
            554.823974609375,
            1.5726910544686397
        ]
    ],
    "steer": 0.099,
    "throttle": 0.75,
    "brake": false,
    "junction": true,
    "vehicle_hazard": [
        false,
        false,
        false,
        false,
        false,
        false,
        false,
        false,
        false,
        false,
        false,
        false,
        false,
        false,
        false,
        false,
        false,
        false,
        false,
        false,
        false,
        false,
        false,
        false,
        false,
        false,
        false,
        false,
        false,
        false,
        false,
        false,
        false,
        false,
        false,
        false,
        false,
        false,
        false,
        false,
        false,
        false,
        false,
        false,
        false,
        false,
        false,
        false,
        false,
        false,
        false,
        false,
        false,
        false,
        false,
        false,
        false,
        false,
        false,
        false,
        false,
        false,
        false,
        false,
        false,
        false,
        false,
        false,
        false,
        false,
        false,
        false,
        false,
        false,
        false,
        false,
        false,
        false,
        false,
        false
    ],
    "light_hazard": false,
    "walker_hazard": [
        false,
        false,
        false,
        false,
        false,
        false,
        false,
        false,
        false,
        false,
        false,
        false,
        false,
        false,
        false,
        false,
        false,
        false,
        false,
        false,
        false,
        false,
        false,
        false,
        false,
        false,
        false,
        false,
        false,
        false,
        false,
        false,
        false,
        false,
        false,
        false,
        false,
        false,
        false,
        false,
        false,
        false,
        false,
        false,
        false,
        false,
        false,
        false,
        false,
        false,
        false,
        false,
        false,
        false,
        false,
        false,
        false,
        false,
        false,
        false,
        false,
        false,
        false,
        false,
        false,
        false,
        false,
        false,
        false,
        false,
        false,
        false,
        false,
        false,
        false,
        false,
        false,
        false,
        false,
        false
    ],
    "stop_sign_hazard": false,
    "angle": -0.0025961826532888877,
    "ego_matrix": [
        [
            0.9794619083404541,
            0.20162886381149292,
            0.00037311683990992606,
            542.9189453125
        ],
        [
            -0.20162872970104218,
            0.9794619679450989,
            -0.0003720923559740186,
            52.7933235168457
        ],
        [
            -0.00044047829578630626,
            0.0002892192278522998,
            0.9999998211860657,
            0.03363685682415962
        ],
        [
            0.0,
            0.0,
            0.0,
            1.0
        ]
    ]
}