{
    "x": -52.59968814086837,
    "y": 544.4007575779457,
    "theta": 1.4250985383987427,
    "speed": 3.0674497630798068,
    "target_speed": 3.0,
    "x_command": -52.19988568269176,
    "y_command": 573.1359260741425,
    "command": 4,
    "waypoints": [
        [
            -52.4375114440918,
            545.928466796875,
            1.453208610051651
        ],
        [
            -52.32760238647461,
            547.4652099609375,
            1.4867419776873303
        ],
        [
            -52.260005950927734,
            549.00732421875,
            1.5159256875383673
        ],
        [
            -52.22550582885742,
            550.5519409179688,
            1.5393040391081676
        ],
        [
            -52.212303161621094,
            552.096923828125,
            1.5556916417104831
        ],
        [
            -52.21103286743164,
            553.6419677734375,
            1.5657733162965062
        ],
        [
            -52.2142448425293,
            555.18701171875,
            1.570706972717639
        ],
        [
            -52.21699142456055,
            556.7321166992188,
            1.5719082161856162
        ]
    ],
    "steer": 0.093,
    "throttle": 0.04270626629851495,
    "brake": false,
    "junction": true,
    "vehicle_hazard": [
        false,
        false,
        false,
        false,
        false,
        false,
        false,
        false,
        false,
        false,
        false,
        false,
        false,
        false,
        false,
        false,
        false,
        false,
        false,
        false,
        false,
        false,
        false,
        false,
        false,
        false,
        false,
        false,
        false,
        false,
        false,
        false,
        false,
        false,
        false,
        false,
        false,
        false,
        false,
        false,
        false,
        false,
        false,
        false,
        false,
        false,
        false,
        false,
        false,
        false,
        false,
        false,
        false,
        false,
        false,
        false,
        false,
        false,
        false,
        false,
        false,
        false,
        false,
        false,
        false,
        false,
        false,
        false,
        false,
        false,
        false,
        false,
        false,
        false,
        false,
        false,
        false,
        false,
        false,
        false
    ],
    "light_hazard": false,
    "walker_hazard": [
        false,
        false,
        false,
        false,
        false,
        false,
        false,
        false,
        false,
        false,
        false,
        false,
        false,
        false,
        false,
        false,
        false,
        false,
        false,
        false,
        false,
        false,
        false,
        false,
        false,
        false,
        false,
        false,
        false,
        false,
        false,
        false,
        false,
        false,
        false,
        false,
        false,
        false,
        false,
        false,
        false,
        false,
        false,
        false,
        false,
        false,
        false,
        false,
        false,
        false,
        false,
        false,
        false,
        false,
        false,
        false,
        false,
        false,
        false,
        false,
        false,
        false,
        false,
        false,
        false,
        false,
        false,
        false,
        false,
        false,
        false,
        false,
        false,
        false,
        false,
        false,
        false,
        false,
        false,
        false
    ],
    "stop_sign_hazard": false,
    "angle": -0.0023355777357377764,
    "ego_matrix": [
        [
            0.9885525107383728,
            0.1508772075176239,
            -0.0002682480844669044,
            544.4007568359375
        ],
        [
            -0.15087735652923584,
            0.9885522723197937,
            -0.0006632705335505307,
            52.59727096557617
        ],
        [
            0.0001651048514759168,
            0.0006961502367630601,
            0.9999997615814209,
            0.033335380256175995
        ],
        [
            0.0,
            0.0,
            0.0,
            1.0
        ]
    ]
}