{
    "x": -52.480999828539915,
    "y": 545.8311775017704,
    "theta": 1.4701809883117676,
    "speed": 3.034060590215316,
    "target_speed": 3.0,
    "x_command": -52.19988568269176,
    "y_command": 573.1359260741425,
    "command": 4,
    "waypoints": [
        [
            -52.37445068359375,
            547.3469848632812,
            1.4919891207593294
        ],
        [
            -52.30268096923828,
            548.8698120117188,
            1.514845896390827
        ],
        [
            -52.2578125,
            550.3974609375,
            1.5338558024067324
        ],
        [
            -52.23163604736328,
            551.927734375,
            1.5480066690646528
        ],
        [
            -52.21869659423828,
            553.4586791992188,
            1.5582089739249345
        ],
        [
            -52.213741302490234,
            554.9896240234375,
            1.5647980344561028
        ],
        [
            -52.21255874633789,
            556.5205688476562,
            1.5684539205715768
        ],
        [
            -52.212398529052734,
            558.0515747070312,
            1.569984294713739
        ]
    ],
    "steer": 0.075,
    "throttle": 0.0,
    "brake": false,
    "junction": true,
    "vehicle_hazard": [
        false,
        false,
        false,
        false,
        false,
        false,
        false,
        false,
        false,
        false,
        false,
        false,
        false,
        false,
        false,
        false,
        false,
        false,
        false,
        false,
        false,
        false,
        false,
        false,
        false,
        false,
        false,
        false,
        false,
        false,
        false,
        false,
        false,
        false,
        false,
        false,
        false,
        false,
        false,
        false,
        false,
        false,
        false,
        false,
        false,
        false,
        false,
        false,
        false,
        false,
        false,
        false,
        false,
        false,
        false,
        false,
        false,
        false,
        false,
        false,
        false,
        false,
        false,
        false,
        false,
        false,
        false,
        false,
        false,
        false,
        false,
        false,
        false,
        false,
        false,
        false,
        false,
        false,
        false,
        false
    ],
    "light_hazard": false,
    "walker_hazard": [
        false,
        false,
        false,
        false,
        false,
        false,
        false,
        false,
        false,
        false,
        false,
        false,
        false,
        false,
        false,
        false,
        false,
        false,
        false,
        false,
        false,
        false,
        false,
        false,
        false,
        false,
        false,
        false,
        false,
        false,
        false,
        false,
        false,
        false,
        false,
        false,
        false,
        false,
        false,
        false,
        false,
        false,
        false,
        false,
        false,
        false,
        false,
        false,
        false,
        false,
        false,
        false,
        false,
        false,
        false,
        false,
        false,
        false,
        false,
        false,
        false,
        false,
        false,
        false,
        false,
        false,
        false,
        false,
        false,
        false,
        false,
        false,
        false,
        false,
        false,
        false,
        false,
        false,
        false,
        false
    ],
    "stop_sign_hazard": false,
    "angle": -0.0005985380165425182,
    "ego_matrix": [
        [
            0.9945231676101685,
            0.10451575368642807,
            -0.000290988216875121,
            545.8311767578125
        ],
        [
            -0.10451582074165344,
            0.9945231676101685,
            -0.000234524515690282,
            52.47858810424805
        ],
        [
            0.00026488304138183594,
            0.0002636529097799212,
            0.9999998807907104,
            0.033285558223724365
        ],
        [
            0.0,
            0.0,
            0.0,
            1.0
        ]
    ]
}