{
    "x": -52.404568854078164,
    "y": 547.3299568006881,
    "theta": 1.507265567779541,
    "speed": 2.7336631763287262,
    "target_speed": 3.0,
    "x_command": -52.19988568269176,
    "y_command": 573.1359260741425,
    "command": 4,
    "waypoints": [
        [
            -52.339900970458984,
            548.7422485351562,
            1.5195462675238975
        ],
        [
            -52.293033599853516,
            550.2232055664062,
            1.5332375245925354
        ],
        [
            -52.2587890625,
            551.72216796875,
            1.5436029595128549
        ],
        [
            -52.23533248901367,
            553.2266845703125,
            1.551791033457223
        ],
        [
            -52.22053146362305,
            554.734619140625,
            1.5583230498060499
        ],
        [
            -52.212650299072266,
            556.2434692382812,
            1.5634345100219957
        ],
        [
            -52.2091178894043,
            557.7525024414062,
            1.5669541075683133
        ],
        [
            -52.20784378051758,
            559.261474609375,
            1.5690491105476283
        ]
    ],
    "steer": 0.05,
    "throttle": 0.75,
    "brake": false,
    "junction": true,
    "vehicle_hazard": [
        false,
        false,
        false,
        false,
        false,
        false,
        false,
        false,
        false,
        false,
        false,
        false,
        false,
        false,
        false,
        false,
        false,
        false,
        false,
        false,
        false,
        false,
        false,
        false,
        false,
        false,
        false,
        false,
        false,
        false,
        false,
        false,
        false,
        false,
        false,
        false,
        false,
        false,
        false,
        false,
        false,
        false,
        false,
        false,
        false,
        false,
        false,
        false,
        false,
        false,
        false,
        false,
        false,
        false,
        false,
        false,
        false,
        false,
        false,
        false,
        false,
        false,
        false,
        false,
        false,
        false,
        false,
        false,
        false,
        false,
        false,
        false,
        false,
        false,
        false,
        false,
        false,
        false,
        false,
        false
    ],
    "light_hazard": false,
    "walker_hazard": [
        false,
        false,
        false,
        false,
        false,
        false,
        false,
        false,
        false,
        false,
        false,
        false,
        false,
        false,
        false,
        false,
        false,
        false,
        false,
        false,
        false,
        false,
        false,
        false,
        false,
        false,
        false,
        false,
        false,
        false,
        false,
        false,
        false,
        false,
        false,
        false,
        false,
        false,
        false,
        false,
        false,
        false,
        false,
        false,
        false,
        false,
        false,
        false,
        false,
        false,
        false,
        false,
        false,
        false,
        false,
        false,
        false,
        false,
        false,
        false,
        false,
        false,
        false,
        false,
        false,
        false,
        false,
        false,
        false,
        false,
        false,
        false,
        false,
        false,
        false,
        false,
        false,
        false,
        false,
        false
    ],
    "stop_sign_hazard": false,
    "angle": 0.0006043505824208359,
    "ego_matrix": [
        [
            0.9977892637252808,
            0.06645609438419342,
            0.0004284270107746124,
            547.3299560546875
        ],
        [
            -0.06645600497722626,
            0.9977893829345703,
            -0.00022070706472732127,
            52.40216064453125
        ],
        [
            -0.0004421472258400172,
            0.00019174757471773773,
            0.9999998807907104,
            0.033637579530477524
        ],
        [
            0.0,
            0.0,
            0.0,
            1.0
        ]
    ]
}