{
    "x": -52.36198343261175,
    "y": 548.8236701816303,
    "theta": 1.5330928564071655,
    "speed": 3.0779756272753453,
    "target_speed": 3.0,
    "x_command": -52.19988568269176,
    "y_command": 573.1359260741425,
    "command": 4,
    "waypoints": [
        [
            -52.318111419677734,
            550.3644409179688,
            1.5400680563324247
        ],
        [
            -52.28389358520508,
            551.9100341796875,
            1.546249068049579
        ],
        [
            -52.256187438964844,
            553.4586181640625,
            1.5510656487135288
        ],
        [
            -52.23440170288086,
            555.0087280273438,
            1.5552410795868257
        ],
        [
            -52.21897506713867,
            556.5589599609375,
            1.5593735753099236
        ],
        [
            -52.20990753173828,
            558.1091918945312,
            1.5634199781090008
        ],
        [
            -52.20559310913086,
            559.6594848632812,
            1.5667345874128622
        ],
        [
            -52.2042350769043,
            561.2097778320312,
            1.5690160739562835
        ]
    ],
    "steer": 0.035,
    "throttle": 0.04254735320394192,
    "brake": false,
    "junction": true,
    "vehicle_hazard": [
        false,
        false,
        false,
        false,
        false,
        false,
        false,
        false,
        false,
        false,
        false,
        false,
        false,
        false,
        false,
        false,
        false,
        false,
        false,
        false,
        false,
        false,
        false,
        false,
        false,
        false,
        false,
        false,
        false,
        false,
        false,
        false,
        false,
        false,
        false,
        false,
        false,
        false,
        false,
        false,
        false,
        false,
        false,
        false,
        false,
        false,
        false,
        false,
        false,
        false,
        false,
        false,
        false,
        false,
        false,
        false,
        false,
        false,
        false,
        false,
        false,
        false,
        false,
        false,
        false,
        false,
        false,
        false,
        false,
        false,
        false,
        false,
        false,
        false,
        false,
        false,
        false,
        false,
        false,
        false
    ],
    "light_hazard": false,
    "walker_hazard": [
        false,
        false,
        false,
        false,
        false,
        false,
        false,
        false,
        false,
        false,
        false,
        false,
        false,
        false,
        false,
        false,
        false,
        false,
        false,
        false,
        false,
        false,
        false,
        false,
        false,
        false,
        false,
        false,
        false,
        false,
        false,
        false,
        false,
        false,
        false,
        false,
        false,
        false,
        false,
        false,
        false,
        false,
        false,
        false,
        false,
        false,
        false,
        false,
        false,
        false,
        false,
        false,
        false,
        false,
        false,
        false,
        false,
        false,
        false,
        false,
        false,
        false,
        false,
        false,
        false,
        false,
        false,
        false,
        false,
        false,
        false,
        false,
        false,
        false,
        false,
        false,
        false,
        false,
        false,
        false
    ],
    "stop_sign_hazard": false,
    "angle": 0.001059772002840202,
    "ego_matrix": [
        [
            0.9992009401321411,
            0.03996817395091057,
            -0.000194380889297463,
            548.8236694335938
        ],
        [
            -0.03996819630265236,
            0.9992009401321411,
            -0.00010523304808884859,
            52.35957717895508
        ],
        [
            0.00019001959299203008,
            0.00011291801638435572,
            1.0,
            0.03332275152206421
        ],
        [
            0.0,
            0.0,
            0.0,
            1.0
        ]
    ]
}