{
    "x": -52.339487129847,
    "y": 550.2612922539022,
    "theta": 1.5483139753341675,
    "speed": 3.038371584225052,
    "target_speed": 3.0,
    "x_command": -52.19988568269176,
    "y_command": 573.1359260741425,
    "command": 4,
    "waypoints": [
        [
            -52.306880950927734,
            551.782470703125,
            1.5496534180799464
        ],
        [
            -52.278507232666016,
            553.308837890625,
            1.551476010628591
        ],
        [
            -52.25263977050781,
            554.8389282226562,
            1.5533033261269813
        ],
        [
            -52.23131561279297,
            556.3712158203125,
            1.5559414909535165
        ],
        [
            -52.215965270996094,
            557.9039916992188,
            1.5595167597498127
        ],
        [
            -52.20674514770508,
            559.4368286132812,
            1.5633474033282555
        ],
        [
            -52.20271682739258,
            560.9696655273438,
            1.5667949839532553
        ],
        [
            -52.2019157409668,
            562.5025024414062,
            1.5692636245323937
        ]
    ],
    "steer": 0.016,
    "throttle": 0.0,
    "brake": false,
    "junction": true,
    "vehicle_hazard": [
        false,
        false,
        false,
        false,
        false,
        false,
        false,
        false,
        false,
        false,
        false,
        false,
        false,
        false,
        false,
        false,
        false,
        false,
        false,
        false,
        false,
        false,
        false,
        false,
        false,
        false,
        false,
        false,
        false,
        false,
        false,
        false,
        false,
        false,
        false,
        false,
        false,
        false,
        false,
        false,
        false,
        false,
        false,
        false,
        false,
        false,
        false,
        false,
        false,
        false,
        false,
        false,
        false,
        false,
        false,
        false,
        false,
        false,
        false,
        false,
        false,
        false,
        false,
        false,
        false,
        false,
        false,
        false,
        false,
        false,
        false,
        false,
        false,
        false,
        false,
        false,
        false,
        false,
        false,
        false
    ],
    "light_hazard": false,
    "walker_hazard": [
        false,
        false,
        false,
        false,
        false,
        false,
        false,
        false,
        false,
        false,
        false,
        false,
        false,
        false,
        false,
        false,
        false,
        false,
        false,
        false,
        false,
        false,
        false,
        false,
        false,
        false,
        false,
        false,
        false,
        false,
        false,
        false,
        false,
        false,
        false,
        false,
        false,
        false,
        false,
        false,
        false,
        false,
        false,
        false,
        false,
        false,
        false,
        false,
        false,
        false,
        false,
        false,
        false,
        false,
        false,
        false,
        false,
        false,
        false,
        false,
        false,
        false,
        false,
        false,
        false,
        false,
        false,
        false,
        false,
        false,
        false,
        false,
        false,
        false,
        false,
        false,
        false,
        false,
        false,
        false
    ],
    "stop_sign_hazard": false,
    "angle": 0.0012176345181565836,
    "ego_matrix": [
        [
            0.9997207522392273,
            0.02362694963812828,
            -0.0002691475674510002,
            550.2612915039062
        ],
        [
            -0.023626962676644325,
            0.9997208118438721,
            -5.117941691423766e-05,
            52.33708190917969
        ],
        [
            0.000267863244516775,
            5.7524270232534036e-05,
            0.9999999403953552,
            0.03328407183289528
        ],
        [
            0.0,
            0.0,
            0.0,
            1.0
        ]
    ]
}