{
    "x": -52.32153815376596,
    "y": 551.7611701856341,
    "theta": 1.5554996728897095,
    "speed": 2.803688439767455,
    "target_speed": 4.0,
    "x_command": -52.19988568269176,
    "y_command": 573.1359260741425,
    "command": 4,
    "waypoints": [
        [
            -52.29533004760742,
            553.2103271484375,
            1.5544817093706114
        ],
        [
            -52.26866912841797,
            554.76513671875,
            1.5539255289828944
        ],
        [
            -52.24284744262695,
            556.4255981445312,
            1.5550404083180938
        ],
        [
            -52.22121047973633,
            558.1917114257812,
            1.5579417881273832
        ],
        [
            -52.206600189208984,
            560.0635986328125,
            1.5622097914164388
        ],
        [
            -52.20018005371094,
            562.02880859375,
            1.5666815824448654
        ],
        [
            -52.19971466064453,
            564.0283203125,
            1.569900811635572
        ],
        [
            -52.20207214355469,
            566.0380859375,
            1.5715744237279157
        ]
    ],
    "steer": 0.008,
    "throttle": 0.75,
    "brake": false,
    "junction": false,
    "vehicle_hazard": [
        false,
        false,
        false,
        false,
        false,
        false,
        false,
        false,
        false,
        false,
        false,
        false,
        false,
        false,
        false,
        false,
        false,
        false,
        false,
        false,
        false,
        false,
        false,
        false,
        false,
        false,
        false,
        false,
        false,
        false,
        false,
        false,
        false,
        false,
        false,
        false,
        false,
        false,
        false,
        false,
        false,
        false,
        false,
        false,
        false,
        false,
        false,
        false,
        false,
        false,
        false,
        false,
        false,
        false,
        false,
        false,
        false,
        false,
        false,
        false,
        false,
        false,
        false,
        false,
        false,
        false,
        false,
        false,
        false,
        false,
        false,
        false,
        false,
        false,
        false,
        false,
        false,
        false,
        false,
        false
    ],
    "light_hazard": false,
    "walker_hazard": [
        false,
        false,
        false,
        false,
        false,
        false,
        false,
        false,
        false,
        false,
        false,
        false,
        false,
        false,
        false,
        false,
        false,
        false,
        false,
        false,
        false,
        false,
        false,
        false,
        false,
        false,
        false,
        false,
        false,
        false,
        false,
        false,
        false,
        false,
        false,
        false,
        false,
        false,
        false,
        false,
        false,
        false,
        false,
        false,
        false,
        false,
        false,
        false,
        false,
        false,
        false,
        false,
        false,
        false,
        false,
        false,
        false,
        false,
        false,
        false,
        false,
        false,
        false,
        false,
        false,
        false,
        false,
        false,
        false,
        false,
        false,
        false,
        false,
        false,
        false,
        false,
        false,
        false,
        false,
        false
    ],
    "stop_sign_hazard": false,
    "angle": -0.0006077803127712098,
    "ego_matrix": [
        [
            0.9998773336410522,
            0.015658201649785042,
            0.00033767608692869544,
            551.7611694335938
        ],
        [
            -0.01565820910036564,
            0.999877393245697,
            2.5013308913912624e-05,
            52.31913375854492
        ],
        [
            -0.0003372430510353297,
            -3.029764411621727e-05,
            0.9999999403953552,
            0.03358501195907593
        ],
        [
            0.0,
            0.0,
            0.0,
            1.0
        ]
    ]
}