{
    "x": -52.303566287469195,
    "y": 553.3787238987762,
    "theta": 1.5584867000579834,
    "speed": 3.7495014249102576,
    "target_speed": 4.0,
    "x_command": -52.19988568269176,
    "y_command": 573.1359260741425,
    "command": 4,
    "waypoints": [
        [
            -52.27263641357422,
            555.2996826171875,
            1.5564211949254616
        ],
        [
            -52.24403381347656,
            557.285400390625,
            1.5565901527309784
        ],
        [
            -52.22120666503906,
            559.2880859375,
            1.559149054185273
        ],
        [
            -52.20651626586914,
            561.2984008789062,
            1.562945080830734
        ],
        [
            -52.19972229003906,
            563.3121948242188,
            1.5668032943682428
        ],
        [
            -52.198890686035156,
            565.32666015625,
            1.5698238047331952
        ],
        [
            -52.20091247558594,
            567.3411865234375,
            1.571445969897806
        ],
        [
            -52.20301055908203,
            569.3556518554688,
            1.5717256536320736
        ]
    ],
    "steer": 0.0,
    "throttle": 0.75,
    "brake": false,
    "junction": false,
    "vehicle_hazard": [
        false,
        false,
        false,
        false,
        false,
        false,
        false,
        false,
        false,
        false,
        false,
        false,
        false,
        false,
        false,
        false,
        false,
        false,
        false,
        false,
        false,
        false,
        false,
        false,
        false,
        false,
        false,
        false,
        false,
        false,
        false,
        false,
        false,
        false,
        false,
        false,
        false,
        false,
        false,
        false,
        false,
        false,
        false,
        false,
        false,
        false,
        false,
        false,
        false,
        false,
        false,
        false,
        false,
        false,
        false,
        false,
        false,
        false,
        false,
        false,
        false,
        false,
        false,
        false,
        false,
        false,
        false,
        false,
        false,
        false,
        false,
        false,
        false,
        false,
        false,
        false,
        false,
        false,
        false,
        false
    ],
    "light_hazard": false,
    "walker_hazard": [
        false,
        false,
        false,
        false,
        false,
        false,
        false,
        false,
        false,
        false,
        false,
        false,
        false,
        false,
        false,
        false,
        false,
        false,
        false,
        false,
        false,
        false,
        false,
        false,
        false,
        false,
        false,
        false,
        false,
        false,
        false,
        false,
        false,
        false,
        false,
        false,
        false,
        false,
        false,
        false,
        false,
        false,
        false,
        false,
        false,
        false,
        false,
        false,
        false,
        false,
        false,
        false,
        false,
        false,
        false,
        false,
        false,
        false,
        false,
        false,
        false,
        false,
        false,
        false,
        false,
        false,
        false,
        false,
        false,
        false,
        false,
        false,
        false,
        false,
        false,
        false,
        false,
        false,
        false,
        false
    ],
    "stop_sign_hazard": false,
    "angle": -0.0011179980402355153,
    "ego_matrix": [
        [
            0.9999222755432129,
            0.01243611704558134,
            -0.0009321626275777817,
            553.3787231445312
        ],
        [
            -0.012436104007065296,
            0.9999226927757263,
            1.9718918338185176e-05,
            52.30116271972656
        ],
        [
            0.0009323357371613383,
            -8.124912710627541e-06,
            0.9999995827674866,
            0.0329534150660038
        ],
        [
            0.0,
            0.0,
            0.0,
            1.0
        ]
    ]
}