{
    "x": -52.279982746127864,
    "y": 555.4133308351431,
    "theta": 1.5590763092041016,
    "speed": 3.9334812016927745,
    "target_speed": 4.0,
    "x_command": -52.19988568269176,
    "y_command": 573.1359260741425,
    "command": 4,
    "waypoints": [
        [
            -52.251251220703125,
            557.3977661132812,
            1.5579065626204804
        ],
        [
            -52.22804260253906,
            559.3985595703125,
            1.5591852055567736
        ],
        [
            -52.21124267578125,
            561.4050903320312,
            1.562082671247469
        ],
        [
            -52.20162582397461,
            563.413330078125,
            1.5654842894571241
        ],
        [
            -52.19845199584961,
            565.4220581054688,
            1.5686635230527106
        ],
        [
            -52.199424743652344,
            567.4308471679688,
            1.5708388558512278
        ],
        [
            -52.201515197753906,
            569.4396362304688,
            1.5716197449300116
        ],
        [
            -52.20278549194336,
            571.4484252929688,
            1.571396633798315
        ]
    ],
    "steer": -0.0,
    "throttle": 0.4650271668421235,
    "brake": false,
    "junction": false,
    "vehicle_hazard": [
        false,
        false,
        false,
        false,
        false,
        false,
        false,
        false,
        false,
        false,
        false,
        false,
        false,
        false,
        false,
        false,
        false,
        false,
        false,
        false,
        false,
        false,
        false,
        false,
        false,
        false,
        false,
        false,
        false,
        false,
        false,
        false,
        false,
        false,
        false,
        false,
        false,
        false,
        false,
        false,
        false,
        false,
        false,
        false,
        false,
        false,
        false,
        false,
        false,
        false,
        false,
        false,
        false,
        false,
        false,
        false,
        false,
        false,
        false,
        false,
        false,
        false,
        false,
        false,
        false,
        false,
        false,
        false,
        false,
        false,
        false,
        false,
        false,
        false,
        false,
        false,
        false,
        false,
        false,
        false
    ],
    "light_hazard": false,
    "walker_hazard": [
        false,
        false,
        false,
        false,
        false,
        false,
        false,
        false,
        false,
        false,
        false,
        false,
        false,
        false,
        false,
        false,
        false,
        false,
        false,
        false,
        false,
        false,
        false,
        false,
        false,
        false,
        false,
        false,
        false,
        false,
        false,
        false,
        false,
        false,
        false,
        false,
        false,
        false,
        false,
        false,
        false,
        false,
        false,
        false,
        false,
        false,
        false,
        false,
        false,
        false,
        false,
        false,
        false,
        false,
        false,
        false,
        false,
        false,
        false,
        false,
        false,
        false,
        false,
        false,
        false,
        false,
        false,
        false,
        false,
        false,
        false,
        false,
        false,
        false,
        false,
        false,
        false,
        false,
        false,
        false
    ],
    "stop_sign_hazard": false,
    "angle": -0.0010507803576245355,
    "ego_matrix": [
        [
            0.9999308586120605,
            0.011758649721741676,
            0.0001157483784481883,
            555.413330078125
        ],
        [
            -0.011758650653064251,
            0.9999308586120605,
            9.131564183917362e-06,
            52.27758026123047
        ],
        [
            -0.0001156330035883002,
            -1.0491978173376992e-05,
            1.0,
            0.03347492218017578
        ],
        [
            0.0,
            0.0,
            0.0,
            1.0
        ]
    ]
}