{
    "x": -52.2591840607976,
    "y": 557.3155525174234,
    "theta": 1.5600067377090454,
    "speed": 4.064804934459096,
    "target_speed": 4.0,
    "x_command": -52.19988568269176,
    "y_command": 573.1359260741425,
    "command": 4,
    "waypoints": [
        [
            -52.23490524291992,
            559.35205078125,
            1.5601365376727176
        ],
        [
            -52.217655181884766,
            561.3966674804688,
            1.5621807962500707
        ],
        [
            -52.20665740966797,
            563.4456787109375,
            1.5650255636003987
        ],
        [
            -52.20131301879883,
            565.4973754882812,
            1.5677600724405567
        ],
        [
            -52.20002746582031,
            567.5494995117188,
            1.5698114034791093
        ],
        [
            -52.200687408447266,
            569.6016235351562,
            1.570894050762889
        ],
        [
            -52.201560974121094,
            571.6537475585938,
            1.5711219765205306
        ],
        [
            -52.201419830322266,
            573.7058715820312,
            1.5707231064365303
        ]
    ],
    "steer": 0.001,
    "throttle": 0.04779673225141867,
    "brake": false,
    "junction": false,
    "vehicle_hazard": [
        false,
        false,
        false,
        false,
        false,
        false,
        false,
        false,
        false,
        false,
        false,
        false,
        false,
        false,
        false,
        false,
        false,
        false,
        false,
        false,
        false,
        false,
        false,
        false,
        false,
        false,
        false,
        false,
        false,
        false,
        false,
        false,
        false,
        false,
        false,
        false,
        false,
        false,
        false,
        false,
        false,
        false,
        false,
        false,
        false,
        false,
        false,
        false,
        false,
        false,
        false,
        false,
        false,
        false,
        false,
        false,
        false,
        false,
        false,
        false,
        false,
        false,
        false,
        false,
        false,
        false,
        false,
        false,
        false,
        false,
        false,
        false,
        false,
        false,
        false,
        false,
        false,
        false,
        false,
        false
    ],
    "light_hazard": false,
    "walker_hazard": [
        false,
        false,
        false,
        false,
        false,
        false,
        false,
        false,
        false,
        false,
        false,
        false,
        false,
        false,
        false,
        false,
        false,
        false,
        false,
        false,
        false,
        false,
        false,
        false,
        false,
        false,
        false,
        false,
        false,
        false,
        false,
        false,
        false,
        false,
        false,
        false,
        false,
        false,
        false,
        false,
        false,
        false,
        false,
        false,
        false,
        false,
        false,
        false,
        false,
        false,
        false,
        false,
        false,
        false,
        false,
        false,
        false,
        false,
        false,
        false,
        false,
        false,
        false,
        false,
        false,
        false,
        false,
        false,
        false,
        false,
        false,
        false,
        false,
        false,
        false,
        false,
        false,
        false,
        false,
        false
    ],
    "stop_sign_hazard": false,
    "angle": -0.0005233417386263943,
    "ego_matrix": [
        [
            0.9999399781227112,
            0.010948018170893192,
            -0.0004326817870605737,
            557.3155517578125
        ],
        [
            -0.010948034934699535,
            0.9999400973320007,
            -3.681051020976156e-05,
            52.25678253173828
        ],
        [
            0.00043225285480730236,
            4.1545314161339775e-05,
            0.9999998807907104,
            0.03320224583148956
        ],
        [
            0.0,
            0.0,
            0.0,
            1.0
        ]
    ]
}