{
    "x": -52.240495002546396,
    "y": 559.2902839654274,
    "theta": 1.5614289045333862,
    "speed": 3.6766639931674585,
    "target_speed": 4.0,
    "x_command": -52.19988568269176,
    "y_command": 573.1359260741425,
    "command": 4,
    "waypoints": [
        [
            -52.22257995605469,
            561.1760864257812,
            1.5624372222526397
        ],
        [
            -52.21131896972656,
            563.1468505859375,
            1.5647365580871113
        ],
        [
            -52.204498291015625,
            565.144775390625,
            1.5670110615048638
        ],
        [
            -52.201568603515625,
            567.1500244140625,
            1.5689596122103935
        ],
        [
            -52.20097351074219,
            569.1597900390625,
            1.5702430752341927
        ],
        [
            -52.201080322265625,
            571.1710205078125,
            1.5707456736221315
        ],
        [
            -52.20097732543945,
            573.182373046875,
            1.5707456736221315
        ],
        [
            -52.200321197509766,
            575.1937255859375,
            1.5704664279749374
        ]
    ],
    "steer": 0.003,
    "throttle": 0.75,
    "brake": false,
    "junction": false,
    "vehicle_hazard": [
        false,
        false,
        false,
        false,
        false,
        false,
        false,
        false,
        false,
        false,
        false,
        false,
        false,
        false,
        false,
        false,
        false,
        false,
        false,
        false,
        false,
        false,
        false,
        false,
        false,
        false,
        false,
        false,
        false,
        false,
        false,
        false,
        false,
        false,
        false,
        false,
        false,
        false,
        false,
        false,
        false,
        false,
        false,
        false,
        false,
        false,
        false,
        false,
        false,
        false,
        false,
        false,
        false,
        false,
        false,
        false,
        false,
        false,
        false,
        false,
        false,
        false,
        false,
        false,
        false,
        false,
        false,
        false,
        false,
        false,
        false,
        false,
        false,
        false,
        false,
        false,
        false,
        false,
        false,
        false
    ],
    "light_hazard": false,
    "walker_hazard": [
        false,
        false,
        false,
        false,
        false,
        false,
        false,
        false,
        false,
        false,
        false,
        false,
        false,
        false,
        false,
        false,
        false,
        false,
        false,
        false,
        false,
        false,
        false,
        false,
        false,
        false,
        false,
        false,
        false,
        false,
        false,
        false,
        false,
        false,
        false,
        false,
        false,
        false,
        false,
        false,
        false,
        false,
        false,
        false,
        false,
        false,
        false,
        false,
        false,
        false,
        false,
        false,
        false,
        false,
        false,
        false,
        false,
        false,
        false,
        false,
        false,
        false,
        false,
        false,
        false,
        false,
        false,
        false,
        false,
        false,
        false,
        false,
        false,
        false,
        false,
        false,
        false,
        false,
        false,
        false
    ],
    "stop_sign_hazard": false,
    "angle": -0.0003323732287752282,
    "ego_matrix": [
        [
            0.9999536871910095,
            0.00961175188422203,
            0.0004629713366739452,
            559.290283203125
        ],
        [
            -0.009611733257770538,
            0.9999538064002991,
            -4.333410470280796e-05,
            52.238094329833984
        ],
        [
            -0.0004633664502762258,
            3.888214268954471e-05,
            0.9999998807907104,
            0.033648185431957245
        ],
        [
            0.0,
            0.0,
            0.0,
            1.0
        ]
    ]
}