{
    "x": -52.22701324134911,
    "y": 561.2692268392184,
    "theta": 1.563968539237976,
    "speed": 4.055489662135927,
    "target_speed": 4.0,
    "x_command": -52.19988568269176,
    "y_command": 573.1359260741425,
    "command": 4,
    "waypoints": [
        [
            -52.213993072509766,
            563.2998046875,
            1.5653276862223517
        ],
        [
            -52.20722961425781,
            565.336181640625,
            1.5671936368020483
        ],
        [
            -52.203678131103516,
            567.3760986328125,
            1.5687795572934946
        ],
        [
            -52.201934814453125,
            569.417724609375,
            1.5697432807807001
        ],
        [
            -52.20111083984375,
            571.4594116210938,
            1.5703101953460783
        ],
        [
            -52.20030212402344,
            573.5010986328125,
            1.5703668867701068
        ],
        [
            -52.199440002441406,
            575.5056762695312,
            1.5703668867701068
        ],
        [
            -52.1989631652832,
            576.6187744140625,
            1.5703668867701068
        ]
    ],
    "steer": 0.003,
    "throttle": 0.04670567682105488,
    "brake": false,
    "junction": false,
    "vehicle_hazard": [
        false,
        false,
        false,
        false,
        false,
        false,
        false,
        false,
        false,
        false,
        false,
        false,
        false,
        false,
        false,
        false,
        false,
        false,
        false,
        false,
        false,
        false,
        false,
        false,
        false,
        false,
        false,
        false,
        false,
        false,
        false,
        false,
        false,
        false,
        false,
        false,
        false,
        false,
        false,
        false,
        false,
        false,
        false,
        false,
        false,
        false,
        false,
        false,
        false,
        false,
        false,
        false,
        false,
        false,
        false,
        false,
        false,
        false,
        false,
        false,
        false,
        false,
        false,
        false,
        false,
        false,
        false,
        false,
        false,
        false,
        false,
        false,
        false,
        false,
        false,
        false,
        false,
        false,
        false,
        false
    ],
    "light_hazard": false,
    "walker_hazard": [
        false,
        false,
        false,
        false,
        false,
        false,
        false,
        false,
        false,
        false,
        false,
        false,
        false,
        false,
        false,
        false,
        false,
        false,
        false,
        false,
        false,
        false,
        false,
        false,
        false,
        false,
        false,
        false,
        false,
        false,
        false,
        false,
        false,
        false,
        false,
        false,
        false,
        false,
        false,
        false,
        false,
        false,
        false,
        false,
        false,
        false,
        false,
        false,
        false,
        false,
        false,
        false,
        false,
        false,
        false,
        false,
        false,
        false,
        false,
        false,
        false,
        false,
        false,
        false,
        false,
        false,
        false,
        false,
        false,
        false,
        false,
        false,
        false,
        false,
        false,
        false,
        false,
        false,
        false,
        false
    ],
    "stop_sign_hazard": false,
    "angle": -0.0002320880906066479,
    "ego_matrix": [
        [
            0.9999740719795227,
            0.007197387516498566,
            -0.0002259640023112297,
            561.2692260742188
        ],
        [
            -0.007197397295385599,
            0.9999740719795227,
            -4.098527642781846e-05,
            52.224613189697266
        ],
        [
            0.00022566317056771368,
            4.2610568925738335e-05,
            1.0,
            0.03330489993095398
        ],
        [
            0.0,
            0.0,
            0.0,
            1.0
        ]
    ]
}