{
    "x": -52.219536092034254,
    "y": 563.1712654160297,
    "theta": 1.5664622783660889,
    "speed": 3.9273540944616157,
    "target_speed": 4.0,
    "x_command": -52.19988568269176,
    "y_command": 573.1359260741425,
    "command": 4,
    "waypoints": [
        [
            -52.21057891845703,
            565.15283203125,
            1.5673201101661716
        ],
        [
            -52.206199645996094,
            567.1525268554688,
            1.5684306116702547
        ],
        [
            -52.203399658203125,
            569.1578979492188,
            1.5692100458404357
        ],
        [
            -52.201507568359375,
            571.166748046875,
            1.569767840834582
        ],
        [
            -52.20022964477539,
            573.1767578125,
            1.5700468901175333
        ],
        [
            -52.19872283935547,
            575.1868286132812,
            1.5700468901175333
        ],
        [
            -52.19776916503906,
            576.5159912109375,
            1.570075201483482
        ],
        [
            -52.19763946533203,
            576.7191772460938,
            1.570086323757055
        ]
    ],
    "steer": 0.003,
    "throttle": 0.34490255787119367,
    "brake": false,
    "junction": false,
    "vehicle_hazard": [
        false,
        false,
        false,
        false,
        false,
        false,
        false,
        false,
        false,
        false,
        false,
        false,
        false,
        false,
        false,
        false,
        false,
        false,
        false,
        false,
        false,
        false,
        false,
        false,
        false,
        false,
        false,
        false,
        false,
        false,
        false,
        false,
        false,
        false,
        false,
        false,
        false,
        false,
        false,
        false,
        false,
        false,
        false,
        false,
        false,
        false,
        false,
        false,
        false,
        false,
        false,
        false,
        false,
        false,
        false,
        false,
        false,
        false,
        false,
        false,
        false,
        false,
        false,
        false,
        false,
        false,
        false,
        false,
        false,
        false,
        false,
        false,
        false,
        false,
        false,
        false,
        false,
        false,
        false,
        false
    ],
    "light_hazard": false,
    "walker_hazard": [
        false,
        false,
        false,
        false,
        false,
        false,
        false,
        false,
        false,
        false,
        false,
        false,
        false,
        false,
        false,
        false,
        false,
        false,
        false,
        false,
        false,
        false,
        false,
        false,
        false,
        false,
        false,
        false,
        false,
        false,
        false,
        false,
        false,
        false,
        false,
        false,
        false,
        false,
        false,
        false,
        false,
        false,
        false,
        false,
        false,
        false,
        false,
        false,
        false,
        false,
        false,
        false,
        false,
        false,
        false,
        false,
        false,
        false,
        false,
        false,
        false,
        false,
        false,
        false,
        false,
        false,
        false,
        false,
        false,
        false,
        false,
        false,
        false,
        false,
        false,
        false,
        false,
        false,
        false,
        false
    ],
    "stop_sign_hazard": false,
    "angle": 0.0002737248158700111,
    "ego_matrix": [
        [
            0.9999896287918091,
            0.004551323596388102,
            -0.00019805546617135406,
            563.1712646484375
        ],
        [
            -0.004551325924694538,
            0.9999896287918091,
            -1.0283968549629208e-05,
            52.21713638305664
        ],
        [
            0.00019800661539193243,
            1.118527779908618e-05,
            1.0,
            0.03331897780299187
        ],
        [
            0.0,
            0.0,
            0.0,
            1.0
        ]
    ]
}