{
    "x": -52.21427919555792,
    "y": 565.1740120007905,
    "theta": 1.567949891090393,
    "speed": 3.7193109553897847,
    "target_speed": 4.0,
    "x_command": -52.19988568269176,
    "y_command": 573.1359260741425,
    "command": 4,
    "waypoints": [
        [
            -52.207862854003906,
            567.0808715820312,
            1.5685320331149286
        ],
        [
            -52.20465087890625,
            569.0604858398438,
            1.569081707353289
        ],
        [
            -52.20250701904297,
            571.059814453125,
            1.5696368686397628
        ],
        [
            -52.200599670410156,
            573.0648193359375,
            1.569803852221077
        ],
        [
            -52.198978424072266,
            575.0733032226562,
            1.5699711690226203
        ],
        [
            -52.1979866027832,
            576.401611328125,
            1.5700311835138299
        ],
        [
            -52.19784164428711,
            576.6043090820312,
            1.570038844913339
        ],
        [
            -52.19784164428711,
            576.6043090820312,
            1.570038844913339
        ]
    ],
    "steer": 0.002,
    "throttle": 0.75,
    "brake": false,
    "junction": false,
    "vehicle_hazard": [
        false,
        false,
        false,
        false,
        false,
        false,
        false,
        false,
        false,
        false,
        false,
        false,
        false,
        false,
        false,
        false,
        false,
        false,
        false,
        false,
        false,
        false,
        false,
        false,
        false,
        false,
        false,
        false,
        false,
        false,
        false,
        false,
        false,
        false,
        false,
        false,
        false,
        false,
        false,
        false,
        false,
        false,
        false,
        false,
        false,
        false,
        false,
        false,
        false,
        false,
        false,
        false,
        false,
        false,
        false,
        false,
        false,
        false,
        false,
        false,
        false,
        false,
        false,
        false,
        false,
        false,
        false,
        false,
        false,
        false,
        false,
        false,
        false,
        false,
        false,
        false,
        false,
        false,
        false,
        false
    ],
    "light_hazard": false,
    "walker_hazard": [
        false,
        false,
        false,
        false,
        false,
        false,
        false,
        false,
        false,
        false,
        false,
        false,
        false,
        false,
        false,
        false,
        false,
        false,
        false,
        false,
        false,
        false,
        false,
        false,
        false,
        false,
        false,
        false,
        false,
        false,
        false,
        false,
        false,
        false,
        false,
        false,
        false,
        false,
        false,
        false,
        false,
        false,
        false,
        false,
        false,
        false,
        false,
        false,
        false,
        false,
        false,
        false,
        false,
        false,
        false,
        false,
        false,
        false,
        false,
        false,
        false,
        false,
        false,
        false,
        false,
        false,
        false,
        false,
        false,
        false,
        false,
        false,
        false,
        false,
        false,
        false,
        false,
        false,
        false,
        false
    ],
    "stop_sign_hazard": false,
    "angle": 0.00026152023678724227,
    "ego_matrix": [
        [
            0.9999953508377075,
            0.003002436365932226,
            0.00045125227188691497,
            565.1740112304688
        ],
        [
            -0.0030024428851902485,
            0.9999954700469971,
            1.436408820154611e-05,
            52.21187973022461
        ],
        [
            -0.0004512071027420461,
            -1.5718880604254082e-05,
            0.9999998807907104,
            0.03364185243844986
        ],
        [
            0.0,
            0.0,
            0.0,
            1.0
        ]
    ]
}