{
    "x": -52.21066651234083,
    "y": 567.122437296415,
    "theta": 1.5686546564102173,
    "speed": 4.147830432004802,
    "target_speed": 4.0,
    "x_command": -52.19647900034191,
    "y_command": 580.1359260836833,
    "command": 4,
    "waypoints": [
        [
            -52.20503234863281,
            569.1994018554688,
            1.5692023854812238
        ],
        [
            -52.2026481628418,
            571.2824096679688,
            1.5695492728762541
        ],
        [
            -52.200439453125,
            573.3692016601562,
            1.56972311799849
        ],
        [
            -52.19865036010742,
            575.4456787109375,
            1.5698971217660644
        ],
        [
            -52.197792053222656,
            576.72998046875,
            1.5700432005731189
        ],
        [
            -52.19769287109375,
            576.9078369140625,
            1.5700659547359053
        ],
        [
            -52.19769287109375,
            576.9078369140625,
            1.5700659547359053
        ],
        [
            -52.19769287109375,
            576.9078369140625,
            1.5700659547359053
        ]
    ],
    "steer": 0.001,
    "throttle": 0.054202025035610765,
    "brake": false,
    "junction": false,
    "vehicle_hazard": [
        false,
        false,
        false,
        false,
        false,
        false,
        false,
        false,
        false,
        false,
        false,
        false,
        false,
        false,
        false,
        false,
        false,
        false,
        false,
        false,
        false,
        false,
        false,
        false,
        false,
        false,
        false,
        false,
        false,
        false,
        false,
        false,
        false,
        false,
        false,
        false,
        false,
        false,
        false,
        false,
        false,
        false,
        false,
        false,
        false,
        false,
        false,
        false,
        false,
        false,
        false,
        false,
        false,
        false,
        false,
        false,
        false,
        false,
        false,
        false,
        false,
        false,
        false,
        false,
        false,
        false,
        false,
        false,
        false,
        false,
        false,
        false,
        false,
        false,
        false,
        false,
        false,
        false,
        false,
        false
    ],
    "light_hazard": false,
    "walker_hazard": [
        false,
        false,
        false,
        false,
        false,
        false,
        false,
        false,
        false,
        false,
        false,
        false,
        false,
        false,
        false,
        false,
        false,
        false,
        false,
        false,
        false,
        false,
        false,
        false,
        false,
        false,
        false,
        false,
        false,
        false,
        false,
        false,
        false,
        false,
        false,
        false,
        false,
        false,
        false,
        false,
        false,
        false,
        false,
        false,
        false,
        false,
        false,
        false,
        false,
        false,
        false,
        false,
        false,
        false,
        false,
        false,
        false,
        false,
        false,
        false,
        false,
        false,
        false,
        false,
        false,
        false,
        false,
        false,
        false,
        false,
        false,
        false,
        false,
        false,
        false,
        false,
        false,
        false,
        false,
        false
    ],
    "stop_sign_hazard": false,
    "angle": 0.0002570041141160277,
    "ego_matrix": [
        [
            0.9999976754188538,
            0.0021017701365053654,
            -0.0004822976770810783,
            567.1224365234375
        ],
        [
            -0.0021017647814005613,
            0.9999977946281433,
            1.147638431575615e-05,
            52.20826721191406
        ],
        [
            0.0004823207564186305,
            -1.0462681530043483e-05,
            0.9999998807907104,
            0.03317737579345703
        ],
        [
            0.0,
            0.0,
            0.0,
            1.0
        ]
    ]
}