{
    "x": -52.20770998524902,
    "y": 569.0474861271638,
    "theta": 1.5693997144699097,
    "speed": 3.803481618249615,
    "target_speed": 4.0,
    "x_command": -52.19647900034191,
    "y_command": 580.1359260836833,
    "command": 4,
    "waypoints": [
        [
            -52.202823638916016,
            570.9912719726562,
            1.5694795291345758
        ],
        [
            -52.20070266723633,
            572.9823608398438,
            1.5697006858077183
        ],
        [
            -52.19900131225586,
            574.9845581054688,
            1.5699230916828633
        ],
        [
            -52.19793701171875,
            576.4323120117188,
            1.5700316591897707
        ],
        [
            -52.197784423828125,
            576.7090454101562,
            1.5700686974147202
        ],
        [
            -52.197784423828125,
            576.7090454101562,
            1.5700686974147202
        ],
        [
            -52.197784423828125,
            576.7090454101562,
            1.5700686974147202
        ],
        [
            -52.197784423828125,
            576.7090454101562,
            1.5700686974147202
        ]
    ],
    "steer": 0.0,
    "throttle": 0.75,
    "brake": false,
    "junction": false,
    "vehicle_hazard": [
        false,
        false,
        false,
        false,
        false,
        false,
        false,
        false,
        false,
        false,
        false,
        false,
        false,
        false,
        false,
        false,
        false,
        false,
        false,
        false,
        false,
        false,
        false,
        false,
        false,
        false,
        false,
        false,
        false,
        false,
        false,
        false,
        false,
        false,
        false,
        false,
        false,
        false,
        false,
        false,
        false,
        false,
        false,
        false,
        false,
        false,
        false,
        false,
        false,
        false,
        false,
        false,
        false,
        false,
        false,
        false,
        false,
        false,
        false,
        false,
        false,
        false,
        false,
        false,
        false,
        false,
        false,
        false,
        false,
        false,
        false,
        false,
        false,
        false,
        false,
        false,
        false,
        false,
        false,
        false
    ],
    "light_hazard": false,
    "walker_hazard": [
        false,
        false,
        false,
        false,
        false,
        false,
        false,
        false,
        false,
        false,
        false,
        false,
        false,
        false,
        false,
        false,
        false,
        false,
        false,
        false,
        false,
        false,
        false,
        false,
        false,
        false,
        false,
        false,
        false,
        false,
        false,
        false,
        false,
        false,
        false,
        false,
        false,
        false,
        false,
        false,
        false,
        false,
        false,
        false,
        false,
        false,
        false,
        false,
        false,
        false,
        false,
        false,
        false,
        false,
        false,
        false,
        false,
        false,
        false,
        false,
        false,
        false,
        false,
        false,
        false,
        false,
        false,
        false,
        false,
        false,
        false,
        false,
        false,
        false,
        false,
        false,
        false,
        false,
        false,
        false
    ],
    "stop_sign_hazard": false,
    "angle": 0.00024788870792074273,
    "ego_matrix": [
        [
            0.9999988675117493,
            0.001497228629887104,
            9.428885823581368e-05,
            569.0474853515625
        ],
        [
            -0.0014972282806411386,
            0.9999988675117493,
            -3.869601187034277e-06,
            52.2053108215332
        ],
        [
            -9.429454803466797e-05,
            3.72842509932525e-06,
            1.0,
            0.033464279025793076
        ],
        [
            0.0,
            0.0,
            0.0,
            1.0
        ]
    ]
}