{
    "x": -52.20492894348289,
    "y": 571.0521858369274,
    "theta": 1.5694178342819214,
    "speed": 3.8207257270192065,
    "target_speed": 4.0,
    "x_command": -52.19647900034191,
    "y_command": 580.1359260836833,
    "command": 4,
    "waypoints": [
        [
            -52.20061111450195,
            573.002197265625,
            1.5697367469984467
        ],
        [
            -52.19887924194336,
            574.9942626953125,
            1.569902736055541
        ],
        [
            -52.1978874206543,
            576.4360961914062,
            1.5700525666948109
        ],
        [
            -52.19773864746094,
            576.708740234375,
            1.5700889491423493
        ],
        [
            -52.19773864746094,
            576.708740234375,
            1.5700889491423493
        ],
        [
            -52.19773864746094,
            576.708740234375,
            1.5700889491423493
        ],
        [
            -52.19773864746094,
            576.708740234375,
            1.5700889491423493
        ],
        [
            -52.19773864746094,
            576.708740234375,
            1.5700889491423493
        ]
    ],
    "steer": 0.0,
    "throttle": 0.75,
    "brake": false,
    "junction": false,
    "vehicle_hazard": [
        false,
        false,
        false,
        false,
        false,
        false,
        false,
        false,
        false,
        false,
        false,
        false,
        false,
        false,
        false,
        false,
        false,
        false,
        false,
        false,
        false,
        false,
        false,
        false,
        false,
        false,
        false,
        false,
        false,
        false,
        false,
        false,
        false,
        false,
        false,
        false,
        false,
        false,
        false,
        false,
        false,
        false,
        false,
        false,
        false,
        false,
        false,
        false,
        false,
        false,
        false,
        false,
        false,
        false,
        false,
        false,
        false,
        false,
        false,
        false,
        false,
        false,
        false,
        false,
        false,
        false,
        false,
        false,
        false,
        false,
        false,
        false,
        false,
        false,
        false,
        false,
        false,
        false,
        false,
        false
    ],
    "light_hazard": false,
    "walker_hazard": [
        false,
        false,
        false,
        false,
        false,
        false,
        false,
        false,
        false,
        false,
        false,
        false,
        false,
        false,
        false,
        false,
        false,
        false,
        false,
        false,
        false,
        false,
        false,
        false,
        false,
        false,
        false,
        false,
        false,
        false,
        false,
        false,
        false,
        false,
        false,
        false,
        false,
        false,
        false,
        false,
        false,
        false,
        false,
        false,
        false,
        false,
        false,
        false,
        false,
        false,
        false,
        false,
        false,
        false,
        false,
        false,
        false,
        false,
        false,
        false,
        false,
        false,
        false,
        false,
        false,
        false,
        false,
        false,
        false,
        false,
        false,
        false,
        false,
        false,
        false,
        false,
        false,
        false,
        false,
        false
    ],
    "stop_sign_hazard": false,
    "angle": 0.00024668909544717466,
    "ego_matrix": [
        [
            0.999998927116394,
            0.0014221263118088245,
            0.0002743069489952177,
            571.0521850585938
        ],
        [
            -0.0014221274759620428,
            0.9999989867210388,
            4.316101694712415e-06,
            52.20252990722656
        ],
        [
            -0.0002743005461525172,
            -4.706196250481298e-06,
            0.9999999403953552,
            0.033554039895534515
        ],
        [
            0.0,
            0.0,
            0.0,
            1.0
        ]
    ]
}