{
    "x": 2.7914817437103094,
    "y": -94.29184735752196,
    "theta": 5.025775909423828,
    "speed": 0.004519154290677072,
    "target_speed": 3.0,
    "x_command": 29.024361210283093,
    "y_command": -99.11224378743192,
    "command": 4,
    "waypoints": [
        [
            2.8113231658935547,
            -94.33746337890625,
            5.029204748931023
        ],
        [
            2.876169443130493,
            -94.47871398925781,
            5.04106007683962
        ],
        [
            2.991339683532715,
            -94.7129898071289,
            5.062845000872577
        ],
        [
            3.1707334518432617,
            -95.03276062011719,
            5.100057084468146
        ],
        [
            3.420011043548584,
            -95.43388366699219,
            5.148733543924286
        ],
        [
            3.7554004192352295,
            -95.90450286865234,
            5.211381212775093
        ],
        [
            4.191044330596924,
            -96.4310073852539,
            5.287481040924106
        ],
        [
            4.745152950286865,
            -96.99249267578125,
            5.378118532831645
        ]
    ],
    "steer": 0.281,
    "throttle": 0.75,
    "brake": false,
    "junction": true,
    "vehicle_hazard": [
        false,
        false,
        false,
        false,
        false,
        false,
        false,
        false,
        false,
        false,
        false,
        false,
        false,
        false,
        false,
        false,
        false,
        false,
        false,
        false,
        false,
        false,
        false,
        false,
        false,
        false,
        false,
        false,
        false,
        false,
        false,
        false,
        false,
        false,
        false,
        false,
        false,
        false,
        false,
        false,
        false,
        false,
        false,
        false,
        false,
        false,
        false,
        false,
        false,
        false,
        false,
        false,
        false,
        false,
        false,
        false,
        false,
        false,
        false,
        false,
        false,
        false,
        false,
        false,
        false,
        false,
        false,
        false,
        false,
        false,
        false,
        false,
        false,
        false,
        false,
        false,
        false,
        false,
        false,
        false
    ],
    "light_hazard": false,
    "walker_hazard": [
        false,
        false,
        false,
        false,
        false,
        false,
        false,
        false,
        false,
        false,
        false,
        false,
        false,
        false,
        false,
        false,
        false,
        false,
        false,
        false,
        false,
        false,
        false,
        false,
        false,
        false,
        false,
        false,
        false,
        false,
        false,
        false,
        false,
        false,
        false,
        false,
        false,
        false,
        false,
        false,
        false,
        false,
        false,
        false,
        false,
        false,
        false,
        false,
        false,
        false,
        false,
        false,
        false,
        false,
        false,
        false,
        false,
        false,
        false,
        false,
        false,
        false,
        false,
        false,
        false,
        false,
        false,
        false,
        false,
        false,
        false,
        false,
        false,
        false,
        false,
        false,
        false,
        false,
        false,
        false
    ],
    "stop_sign_hazard": false,
    "angle": 0.20998805834001577,
    "ego_matrix": [
        [
            -0.9512916803359985,
            0.30827954411506653,
            -0.002804080257192254,
            -94.2918472290039
        ],
        [
            -0.30828022956848145,
            -0.9512955546379089,
            -0.00019538874039426446,
            -2.791353464126587
        ],
        [
            -0.0027277434710413218,
            0.000678570824675262,
            0.9999960660934448,
            0.013699264265596867
        ],
        [
            0.0,
            0.0,
            0.0,
            1.0
        ]
    ]
}