{
    "x": 2.791521561516595,
    "y": -94.29167951084204,
    "theta": 5.025777816772461,
    "speed": -0.00019009595151747068,
    "target_speed": 3.0,
    "x_command": 29.024361210283093,
    "y_command": -99.11224378743192,
    "command": 4,
    "waypoints": [
        [
            2.8109912872314453,
            -94.33488464355469,
            5.029481451368282
        ],
        [
            2.876730442047119,
            -94.4731216430664,
            5.04252028806531
        ],
        [
            2.994142532348633,
            -94.7036361694336,
            5.066250118642352
        ],
        [
            3.1746785640716553,
            -95.02008056640625,
            5.104047565045519
        ],
        [
            3.4219367504119873,
            -95.41972351074219,
            5.150687505216077
        ],
        [
            3.755690097808838,
            -95.88863372802734,
            5.212228364317847
        ],
        [
            4.1887054443359375,
            -96.41425323486328,
            5.286955066608816
        ],
        [
            4.739544868469238,
            -96.97565460205078,
            5.376361911776629
        ]
    ],
    "steer": 0.261,
    "throttle": 0.75,
    "brake": false,
    "junction": true,
    "vehicle_hazard": [
        false,
        false,
        false,
        false,
        false,
        false,
        false,
        false,
        false,
        false,
        false,
        false,
        false,
        false,
        false,
        false,
        false,
        false,
        false,
        false,
        false,
        false,
        false,
        false,
        false,
        false,
        false,
        false,
        false,
        false,
        false,
        false,
        false,
        false,
        false,
        false,
        false,
        false,
        false,
        false,
        false,
        false,
        false,
        false,
        false,
        false,
        false,
        false,
        false,
        false,
        false,
        false,
        false,
        false,
        false,
        false,
        false,
        false,
        false,
        false,
        false,
        false,
        false,
        false,
        false,
        false,
        false,
        false,
        false,
        false,
        false,
        false,
        false,
        false,
        false,
        false,
        false,
        false,
        false,
        false
    ],
    "light_hazard": false,
    "walker_hazard": [
        false,
        false,
        false,
        false,
        false,
        false,
        false,
        false,
        false,
        false,
        false,
        false,
        false,
        false,
        false,
        false,
        false,
        false,
        false,
        false,
        false,
        false,
        false,
        false,
        false,
        false,
        false,
        false,
        false,
        false,
        false,
        false,
        false,
        false,
        false,
        false,
        false,
        false,
        false,
        false,
        false,
        false,
        false,
        false,
        false,
        false,
        false,
        false,
        false,
        false,
        false,
        false,
        false,
        false,
        false,
        false,
        false,
        false,
        false,
        false,
        false,
        false,
        false,
        false,
        false,
        false,
        false,
        false,
        false,
        false,
        false,
        false,
        false,
        false,
        false,
        false,
        false,
        false,
        false,
        false
    ],
    "stop_sign_hazard": false,
    "angle": 0.20921009751822864,
    "ego_matrix": [
        [
            -0.9512892365455627,
            0.3082813322544098,
            -0.0033782923128455877,
            -94.29167938232422
        ],
        [
            -0.30828243494033813,
            -0.9512948393821716,
            -0.0002146296901628375,
            -2.791393280029297
        ],
        [
            -0.0032799183391034603,
            0.0008372931624762714,
            0.9999942779541016,
            0.0483807735145092
        ],
        [
            0.0,
            0.0,
            0.0,
            1.0
        ]
    ]
}