{
    "x": 2.791486276191338,
    "y": -94.29171002842021,
    "theta": 5.025776386260986,
    "speed": -5.233569085395955e-07,
    "target_speed": 3.0,
    "x_command": 29.024361210283093,
    "y_command": -99.11224378743192,
    "command": 4,
    "waypoints": [
        [
            2.8115737438201904,
            -94.33473205566406,
            5.029927530850871
        ],
        [
            2.879260540008545,
            -94.47212982177734,
            5.044341890250925
        ],
        [
            2.998253583908081,
            -94.70195007324219,
            5.0688554891367765
        ],
        [
            3.1791365146636963,
            -95.01830291748047,
            5.106283022464533
        ],
        [
            3.426637649536133,
            -95.41791534423828,
            5.152429745201207
        ],
        [
            3.760460138320923,
            -95.88688659667969,
            5.213399089933045
        ],
        [
            4.193404197692871,
            -96.4126968383789,
            5.287577181039459
        ],
        [
            4.744086742401123,
            -96.9743881225586,
            5.376543539362972
        ]
    ],
    "steer": 0.295,
    "throttle": 0.75,
    "brake": false,
    "junction": true,
    "vehicle_hazard": [
        false,
        false,
        false,
        false,
        false,
        false,
        false,
        false,
        false,
        false,
        false,
        false,
        false,
        false,
        false,
        false,
        false,
        false,
        false,
        false,
        false,
        false,
        false,
        false,
        false,
        false,
        false,
        false,
        false,
        false,
        false,
        false,
        false,
        false,
        false,
        false,
        false,
        false,
        false,
        false,
        false,
        false,
        false,
        false,
        false,
        false,
        false,
        false,
        false,
        false,
        false,
        false,
        false,
        false,
        false,
        false,
        false,
        false,
        false,
        false,
        false,
        false,
        false,
        false,
        false,
        false,
        false,
        false,
        false,
        false,
        false,
        false,
        false,
        false,
        false,
        false,
        false,
        false,
        false,
        false
    ],
    "light_hazard": false,
    "walker_hazard": [
        false,
        false,
        false,
        false,
        false,
        false,
        false,
        false,
        false,
        false,
        false,
        false,
        false,
        false,
        false,
        false,
        false,
        false,
        false,
        false,
        false,
        false,
        false,
        false,
        false,
        false,
        false,
        false,
        false,
        false,
        false,
        false,
        false,
        false,
        false,
        false,
        false,
        false,
        false,
        false,
        false,
        false,
        false,
        false,
        false,
        false,
        false,
        false,
        false,
        false,
        false,
        false,
        false,
        false,
        false,
        false,
        false,
        false,
        false,
        false,
        false,
        false,
        false,
        false,
        false,
        false,
        false,
        false,
        false,
        false,
        false,
        false,
        false,
        false,
        false,
        false,
        false,
        false,
        false,
        false
    ],
    "stop_sign_hazard": false,
    "angle": 0.20848731852845476,
    "ego_matrix": [
        [
            -0.9512896537780762,
            0.30828067660331726,
            -0.0033128326758742332,
            -94.29170989990234
        ],
        [
            -0.3082813024520874,
            -0.9512951970100403,
            -0.0003199501079507172,
            -2.79135799407959
        ],
        [
            -0.003250116016715765,
            0.0007169191958382726,
            0.9999944567680359,
            0.055443037301301956
        ],
        [
            0.0,
            0.0,
            0.0,
            1.0
        ]
    ]
}