{
    "x": 2.791482936551739,
    "y": -94.29171002842021,
    "theta": 5.025776386260986,
    "speed": 3.1920097240867474e-06,
    "target_speed": 3.0,
    "x_command": 29.024361210283093,
    "y_command": -99.11224378743192,
    "command": 4,
    "waypoints": [
        [
            2.8121414184570312,
            -94.33445739746094,
            5.030363224005207
        ],
        [
            2.8806042671203613,
            -94.47148132324219,
            5.045297698766154
        ],
        [
            2.9997005462646484,
            -94.70124816894531,
            5.069725543864905
        ],
        [
            3.1806936264038086,
            -95.01753997802734,
            5.107034033891935
        ],
        [
            3.4282448291778564,
            -95.41712188720703,
            5.15299806377783
        ],
        [
            3.762054443359375,
            -95.8861083984375,
            5.213761546157405
        ],
        [
            4.194911956787109,
            -96.4119873046875,
            5.287735905440427
        ],
        [
            4.745439052581787,
            -96.97383880615234,
            5.376508918268802
        ]
    ],
    "steer": 0.329,
    "throttle": 0.75,
    "brake": false,
    "junction": true,
    "vehicle_hazard": [
        false,
        false,
        false,
        false,
        false,
        false,
        false,
        false,
        false,
        false,
        false,
        false,
        false,
        false,
        false,
        false,
        false,
        false,
        false,
        false,
        false,
        false,
        false,
        false,
        false,
        false,
        false,
        false,
        false,
        false,
        false,
        false,
        false,
        false,
        false,
        false,
        false,
        false,
        false,
        false,
        false,
        false,
        false,
        false,
        false,
        false,
        false,
        false,
        false,
        false,
        false,
        false,
        false,
        false,
        false,
        false,
        false,
        false,
        false,
        false,
        false,
        false,
        false,
        false,
        false,
        false,
        false,
        false,
        false,
        false,
        false,
        false,
        false,
        false,
        false,
        false,
        false,
        false,
        false,
        false
    ],
    "light_hazard": false,
    "walker_hazard": [
        false,
        false,
        false,
        false,
        false,
        false,
        false,
        false,
        false,
        false,
        false,
        false,
        false,
        false,
        false,
        false,
        false,
        false,
        false,
        false,
        false,
        false,
        false,
        false,
        false,
        false,
        false,
        false,
        false,
        false,
        false,
        false,
        false,
        false,
        false,
        false,
        false,
        false,
        false,
        false,
        false,
        false,
        false,
        false,
        false,
        false,
        false,
        false,
        false,
        false,
        false,
        false,
        false,
        false,
        false,
        false,
        false,
        false,
        false,
        false,
        false,
        false,
        false,
        false,
        false,
        false,
        false,
        false,
        false,
        false,
        false,
        false,
        false,
        false,
        false,
        false,
        false,
        false,
        false,
        false
    ],
    "stop_sign_hazard": false,
    "angle": 0.20830379281834535,
    "ego_matrix": [
        [
            -0.9512896537780762,
            0.30828070640563965,
            -0.0033095877151936293,
            -94.29170989990234
        ],
        [
            -0.3082813024520874,
            -0.9512951970100403,
            -0.00032841687789186835,
            -2.7913546562194824
        ],
        [
            -0.003249639179557562,
            0.0007078643538989127,
            0.9999944567680359,
            0.0556669607758522
        ],
        [
            0.0,
            0.0,
            0.0,
            1.0
        ]
    ]
}