{
    "x": 2.7914826976670493,
    "y": -94.29171002842021,
    "theta": 5.025776386260986,
    "speed": 3.6494387514541712e-06,
    "target_speed": 3.0,
    "x_command": 29.024361210283093,
    "y_command": -99.11224378743192,
    "command": 4,
    "waypoints": [
        [
            2.8122940063476562,
            -94.33438873291016,
            5.030479337828735
        ],
        [
            2.880767345428467,
            -94.47139739990234,
            5.045409551531938
        ],
        [
            2.9998605251312256,
            -94.701171875,
            5.069816890290296
        ],
        [
            3.180868625640869,
            -95.0174560546875,
            5.107114993989073
        ],
        [
            3.428433895111084,
            -95.41703033447266,
            5.153066773333954
        ],
        [
            3.7622530460357666,
            -95.8860092163086,
            5.213815075695315
        ],
        [
            4.195111274719238,
            -96.4118881225586,
            5.287771858115143
        ],
        [
            4.745658874511719,
            -96.97371673583984,
            5.376544870943517
        ]
    ],
    "steer": 0.359,
    "throttle": 0.75,
    "brake": false,
    "junction": true,
    "vehicle_hazard": [
        false,
        false,
        false,
        false,
        false,
        false,
        false,
        false,
        false,
        false,
        false,
        false,
        false,
        false,
        false,
        false,
        false,
        false,
        false,
        false,
        false,
        false,
        false,
        false,
        false,
        false,
        false,
        false,
        false,
        false,
        false,
        false,
        false,
        false,
        false,
        false,
        false,
        false,
        false,
        false,
        false,
        false,
        false,
        false,
        false,
        false,
        false,
        false,
        false,
        false,
        false,
        false,
        false,
        false,
        false,
        false,
        false,
        false,
        false,
        false,
        false,
        false,
        false,
        false,
        false,
        false,
        false,
        false,
        false,
        false,
        false,
        false,
        false,
        false,
        false,
        false,
        false,
        false,
        false,
        false
    ],
    "light_hazard": false,
    "walker_hazard": [
        false,
        false,
        false,
        false,
        false,
        false,
        false,
        false,
        false,
        false,
        false,
        false,
        false,
        false,
        false,
        false,
        false,
        false,
        false,
        false,
        false,
        false,
        false,
        false,
        false,
        false,
        false,
        false,
        false,
        false,
        false,
        false,
        false,
        false,
        false,
        false,
        false,
        false,
        false,
        false,
        false,
        false,
        false,
        false,
        false,
        false,
        false,
        false,
        false,
        false,
        false,
        false,
        false,
        false,
        false,
        false,
        false,
        false,
        false,
        false,
        false,
        false,
        false,
        false,
        false,
        false,
        false,
        false,
        false,
        false,
        false,
        false,
        false,
        false,
        false,
        false,
        false,
        false,
        false,
        false
    ],
    "stop_sign_hazard": false,
    "angle": 0.2082428467942334,
    "ego_matrix": [
        [
            -0.9512896537780762,
            0.30828070640563965,
            -0.0033095877151936293,
            -94.29170989990234
        ],
        [
            -0.3082813024520874,
            -0.9512951970100403,
            -0.00032841687789186835,
            -2.7913544178009033
        ],
        [
            -0.003249639179557562,
            0.0007078643538989127,
            0.9999944567680359,
            0.055679433047771454
        ],
        [
            0.0,
            0.0,
            0.0,
            1.0
        ]
    ]
}