{
    "x": 3.0359368713419683,
    "y": -94.80532849835855,
    "theta": 5.076903343200684,
    "speed": 2.1604781102493575,
    "target_speed": 3.0,
    "x_command": 29.024361210283093,
    "y_command": -99.11224378743192,
    "command": 4,
    "waypoints": [
        [
            3.263655185699463,
            -95.27994537353516,
            5.09879394716312
        ],
        [
            3.263655185699463,
            -95.27994537353516,
            5.09879394716312
        ],
        [
            3.263655185699463,
            -95.27994537353516,
            5.09879394716312
        ],
        [
            3.263655185699463,
            -95.27994537353516,
            5.09879394716312
        ],
        [
            3.263655185699463,
            -95.27994537353516,
            5.09879394716312
        ],
        [
            3.263655185699463,
            -95.27994537353516,
            5.09879394716312
        ],
        [
            3.263655185699463,
            -95.27994537353516,
            5.09879394716312
        ],
        [
            3.263655185699463,
            -95.27994537353516,
            5.09879394716312
        ]
    ],
    "steer": 0.1975,
    "throttle": 0.0,
    "brake": true,
    "junction": true,
    "vehicle_hazard": [
        false,
        false,
        false,
        false,
        false,
        false,
        false,
        false,
        false,
        false,
        false,
        false,
        false,
        false,
        false,
        false,
        false,
        false,
        false,
        false,
        false,
        false,
        false,
        false,
        false,
        false,
        true,
        true,
        true,
        true,
        true,
        true,
        true,
        true,
        true,
        true,
        true,
        true,
        true,
        true,
        true,
        true,
        true,
        true,
        true,
        true,
        true,
        true,
        true,
        true,
        true,
        true,
        true,
        true,
        true,
        true,
        true,
        true,
        true,
        true,
        true,
        true,
        true,
        true,
        true,
        true,
        true,
        true,
        true,
        true,
        true,
        true,
        true,
        true,
        true,
        true,
        true,
        true,
        true,
        true
    ],
    "light_hazard": false,
    "walker_hazard": [
        false,
        false,
        false,
        false,
        false,
        false,
        false,
        false,
        false,
        false,
        false,
        false,
        false,
        false,
        false,
        false,
        false,
        false,
        false,
        false,
        false,
        false,
        false,
        false,
        false,
        false,
        false,
        false,
        false,
        false,
        false,
        false,
        false,
        false,
        false,
        false,
        false,
        false,
        false,
        false,
        false,
        false,
        false,
        false,
        false,
        false,
        false,
        false,
        false,
        false,
        false,
        false,
        false,
        false,
        false,
        false,
        false,
        false,
        false,
        false,
        false,
        false,
        false,
        false,
        false,
        false,
        false,
        false,
        false,
        false,
        false,
        false,
        false,
        false,
        false,
        false,
        false,
        false,
        false,
        false
    ],
    "stop_sign_hazard": false,
    "angle": 0.20777582093119898,
    "ego_matrix": [
        [
            -0.9367397427558899,
            0.3500211238861084,
            -0.001968272030353546,
            -94.80532836914062
        ],
        [
            -0.35002344846725464,
            -0.9367403984069824,
            0.0010021781781688333,
            -3.035797357559204
        ],
        [
            -0.0014929764438420534,
            0.0016277213580906391,
            0.9999975562095642,
            0.05422401428222656
        ],
        [
            0.0,
            0.0,
            0.0,
            1.0
        ]
    ]
}