{
    "x": 3.2072561223994627,
    "y": -95.11219800561274,
    "theta": 5.11364221572876,
    "speed": 0.7688829053714235,
    "target_speed": 3.0,
    "x_command": 29.024361210283093,
    "y_command": -99.11224378743192,
    "command": 4,
    "waypoints": [
        [
            3.4378702640533447,
            -95.47728729248047,
            5.1522103007273845
        ],
        [
            3.751086950302124,
            -95.91416931152344,
            5.210924214332035
        ],
        [
            4.160878658294678,
            -96.40972137451172,
            5.283351277021721
        ],
        [
            4.684864044189453,
            -96.94428253173828,
            5.370547964800878
        ],
        [
            5.340447902679443,
            -97.4916000366211,
            5.4733587660511684
        ],
        [
            6.146440029144287,
            -98.01190948486328,
            5.596063913276569
        ],
        [
            7.107929706573486,
            -98.4696044921875,
            5.732119620204592
        ],
        [
            8.222545623779297,
            -98.82735443115234,
            5.875708344592012
        ]
    ],
    "steer": 0.373,
    "throttle": 0.75,
    "brake": false,
    "junction": true,
    "vehicle_hazard": [
        false,
        false,
        false,
        false,
        false,
        false,
        false,
        false,
        false,
        false,
        false,
        false,
        false,
        false,
        false,
        false,
        false,
        false,
        false,
        false,
        false,
        false,
        false,
        false,
        false,
        false,
        false,
        false,
        false,
        false,
        false,
        false,
        false,
        false,
        false,
        false,
        false,
        false,
        false,
        false,
        false,
        false,
        false,
        false,
        false,
        false,
        false,
        false,
        false,
        false,
        false,
        false,
        false,
        false,
        false,
        false,
        false,
        false,
        false,
        false,
        false,
        false,
        false,
        false,
        false,
        false,
        false,
        false,
        false,
        false,
        false,
        false,
        false,
        false,
        false,
        false,
        false,
        false,
        false,
        false
    ],
    "light_hazard": false,
    "walker_hazard": [
        false,
        false,
        false,
        false,
        false,
        false,
        false,
        false,
        false,
        false,
        false,
        false,
        false,
        false,
        false,
        false,
        false,
        false,
        false,
        false,
        false,
        false,
        false,
        false,
        false,
        false,
        false,
        false,
        false,
        false,
        false,
        false,
        false,
        false,
        false,
        false,
        false,
        false,
        false,
        false,
        false,
        false,
        false,
        false,
        false,
        false,
        false,
        false,
        false,
        false,
        false,
        false,
        false,
        false,
        false,
        false,
        false,
        false,
        false,
        false,
        false,
        false,
        false,
        false,
        false,
        false,
        false,
        false,
        false,
        false,
        false,
        false,
        false,
        false,
        false,
        false,
        false,
        false,
        false,
        false
    ],
    "stop_sign_hazard": false,
    "angle": 0.19132093630136046,
    "ego_matrix": [
        [
            -0.9231621623039246,
            0.384392112493515,
            -0.003794832853600383,
            -95.11219787597656
        ],
        [
            -0.3843953609466553,
            -0.9231685996055603,
            0.00014036858920007944,
            -3.207108736038208
        ],
        [
            -0.003449313808232546,
            0.0015882991719990969,
            0.9999927878379822,
            0.054737966507673264
        ],
        [
            0.0,
            0.0,
            0.0,
            1.0
        ]
    ]
}