{
    "x": 3.7235025617549278,
    "y": -95.80061353389479,
    "theta": 5.242939472198486,
    "speed": 2.4091352652841453,
    "target_speed": 3.0,
    "x_command": 29.024361210283093,
    "y_command": -99.11224378743192,
    "command": 4,
    "waypoints": [
        [
            4.545872211456299,
            -96.74324798583984,
            5.355042508302217
        ],
        [
            5.582485198974609,
            -97.61785888671875,
            5.507075450716007
        ],
        [
            6.8462138175964355,
            -98.33687591552734,
            5.6876391042039245
        ],
        [
            8.255486488342285,
            -98.83757781982422,
            5.868291440956142
        ],
        [
            9.737010955810547,
            -99.1168212890625,
            6.0303521169804615
        ],
        [
            11.24688720703125,
            -99.22899627685547,
            6.156718311756394
        ],
        [
            12.76323127746582,
            -99.2363510131836,
            6.242036272544554
        ],
        [
            14.279419898986816,
            -99.19583892822266,
            0.005746036367954899
        ]
    ],
    "steer": 0.34,
    "throttle": 0.75,
    "brake": false,
    "junction": true,
    "vehicle_hazard": [
        false,
        false,
        false,
        false,
        false,
        false,
        false,
        false,
        false,
        false,
        false,
        false,
        false,
        false,
        false,
        false,
        false,
        false,
        false,
        false,
        false,
        false,
        false,
        false,
        false,
        false,
        false,
        false,
        false,
        false,
        false,
        false,
        false,
        false,
        false,
        false,
        false,
        false,
        false,
        false,
        false,
        false,
        false,
        false,
        false,
        false,
        false,
        false,
        false,
        false,
        false,
        false,
        false,
        false,
        false,
        false,
        false,
        false,
        false,
        false,
        false,
        false,
        false,
        false,
        false,
        false,
        false,
        false,
        false,
        false,
        false,
        false,
        false,
        false,
        false,
        false,
        false,
        false,
        false,
        false
    ],
    "light_hazard": false,
    "walker_hazard": [
        false,
        false,
        false,
        false,
        false,
        false,
        false,
        false,
        false,
        false,
        false,
        false,
        false,
        false,
        false,
        false,
        false,
        false,
        false,
        false,
        false,
        false,
        false,
        false,
        false,
        false,
        false,
        false,
        false,
        false,
        false,
        false,
        false,
        false,
        false,
        false,
        false,
        false,
        false,
        false,
        false,
        false,
        false,
        false,
        false,
        false,
        false,
        false,
        false,
        false,
        false,
        false,
        false,
        false,
        false,
        false,
        false,
        false,
        false,
        false,
        false,
        false,
        false,
        false,
        false,
        false,
        false,
        false,
        false,
        false,
        false,
        false,
        false,
        false,
        false,
        false,
        false,
        false,
        false,
        false
    ],
    "stop_sign_hazard": false,
    "angle": 0.00043758309088811633,
    "ego_matrix": [
        [
            -0.8709487318992615,
            0.4913623631000519,
            -0.003349173814058304,
            -95.80061340332031
        ],
        [
            -0.49137064814567566,
            -0.8709473013877869,
            0.0023766513913869858,
            -3.7233314514160156
        ],
        [
            -0.0017491568578407168,
            0.003715627593919635,
            0.9999915361404419,
            0.052442893385887146
        ],
        [
            0.0,
            0.0,
            0.0,
            1.0
        ]
    ]
}