{
    "x": 4.775346380164799,
    "y": -96.86719526142274,
    "theta": 5.436150550842285,
    "speed": 3.1412176780367087,
    "target_speed": 3.0,
    "x_command": 29.024361210283093,
    "y_command": -99.11224378743192,
    "command": 4,
    "waypoints": [
        [
            6.030752182006836,
            -97.81385803222656,
            5.581805082484176
        ],
        [
            7.448736190795898,
            -98.51617431640625,
            5.761099606554616
        ],
        [
            8.975058555603027,
            -98.95893859863281,
            5.937918456075718
        ],
        [
            10.550999641418457,
            -99.18327331542969,
            6.087771467979223
        ],
        [
            12.142146110534668,
            -99.24848937988281,
            6.2003121282721185
        ],
        [
            13.734769821166992,
            -99.22532653808594,
            6.270442214521611
        ],
        [
            15.326726913452148,
            -99.17125701904297,
            0.020067717762074055
        ],
        [
            16.918865203857422,
            -99.12303161621094,
            0.026436534350944285
        ]
    ],
    "steer": 0.329,
    "throttle": 0.07856165023999498,
    "brake": false,
    "junction": true,
    "vehicle_hazard": [
        false,
        false,
        false,
        false,
        false,
        false,
        false,
        false,
        false,
        false,
        false,
        false,
        false,
        false,
        false,
        false,
        false,
        false,
        false,
        false,
        false,
        false,
        false,
        false,
        false,
        false,
        false,
        false,
        false,
        false,
        false,
        false,
        false,
        false,
        false,
        false,
        false,
        false,
        false,
        false,
        false,
        false,
        false,
        false,
        false,
        false,
        false,
        false,
        false,
        false,
        false,
        false,
        false,
        false,
        false,
        false,
        false,
        false,
        false,
        false,
        false,
        false,
        false,
        false,
        false,
        false,
        false,
        false,
        false,
        false,
        false,
        false,
        false,
        false,
        false,
        false,
        false,
        false,
        false,
        false
    ],
    "light_hazard": false,
    "walker_hazard": [
        false,
        false,
        false,
        false,
        false,
        false,
        false,
        false,
        false,
        false,
        false,
        false,
        false,
        false,
        false,
        false,
        false,
        false,
        false,
        false,
        false,
        false,
        false,
        false,
        false,
        false,
        false,
        false,
        false,
        false,
        false,
        false,
        false,
        false,
        false,
        false,
        false,
        false,
        false,
        false,
        false,
        false,
        false,
        false,
        false,
        false,
        false,
        false,
        false,
        false,
        false,
        false,
        false,
        false,
        false,
        false,
        false,
        false,
        false,
        false,
        false,
        false,
        false,
        false,
        false,
        false,
        false,
        false,
        false,
        false,
        false,
        false,
        false,
        false,
        false,
        false,
        false,
        false,
        false,
        false
    ],
    "stop_sign_hazard": false,
    "angle": -0.022410718295941642,
    "ego_matrix": [
        [
            -0.7627532482147217,
            0.64668208360672,
            -0.0031323491130024195,
            -96.86719512939453
        ],
        [
            -0.6466888189315796,
            -0.7627511024475098,
            0.0020843471866101027,
            -4.775126934051514
        ],
        [
            -0.0010412927949801087,
            0.00361549761146307,
            0.9999929070472717,
            0.04898017644882202
        ],
        [
            0.0,
            0.0,
            0.0,
            1.0
        ]
    ]
}