{
    "x": 5.9796425203724155,
    "y": -97.70230115855706,
    "theta": 5.6209330558776855,
    "speed": 2.8589175003102936,
    "target_speed": 3.0,
    "x_command": 29.024361210283093,
    "y_command": -99.11224378743192,
    "command": 4,
    "waypoints": [
        [
            7.282359600067139,
            -98.36544036865234,
            5.750135771820923
        ],
        [
            8.704299926757812,
            -98.82755279541016,
            5.905737216937364
        ],
        [
            10.182052612304688,
            -99.0977783203125,
            6.045211224282558
        ],
        [
            11.683450698852539,
            -99.21581268310547,
            6.1578779852530685
        ],
        [
            13.191309928894043,
            -99.23402404785156,
            6.237218747290655
        ],
        [
            14.699305534362793,
            -99.20336151123047,
            6.283059339660025
        ],
        [
            16.207035064697266,
            -99.16072082519531,
            0.018970495392961473
        ],
        [
            17.714988708496094,
            -99.12713623046875,
            0.0206038120895069
        ]
    ],
    "steer": 0.359,
    "throttle": 0.75,
    "brake": false,
    "junction": true,
    "vehicle_hazard": [
        false,
        false,
        false,
        false,
        false,
        false,
        false,
        false,
        false,
        false,
        false,
        false,
        false,
        false,
        false,
        false,
        false,
        false,
        false,
        false,
        false,
        false,
        false,
        false,
        false,
        false,
        false,
        false,
        false,
        false,
        false,
        false,
        false,
        false,
        false,
        false,
        false,
        false,
        false,
        false,
        false,
        false,
        false,
        false,
        false,
        false,
        false,
        false,
        false,
        false,
        false,
        false,
        false,
        false,
        false,
        false,
        false,
        false,
        false,
        false,
        false,
        false,
        false,
        false,
        false,
        false,
        false,
        false,
        false,
        false,
        false,
        false,
        false,
        false,
        false,
        false,
        false,
        false,
        false,
        false
    ],
    "light_hazard": false,
    "walker_hazard": [
        false,
        false,
        false,
        false,
        false,
        false,
        false,
        false,
        false,
        false,
        false,
        false,
        false,
        false,
        false,
        false,
        false,
        false,
        false,
        false,
        false,
        false,
        false,
        false,
        false,
        false,
        false,
        false,
        false,
        false,
        false,
        false,
        false,
        false,
        false,
        false,
        false,
        false,
        false,
        false,
        false,
        false,
        false,
        false,
        false,
        false,
        false,
        false,
        false,
        false,
        false,
        false,
        false,
        false,
        false,
        false,
        false,
        false,
        false,
        false,
        false,
        false,
        false,
        false,
        false,
        false,
        false,
        false,
        false,
        false,
        false,
        false,
        false,
        false,
        false,
        false,
        false,
        false,
        false,
        false
    ],
    "stop_sign_hazard": false,
    "angle": -0.016919412619866833,
    "ego_matrix": [
        [
            -0.6311706900596619,
            0.7756412625312805,
            -0.002033428056165576,
            -97.70230102539062
        ],
        [
            -0.7756354212760925,
            -0.631173849105835,
            -0.0030333432368934155,
            -5.979367733001709
        ],
        [
            -0.0036362330429255962,
            -0.0003373586223460734,
            0.9999933242797852,
            0.04467300325632095
        ],
        [
            0.0,
            0.0,
            0.0,
            1.0
        ]
    ]
}