{
    "x": 7.413375114113201,
    "y": -98.33273328832259,
    "theta": 5.8149027824401855,
    "speed": 2.939847010704133,
    "target_speed": 3.0,
    "x_command": 29.024361210283093,
    "y_command": -99.11224378743192,
    "command": 4,
    "waypoints": [
        [
            8.832894325256348,
            -98.76655578613281,
            5.931729669176538
        ],
        [
            10.307369232177734,
            -99.03337097167969,
            6.053927084740115
        ],
        [
            11.803499221801758,
            -99.16477966308594,
            6.153802549836921
        ],
        [
            13.306312561035156,
            -99.20523834228516,
            6.225703105579098
        ],
        [
            14.810157775878906,
            -99.19456481933594,
            6.2705340935792195
        ],
        [
            16.313859939575195,
            -99.16558074951172,
            0.009103883028381388
        ],
        [
            17.817594528198242,
            -99.13829803466797,
            0.014866830469258296
        ],
        [
            19.32147979736328,
            -99.1214370727539,
            0.011901800069618496
        ]
    ],
    "steer": 0.302,
    "throttle": 0.4190918464125605,
    "brake": false,
    "junction": true,
    "vehicle_hazard": [
        false,
        false,
        false,
        false,
        false,
        false,
        false,
        false,
        false,
        false,
        false,
        false,
        false,
        false,
        false,
        false,
        false,
        false,
        false,
        false,
        false,
        false,
        false,
        false,
        false,
        false,
        false,
        false,
        false,
        false,
        false,
        false,
        false,
        false,
        false,
        false,
        false,
        false,
        false,
        false,
        false,
        false,
        false,
        false,
        false,
        false,
        false,
        false,
        false,
        false,
        false,
        false,
        false,
        false,
        false,
        false,
        false,
        false,
        false,
        false,
        false,
        false,
        false,
        false,
        false,
        false,
        false,
        false,
        false,
        false,
        false,
        false,
        false,
        false,
        false,
        false,
        false,
        false,
        false,
        false
    ],
    "light_hazard": false,
    "walker_hazard": [
        false,
        false,
        false,
        false,
        false,
        false,
        false,
        false,
        false,
        false,
        false,
        false,
        false,
        false,
        false,
        false,
        false,
        false,
        false,
        false,
        false,
        false,
        false,
        false,
        false,
        false,
        false,
        false,
        false,
        false,
        false,
        false,
        false,
        false,
        false,
        false,
        false,
        false,
        false,
        false,
        false,
        false,
        false,
        false,
        false,
        false,
        false,
        false,
        false,
        false,
        false,
        false,
        false,
        false,
        false,
        false,
        false,
        false,
        false,
        false,
        false,
        false,
        false,
        false,
        false,
        false,
        false,
        false,
        false,
        false,
        false,
        false,
        false,
        false,
        false,
        false,
        false,
        false,
        false,
        false
    ],
    "stop_sign_hazard": false,
    "angle": -0.010323462611263419,
    "ego_matrix": [
        [
            -0.466918021440506,
            0.8842925429344177,
            -0.0037835866678506136,
            -98.33273315429688
        ],
        [
            -0.8842863440513611,
            -0.4669305086135864,
            -0.0036887244787067175,
            -7.413034439086914
        ],
        [
            -0.005028583575040102,
            0.001623441930860281,
            0.9999860525131226,
            0.04029666632413864
        ],
        [
            0.0,
            0.0,
            0.0,
            1.0
        ]
    ]
}