{
    "x": 8.789119259479879,
    "y": -98.71963514431867,
    "theta": 5.943742752075195,
    "speed": 2.573009217117296,
    "target_speed": 3.0,
    "x_command": 29.024361210283093,
    "y_command": -99.11224378743192,
    "command": 4,
    "waypoints": [
        [
            9.490964889526367,
            -98.91648864746094,
            5.967316958191049
        ],
        [
            9.495650291442871,
            -98.9177017211914,
            5.9675298779202
        ],
        [
            9.495650291442871,
            -98.9177017211914,
            5.9675298779202
        ],
        [
            9.495650291442871,
            -98.9177017211914,
            5.9675298779202
        ],
        [
            9.495650291442871,
            -98.9177017211914,
            5.9675298779202
        ],
        [
            9.495650291442871,
            -98.9177017211914,
            5.9675298779202
        ],
        [
            9.495650291442871,
            -98.9177017211914,
            5.9675298779202
        ],
        [
            9.495650291442871,
            -98.9177017211914,
            5.9675298779202
        ]
    ],
    "steer": 0.154,
    "throttle": 0.0,
    "brake": true,
    "junction": true,
    "vehicle_hazard": [
        false,
        false,
        false,
        false,
        false,
        false,
        false,
        false,
        false,
        false,
        false,
        false,
        false,
        false,
        false,
        false,
        false,
        false,
        false,
        false,
        false,
        false,
        false,
        false,
        false,
        false,
        false,
        false,
        false,
        false,
        false,
        false,
        false,
        false,
        false,
        false,
        false,
        false,
        false,
        false,
        false,
        false,
        false,
        false,
        false,
        false,
        false,
        false,
        false,
        false,
        false,
        false,
        false,
        false,
        false,
        false,
        false,
        false,
        false,
        false,
        false,
        false,
        false,
        false,
        false,
        false,
        false,
        false,
        true,
        true,
        true,
        true,
        true,
        true,
        true,
        true,
        true,
        true,
        true,
        true
    ],
    "light_hazard": false,
    "walker_hazard": [
        false,
        false,
        false,
        false,
        false,
        false,
        false,
        false,
        false,
        false,
        false,
        false,
        false,
        false,
        false,
        false,
        false,
        false,
        false,
        false,
        false,
        false,
        false,
        false,
        false,
        false,
        false,
        false,
        false,
        false,
        false,
        false,
        false,
        false,
        false,
        false,
        false,
        false,
        false,
        false,
        false,
        false,
        false,
        false,
        false,
        false,
        false,
        false,
        false,
        false,
        false,
        false,
        false,
        false,
        false,
        false,
        false,
        false,
        false,
        false,
        false,
        false,
        false,
        false,
        false,
        false,
        false,
        false,
        false,
        false,
        false,
        false,
        false,
        false,
        false,
        false,
        false,
        false,
        false,
        false
    ],
    "stop_sign_hazard": false,
    "angle": 0.15954887711547402,
    "ego_matrix": [
        [
            -0.33984804153442383,
            0.9404803514480591,
            5.03716291859746e-05,
            -98.71963500976562
        ],
        [
            -0.9404789209365845,
            -0.3398474454879761,
            -0.0017495290376245975,
            -8.788715362548828
        ],
        [
            -0.0016282788710668683,
            -0.0006419474957510829,
            0.9999985098838806,
            0.03535407781600952
        ],
        [
            0.0,
            0.0,
            0.0,
            1.0
        ]
    ]
}