{
    "x": 9.292387739120068,
    "y": -98.8416215336451,
    "theta": 5.971625328063965,
    "speed": 0.4209424837646021,
    "target_speed": 3.0,
    "x_command": 29.024361210283093,
    "y_command": -99.11224378743192,
    "command": 4,
    "waypoints": [
        [
            9.545452117919922,
            -98.8896713256836,
            5.990619484571187
        ],
        [
            9.903836250305176,
            -98.95124053955078,
            6.018682145083734
        ],
        [
            10.368048667907715,
            -99.0198745727539,
            6.05251374514961
        ],
        [
            10.938986778259277,
            -99.08718872070312,
            6.091193629979975
        ],
        [
            11.616839408874512,
            -99.1473388671875,
            6.131854374029142
        ],
        [
            12.401602745056152,
            -99.1940689086914,
            6.172334955230564
        ],
        [
            13.29290771484375,
            -99.22350311279297,
            6.210136529533421
        ],
        [
            14.290275573730469,
            -99.23486328125,
            6.2426662433004125
        ]
    ],
    "steer": 0.301,
    "throttle": 0.75,
    "brake": false,
    "junction": true,
    "vehicle_hazard": [
        false,
        false,
        false,
        false,
        false,
        false,
        false,
        false,
        false,
        false,
        false,
        false,
        false,
        false,
        false,
        false,
        false,
        false,
        false,
        false,
        false,
        false,
        false,
        false,
        false,
        false,
        false,
        false,
        false,
        false,
        false,
        false,
        false,
        false,
        false,
        false,
        false,
        false,
        false,
        false,
        false,
        false,
        false,
        false,
        false,
        false,
        false,
        false,
        false,
        false,
        false,
        false,
        false,
        false,
        false,
        false,
        false,
        false,
        false,
        false,
        false,
        false,
        false,
        false,
        false,
        false,
        false,
        false,
        false,
        false,
        false,
        false,
        false,
        false,
        false,
        false,
        false,
        false,
        false,
        false
    ],
    "light_hazard": false,
    "walker_hazard": [
        false,
        false,
        false,
        false,
        false,
        false,
        false,
        false,
        false,
        false,
        false,
        false,
        false,
        false,
        false,
        false,
        false,
        false,
        false,
        false,
        false,
        false,
        false,
        false,
        false,
        false,
        false,
        false,
        false,
        false,
        false,
        false,
        false,
        false,
        false,
        false,
        false,
        false,
        false,
        false,
        false,
        false,
        false,
        false,
        false,
        false,
        false,
        false,
        false,
        false,
        false,
        false,
        false,
        false,
        false,
        false,
        false,
        false,
        false,
        false,
        false,
        false,
        false,
        false,
        false,
        false,
        false,
        false,
        false,
        false,
        false,
        false,
        false,
        false,
        false,
        false,
        false,
        false,
        false,
        false
    ],
    "stop_sign_hazard": false,
    "angle": 0.03548770357983077,
    "ego_matrix": [
        [
            -0.3086559474468231,
            0.951173722743988,
            -0.0003039426519535482,
            -98.84162139892578
        ],
        [
            -0.9511723518371582,
            -0.30865606665611267,
            -0.0015968153020367026,
            -9.291960716247559
        ],
        [
            -0.001612662454135716,
            -0.00020376469183247536,
            0.9999986886978149,
            0.03453307971358299
        ],
        [
            0.0,
            0.0,
            0.0,
            1.0
        ]
    ]
}