{
    "x": 9.870930331623576,
    "y": -98.92428602350387,
    "theta": 6.029425621032715,
    "speed": 1.7893632054560962,
    "target_speed": 4.0,
    "x_command": 29.024361210283093,
    "y_command": -99.11224378743192,
    "command": 4,
    "waypoints": [
        [
            10.804616928100586,
            -99.04659271240234,
            6.090312389975268
        ],
        [
            11.848810195922852,
            -99.13294982910156,
            6.150976270130074
        ],
        [
            13.001198768615723,
            -99.18191528320312,
            6.203664115978148
        ],
        [
            14.260172843933105,
            -99.1992416381836,
            6.244505821823385
        ],
        [
            15.624905586242676,
            -99.1934814453125,
            6.272485258551866
        ],
        [
            17.09517478942871,
            -99.17481994628906,
            0.00510687770633611
        ],
        [
            18.671049118041992,
            -99.15315246582031,
            0.010965565788401355
        ],
        [
            20.352615356445312,
            -99.1356201171875,
            0.010239987549409246
        ]
    ],
    "steer": 0.278,
    "throttle": 0.75,
    "brake": false,
    "junction": false,
    "vehicle_hazard": [
        false,
        false,
        false,
        false,
        false,
        false,
        false,
        false,
        false,
        false,
        false,
        false,
        false,
        false,
        false,
        false,
        false,
        false,
        false,
        false,
        false,
        false,
        false,
        false,
        false,
        false,
        false,
        false,
        false,
        false,
        false,
        false,
        false,
        false,
        false,
        false,
        false,
        false,
        false,
        false,
        false,
        false,
        false,
        false,
        false,
        false,
        false,
        false,
        false,
        false,
        false,
        false,
        false,
        false,
        false,
        false,
        false,
        false,
        false,
        false,
        false,
        false,
        false,
        false,
        false,
        false,
        false,
        false,
        false,
        false,
        false,
        false,
        false,
        false,
        false,
        false,
        false,
        false,
        false,
        false
    ],
    "light_hazard": false,
    "walker_hazard": [
        false,
        false,
        false,
        false,
        false,
        false,
        false,
        false,
        false,
        false,
        false,
        false,
        false,
        false,
        false,
        false,
        false,
        false,
        false,
        false,
        false,
        false,
        false,
        false,
        false,
        false,
        false,
        false,
        false,
        false,
        false,
        false,
        false,
        false,
        false,
        false,
        false,
        false,
        false,
        false,
        false,
        false,
        false,
        false,
        false,
        false,
        false,
        false,
        false,
        false,
        false,
        false,
        false,
        false,
        false,
        false,
        false,
        false,
        false,
        false,
        false,
        false,
        false,
        false,
        false,
        false,
        false,
        false,
        false,
        false,
        false,
        false,
        false,
        false,
        false,
        false,
        false,
        false,
        false,
        false
    ],
    "stop_sign_hazard": false,
    "angle": -0.006448981614646272,
    "ego_matrix": [
        [
            -0.25474241375923157,
            0.9670088887214661,
            0.00024627105449326336,
            -98.92428588867188
        ],
        [
            -0.9670082330703735,
            -0.2547425329685211,
            0.0011293011484667659,
            -9.870476722717285
        ],
        [
            0.0011547800386324525,
            4.953477400704287e-05,
            0.9999993443489075,
            0.032920073717832565
        ],
        [
            0.0,
            0.0,
            0.0,
            1.0
        ]
    ]
}