{
    "x": 10.408498335344095,
    "y": -98.9809724249483,
    "theta": 6.084670543670654,
    "speed": 1.711409770320792,
    "target_speed": 4.0,
    "x_command": 29.024361210283093,
    "y_command": -99.11224378743192,
    "command": 4,
    "waypoints": [
        [
            11.306804656982422,
            -99.07010650634766,
            6.129066443841992
        ],
        [
            12.313689231872559,
            -99.13280487060547,
            6.178012814674613
        ],
        [
            13.427562713623047,
            -99.16963195800781,
            6.219226963598298
        ],
        [
            14.647603034973145,
            -99.18436431884766,
            6.25073375719059
        ],
        [
            15.973374366760254,
            -99.18258666992188,
            6.272378865266317
        ],
        [
            17.404735565185547,
            -99.1705322265625,
            0.0020148145226994707
        ],
        [
            18.941701889038086,
            -99.15485382080078,
            0.007566839605242182
        ],
        [
            20.584321975708008,
            -99.14070129394531,
            0.00814088397820889
        ]
    ],
    "steer": 0.241,
    "throttle": 0.75,
    "brake": false,
    "junction": false,
    "vehicle_hazard": [
        false,
        false,
        false,
        false,
        false,
        false,
        false,
        false,
        false,
        false,
        false,
        false,
        false,
        false,
        false,
        false,
        false,
        false,
        false,
        false,
        false,
        false,
        false,
        false,
        false,
        false,
        false,
        false,
        false,
        false,
        false,
        false,
        false,
        false,
        false,
        false,
        false,
        false,
        false,
        false,
        false,
        false,
        false,
        false,
        false,
        false,
        false,
        false,
        false,
        false,
        false,
        false,
        false,
        false,
        false,
        false,
        false,
        false,
        false,
        false,
        false,
        false,
        false,
        false,
        false,
        false,
        false,
        false,
        false,
        false,
        false,
        false,
        false,
        false,
        false,
        false,
        false,
        false,
        false,
        false
    ],
    "light_hazard": false,
    "walker_hazard": [
        false,
        false,
        false,
        false,
        false,
        false,
        false,
        false,
        false,
        false,
        false,
        false,
        false,
        false,
        false,
        false,
        false,
        false,
        false,
        false,
        false,
        false,
        false,
        false,
        false,
        false,
        false,
        false,
        false,
        false,
        false,
        false,
        false,
        false,
        false,
        false,
        false,
        false,
        false,
        false,
        false,
        false,
        false,
        false,
        false,
        false,
        false,
        false,
        false,
        false,
        false,
        false,
        false,
        false,
        false,
        false,
        false,
        false,
        false,
        false,
        false,
        false,
        false,
        false,
        false,
        false,
        false,
        false,
        false,
        false,
        false,
        false,
        false,
        false,
        false,
        false,
        false,
        false,
        false,
        false
    ],
    "stop_sign_hazard": false,
    "angle": -0.004330252189092106,
    "ego_matrix": [
        [
            -0.20580480992794037,
            0.9785929322242737,
            -0.0005695120198652148,
            -98.98097229003906
        ],
        [
            -0.978592574596405,
            -0.20580407977104187,
            0.0011455928906798363,
            -10.40802001953125
        ],
        [
            0.0010038611944764853,
            0.0007930888095870614,
            0.9999992251396179,
            0.03298690542578697
        ],
        [
            0.0,
            0.0,
            0.0,
            1.0
        ]
    ]
}