{
    "x": 11.64291956878456,
    "y": -99.03569807199555,
    "theta": 6.1863322257995605,
    "speed": 3.0882323383376242,
    "target_speed": 4.0,
    "x_command": 29.024361210283093,
    "y_command": -99.11224378743192,
    "command": 4,
    "waypoints": [
        [
            13.233152389526367,
            -99.08663177490234,
            6.2303766869760775
        ],
        [
            14.93036937713623,
            -99.09959411621094,
            6.2640951026956255
        ],
        [
            16.73328971862793,
            -99.09806060791016,
            6.279080576991447
        ],
        [
            18.641687393188477,
            -99.0990219116211,
            6.281533880987628
        ],
        [
            20.625062942504883,
            -99.10750579833984,
            6.279275653541296
        ],
        [
            22.628934860229492,
            -99.1186752319336,
            6.27799680358584
        ],
        [
            24.64097785949707,
            -99.1268310546875,
            6.279170724994346
        ],
        [
            26.656835556030273,
            -99.134033203125,
            6.278554070043938
        ]
    ],
    "steer": 0.16,
    "throttle": 0.75,
    "brake": false,
    "junction": false,
    "vehicle_hazard": [
        false,
        false,
        false,
        false,
        false,
        false,
        false,
        false,
        false,
        false,
        false,
        false,
        false,
        false,
        false,
        false,
        false,
        false,
        false,
        false,
        false,
        false,
        false,
        false,
        false,
        false,
        false,
        false,
        false,
        false,
        false,
        false,
        false,
        false,
        false,
        false,
        false,
        false,
        false,
        false,
        false,
        false,
        false,
        false,
        false,
        false,
        false,
        false,
        false,
        false,
        false,
        false,
        false,
        false,
        false,
        false,
        false,
        false,
        false,
        false,
        false,
        false,
        false,
        false,
        false,
        false,
        false,
        false,
        false,
        false,
        false,
        false,
        false,
        false,
        false,
        false,
        false,
        false,
        false,
        false
    ],
    "light_hazard": false,
    "walker_hazard": [
        false,
        false,
        false,
        false,
        false,
        false,
        false,
        false,
        false,
        false,
        false,
        false,
        false,
        false,
        false,
        false,
        false,
        false,
        false,
        false,
        false,
        false,
        false,
        false,
        false,
        false,
        false,
        false,
        false,
        false,
        false,
        false,
        false,
        false,
        false,
        false,
        false,
        false,
        false,
        false,
        false,
        false,
        false,
        false,
        false,
        false,
        false,
        false,
        false,
        false,
        false,
        false,
        false,
        false,
        false,
        false,
        false,
        false,
        false,
        false,
        false,
        false,
        false,
        false,
        false,
        false,
        false,
        false,
        false,
        false,
        false,
        false,
        false,
        false,
        false,
        false,
        false,
        false,
        false,
        false
    ],
    "stop_sign_hazard": false,
    "angle": -0.01104466766912925,
    "ego_matrix": [
        [
            -0.10716605186462402,
            0.9942408800125122,
            -0.000735368812456727,
            -99.03569793701172
        ],
        [
            -0.9942403435707092,
            -0.10716501623392105,
            0.0013286179164424539,
            -11.64238452911377
        ],
        [
            0.0012421604478731751,
            0.0008735160809010267,
            0.9999988675117493,
            0.03279098495841026
        ],
        [
            0.0,
            0.0,
            0.0,
            1.0
        ]
    ]
}