{
    "x": 13.501644702712401,
    "y": -99.02139295722996,
    "theta": 6.273166656494141,
    "speed": 4.224657663141685,
    "target_speed": 4.0,
    "x_command": 29.024361210283093,
    "y_command": -99.11224378743192,
    "command": 4,
    "waypoints": [
        [
            15.619335174560547,
            -99.00923919677734,
            0.0010775149770461123
        ],
        [
            17.749069213867188,
            -99.01136779785156,
            6.281478753553063
        ],
        [
            19.886096954345703,
            -99.0395736694336,
            6.271212400708863
        ],
        [
            22.025955200195312,
            -99.08378601074219,
            6.263962210957231
        ],
        [
            24.166166305541992,
            -99.1227798461914,
            6.265507643337804
        ],
        [
            26.306617736816406,
            -99.14429473876953,
            6.272045703813948
        ],
        [
            28.444692611694336,
            -99.23332977294922,
            6.23912876642446
        ],
        [
            30.554584503173828,
            -99.57923126220703,
            6.126533644487273
        ]
    ],
    "steer": 0.07,
    "throttle": 0.10307090814559801,
    "brake": false,
    "junction": false,
    "vehicle_hazard": [
        false,
        false,
        false,
        false,
        false,
        false,
        false,
        false,
        false,
        false,
        false,
        false,
        false,
        false,
        false,
        false,
        false,
        false,
        false,
        false,
        false,
        false,
        false,
        false,
        false,
        false,
        false,
        false,
        false,
        false,
        false,
        false,
        false,
        false,
        false,
        false,
        false,
        false,
        false,
        false,
        false,
        false,
        false,
        false,
        false,
        false,
        false,
        false,
        false,
        false,
        false,
        false,
        false,
        false,
        false,
        false,
        false,
        false,
        false,
        false,
        false,
        false,
        false,
        false,
        false,
        false,
        false,
        false,
        false,
        false,
        false,
        false,
        false,
        false,
        false,
        false,
        false,
        false,
        false,
        false
    ],
    "light_hazard": false,
    "walker_hazard": [
        false,
        false,
        false,
        false,
        false,
        false,
        false,
        false,
        false,
        false,
        false,
        false,
        false,
        false,
        false,
        false,
        false,
        false,
        false,
        false,
        false,
        false,
        false,
        false,
        false,
        false,
        false,
        false,
        false,
        false,
        false,
        false,
        false,
        false,
        false,
        false,
        false,
        false,
        false,
        false,
        false,
        false,
        false,
        false,
        false,
        false,
        false,
        false,
        false,
        false,
        false,
        false,
        false,
        false,
        false,
        false,
        false,
        false,
        false,
        false,
        false,
        false,
        false,
        false,
        false,
        false,
        false,
        false,
        false,
        false,
        false,
        false,
        false,
        false,
        false,
        false,
        false,
        false,
        false,
        false
    ],
    "stop_sign_hazard": false,
    "angle": -0.16044186378884845,
    "ego_matrix": [
        [
            -0.01640094816684723,
            0.9998653531074524,
            -0.0005157137638889253,
            -99.02139282226562
        ],
        [
            -0.999864935874939,
            -0.01640039123594761,
            0.0010682527208700776,
            -13.50102424621582
        ],
        [
            0.001059651025570929,
            0.0005331644788384438,
            0.9999993443489075,
            0.03288986161351204
        ],
        [
            0.0,
            0.0,
            0.0,
            1.0
        ]
    ]
}