{
    "x": 15.343154269778218,
    "y": -98.98023237367778,
    "theta": 0.01204984076321125,
    "speed": 2.532610693058135,
    "target_speed": 4.0,
    "x_command": 29.024361210283093,
    "y_command": -99.11224378743192,
    "command": 4,
    "waypoints": [
        [
            16.6562557220459,
            -98.9755859375,
            0.005701694735805063
        ],
        [
            18.075586318969727,
            -98.99493408203125,
            6.275479450565442
        ],
        [
            19.600202560424805,
            -99.03353881835938,
            6.2631094667761875
        ],
        [
            21.23029136657715,
            -99.07978057861328,
            6.2573587698763244
        ],
        [
            22.966197967529297,
            -99.12000274658203,
            6.260004220945155
        ],
        [
            24.808053970336914,
            -99.14325714111328,
            6.268922215329448
        ],
        [
            26.751657485961914,
            -99.15357971191406,
            6.27527984664174
        ],
        [
            28.74225616455078,
            -99.26251220703125,
            6.229603571311628
        ]
    ],
    "steer": 0.018,
    "throttle": 0.75,
    "brake": false,
    "junction": false,
    "vehicle_hazard": [
        false,
        false,
        false,
        false,
        false,
        false,
        false,
        false,
        false,
        false,
        false,
        false,
        false,
        false,
        false,
        false,
        false,
        false,
        false,
        false,
        false,
        false,
        false,
        false,
        false,
        false,
        false,
        false,
        false,
        false,
        false,
        false,
        false,
        false,
        false,
        false,
        false,
        false,
        false,
        false,
        false,
        false,
        false,
        false,
        false,
        false,
        false,
        false,
        false,
        false,
        false,
        false,
        false,
        false,
        false,
        false,
        false,
        false,
        false,
        false,
        false,
        false,
        false,
        false,
        false,
        false,
        false,
        false,
        false,
        false,
        false,
        false,
        false,
        false,
        false,
        false,
        false,
        false,
        false,
        false
    ],
    "light_hazard": false,
    "walker_hazard": [
        false,
        false,
        false,
        false,
        false,
        false,
        false,
        false,
        false,
        false,
        false,
        false,
        false,
        false,
        false,
        false,
        false,
        false,
        false,
        false,
        false,
        false,
        false,
        false,
        false,
        false,
        false,
        false,
        false,
        false,
        false,
        false,
        false,
        false,
        false,
        false,
        false,
        false,
        false,
        false,
        false,
        false,
        false,
        false,
        false,
        false,
        false,
        false,
        false,
        false,
        false,
        false,
        false,
        false,
        false,
        false,
        false,
        false,
        false,
        false,
        false,
        false,
        false,
        false,
        false,
        false,
        false,
        false,
        false,
        false,
        false,
        false,
        false,
        false,
        false,
        false,
        false,
        false,
        false,
        false
    ],
    "stop_sign_hazard": false,
    "angle": -0.10768526815993859,
    "ego_matrix": [
        [
            0.011713885702192783,
            0.9999313950538635,
            0.0002568069030530751,
            -98.98023223876953
        ],
        [
            -0.9999294877052307,
            0.01171436533331871,
            -0.0019503686344251037,
            -15.342449188232422
        ],
        [
            -0.0019532430451363325,
            -0.00023394239542540163,
            0.9999980926513672,
            0.0343896858394146
        ],
        [
            0.0,
            0.0,
            0.0,
            1.0
        ]
    ]
}