{
    "x": 16.352243381323788,
    "y": -98.96611799377571,
    "theta": 0.012010202743113041,
    "speed": 2.3031801538815935,
    "target_speed": 4.0,
    "x_command": 29.024361210283093,
    "y_command": -99.11224378743192,
    "command": 4,
    "waypoints": [
        [
            16.94593048095703,
            -98.96385955810547,
            0.009265403748494716
        ],
        [
            16.94593048095703,
            -98.96385955810547,
            0.009265403748494716
        ],
        [
            16.94593048095703,
            -98.96385955810547,
            0.009265403748494716
        ],
        [
            16.94593048095703,
            -98.96385955810547,
            0.009265403748494716
        ],
        [
            16.94593048095703,
            -98.96385955810547,
            0.009265403748494716
        ],
        [
            16.94593048095703,
            -98.96385955810547,
            0.009265403748494716
        ],
        [
            16.94593048095703,
            -98.96385955810547,
            0.009265403748494716
        ],
        [
            16.94593048095703,
            -98.96385955810547,
            0.009265403748494716
        ]
    ],
    "steer": -0.007,
    "throttle": 0.0,
    "brake": true,
    "junction": false,
    "vehicle_hazard": [
        true,
        false,
        false,
        false,
        false,
        false,
        false,
        false,
        false,
        false,
        false,
        false,
        false,
        false,
        false,
        false,
        true,
        true,
        true,
        true,
        true,
        false,
        false,
        false,
        false,
        false,
        false,
        false,
        false,
        false,
        false,
        false,
        false,
        false,
        false,
        false,
        false,
        false,
        false,
        false,
        false,
        false,
        false,
        false,
        false,
        false,
        false,
        false,
        false,
        false,
        false,
        false,
        false,
        false,
        false,
        false,
        false,
        false,
        false,
        false,
        false,
        false,
        false,
        false,
        false,
        false,
        false,
        false,
        false,
        false,
        false,
        false,
        false,
        false,
        false,
        false,
        false,
        false,
        false,
        false
    ],
    "light_hazard": false,
    "walker_hazard": [
        false,
        false,
        false,
        false,
        false,
        false,
        false,
        false,
        false,
        false,
        false,
        false,
        false,
        false,
        false,
        false,
        false,
        false,
        false,
        false,
        false,
        false,
        false,
        false,
        false,
        false,
        false,
        false,
        false,
        false,
        false,
        false,
        false,
        false,
        false,
        false,
        false,
        false,
        false,
        false,
        false,
        false,
        false,
        false,
        false,
        false,
        false,
        false,
        false,
        false,
        false,
        false,
        false,
        false,
        false,
        false,
        false,
        false,
        false,
        false,
        false,
        false,
        false,
        false,
        false,
        false,
        false,
        false,
        false,
        false,
        false,
        false,
        false,
        false,
        false,
        false,
        false,
        false,
        false,
        false
    ],
    "stop_sign_hazard": false,
    "angle": -0.03822593942250301,
    "ego_matrix": [
        [
            0.012401576153934002,
            0.9999231100082397,
            0.00011592165537877008,
            -98.96611785888672
        ],
        [
            -0.999923050403595,
            0.012401537969708443,
            0.00032797703170217574,
            -16.351491928100586
        ],
        [
            0.0003265142149757594,
            -0.00011998016270808876,
            0.9999999403953552,
            0.033255040645599365
        ],
        [
            0.0,
            0.0,
            0.0,
            1.0
        ]
    ]
}