{
    "x": 16.840062582183563,
    "y": -98.96320356506081,
    "theta": 0.010641893371939659,
    "speed": -0.0007119767749348932,
    "target_speed": 4.0,
    "x_command": 29.024361210283093,
    "y_command": -99.11224378743192,
    "command": 4,
    "waypoints": [
        [
            16.839252471923828,
            -98.96320343017578,
            0.010647184880082206
        ],
        [
            16.839252471923828,
            -98.96320343017578,
            0.010647184880082206
        ],
        [
            16.839252471923828,
            -98.96320343017578,
            0.010647184880082206
        ],
        [
            16.839252471923828,
            -98.96320343017578,
            0.010647184880082206
        ],
        [
            16.839252471923828,
            -98.96320343017578,
            0.010647184880082206
        ],
        [
            16.839252471923828,
            -98.96320343017578,
            0.010647184880082206
        ],
        [
            16.839252471923828,
            -98.96320343017578,
            0.010647184880082206
        ],
        [
            16.839252471923828,
            -98.96320343017578,
            0.010647184880082206
        ]
    ],
    "steer": -0.021,
    "throttle": 0.0,
    "brake": true,
    "junction": false,
    "vehicle_hazard": [
        true,
        false,
        false,
        false,
        false,
        false,
        false,
        false,
        false,
        false,
        false,
        false,
        false,
        false,
        false,
        false,
        false,
        false,
        false,
        false,
        false,
        false,
        false,
        false,
        false,
        false,
        false,
        false,
        false,
        false,
        false,
        false,
        false,
        false,
        false,
        false,
        false,
        false,
        false,
        false,
        false,
        false,
        false,
        false,
        false,
        false,
        false,
        false,
        false,
        false,
        false,
        false,
        false,
        false,
        false,
        false,
        false,
        false,
        false,
        false,
        false,
        false,
        false,
        false,
        false,
        false,
        false,
        false,
        false,
        false,
        false,
        false,
        false,
        false,
        false,
        false,
        false,
        false,
        false,
        false
    ],
    "light_hazard": false,
    "walker_hazard": [
        false,
        false,
        false,
        false,
        false,
        false,
        false,
        false,
        false,
        false,
        false,
        false,
        false,
        false,
        false,
        false,
        false,
        false,
        false,
        false,
        false,
        false,
        false,
        false,
        false,
        false,
        false,
        false,
        false,
        false,
        false,
        false,
        false,
        false,
        false,
        false,
        false,
        false,
        false,
        false,
        false,
        false,
        false,
        false,
        false,
        false,
        false,
        false,
        false,
        false,
        false,
        false,
        false,
        false,
        false,
        false,
        false,
        false,
        false,
        false,
        false,
        false,
        false,
        false,
        false,
        false,
        false,
        false,
        false,
        false,
        false,
        false,
        false,
        false,
        false,
        false,
        false,
        false,
        false,
        false
    ],
    "stop_sign_hazard": false,
    "angle": -0.03832952350790045,
    "ego_matrix": [
        [
            0.010646677576005459,
            0.9999433159828186,
            -6.964644853724167e-06,
            -98.96320343017578
        ],
        [
            -0.9999417066574097,
            0.010646647773683071,
            -0.0017972550122067332,
            -16.83928871154785
        ],
        [
            -0.001797078992240131,
            2.6099032766069286e-05,
            0.9999983906745911,
            0.03431125730276108
        ],
        [
            0.0,
            0.0,
            0.0,
            1.0
        ]
    ]
}