{
    "x": 16.840608109385336,
    "y": -98.96320356506081,
    "theta": 0.010647492483258247,
    "speed": -5.913821308378093e-05,
    "target_speed": 4.0,
    "x_command": 29.024361210283093,
    "y_command": -99.11224378743192,
    "command": 4,
    "waypoints": [
        [
            16.83983039855957,
            -98.96320343017578,
            0.01064678540591868
        ],
        [
            16.83983039855957,
            -98.96320343017578,
            0.01064678540591868
        ],
        [
            16.83983039855957,
            -98.96320343017578,
            0.01064678540591868
        ],
        [
            16.83983039855957,
            -98.96320343017578,
            0.01064678540591868
        ],
        [
            16.83983039855957,
            -98.96320343017578,
            0.01064678540591868
        ],
        [
            16.83983039855957,
            -98.96320343017578,
            0.01064678540591868
        ],
        [
            16.83983039855957,
            -98.96320343017578,
            0.01064678540591868
        ],
        [
            16.83983039855957,
            -98.96320343017578,
            0.01064678540591868
        ]
    ],
    "steer": -0.028,
    "throttle": 0.0,
    "brake": true,
    "junction": false,
    "vehicle_hazard": [
        true,
        false,
        false,
        false,
        false,
        false,
        false,
        false,
        false,
        false,
        false,
        false,
        false,
        false,
        false,
        false,
        false,
        false,
        false,
        false,
        false,
        false,
        false,
        false,
        false,
        false,
        false,
        false,
        false,
        false,
        false,
        false,
        false,
        false,
        false,
        false,
        false,
        false,
        false,
        false,
        false,
        false,
        false,
        false,
        false,
        false,
        false,
        false,
        false,
        false,
        false,
        false,
        false,
        false,
        false,
        false,
        false,
        false,
        false,
        false,
        false,
        false,
        false,
        false,
        false,
        false,
        false,
        false,
        false,
        false,
        false,
        false,
        false,
        false,
        false,
        false,
        false,
        false,
        false,
        false
    ],
    "light_hazard": false,
    "walker_hazard": [
        false,
        false,
        false,
        false,
        false,
        false,
        false,
        false,
        false,
        false,
        false,
        false,
        false,
        false,
        false,
        false,
        false,
        false,
        false,
        false,
        false,
        false,
        false,
        false,
        false,
        false,
        false,
        false,
        false,
        false,
        false,
        false,
        false,
        false,
        false,
        false,
        false,
        false,
        false,
        false,
        false,
        false,
        false,
        false,
        false,
        false,
        false,
        false,
        false,
        false,
        false,
        false,
        false,
        false,
        false,
        false,
        false,
        false,
        false,
        false,
        false,
        false,
        false,
        false,
        false,
        false,
        false,
        false,
        false,
        false,
        false,
        false,
        false,
        false,
        false,
        false,
        false,
        false,
        false,
        false
    ],
    "stop_sign_hazard": false,
    "angle": -0.03833401209753411,
    "ego_matrix": [
        [
            0.010646575130522251,
            0.9999433159828186,
            -8.599706688983133e-07,
            -98.96320343017578
        ],
        [
            -0.9999433159828186,
            0.010646575130522251,
            -0.00011934440408367664,
            -16.839834213256836
        ],
        [
            -0.0001193284842884168,
            2.130531129296287e-06,
            1.0,
            0.033477019518613815
        ],
        [
            0.0,
            0.0,
            0.0,
            1.0
        ]
    ]
}