{
    "x": 16.84064816607631,
    "y": -98.96320356506081,
    "theta": 0.010647492483258247,
    "speed": -3.720609953403509e-06,
    "target_speed": 4.0,
    "x_command": 29.024361210283093,
    "y_command": -99.11224378743192,
    "command": 4,
    "waypoints": [
        [
            16.839874267578125,
            -98.96320343017578,
            0.01064678540591868
        ],
        [
            16.839874267578125,
            -98.96320343017578,
            0.01064678540591868
        ],
        [
            16.839874267578125,
            -98.96320343017578,
            0.01064678540591868
        ],
        [
            16.839874267578125,
            -98.96320343017578,
            0.01064678540591868
        ],
        [
            16.839874267578125,
            -98.96320343017578,
            0.01064678540591868
        ],
        [
            16.839874267578125,
            -98.96320343017578,
            0.01064678540591868
        ],
        [
            16.839874267578125,
            -98.96320343017578,
            0.01064678540591868
        ],
        [
            16.839874267578125,
            -98.96320343017578,
            0.01064678540591868
        ]
    ],
    "steer": -0.031,
    "throttle": 0.0,
    "brake": true,
    "junction": false,
    "vehicle_hazard": [
        true,
        false,
        false,
        false,
        false,
        false,
        false,
        false,
        false,
        false,
        false,
        false,
        false,
        false,
        false,
        false,
        false,
        false,
        false,
        false,
        false,
        false,
        false,
        false,
        false,
        false,
        false,
        false,
        false,
        false,
        false,
        false,
        false,
        false,
        false,
        false,
        false,
        false,
        false,
        false,
        false,
        false,
        false,
        false,
        false,
        false,
        false,
        false,
        false,
        false,
        false,
        false,
        false,
        false,
        false,
        false,
        false,
        false,
        false,
        false,
        false,
        false,
        false,
        false,
        false,
        false,
        false,
        false,
        false,
        false,
        false,
        false,
        false,
        false,
        false,
        false,
        false,
        false,
        false,
        false
    ],
    "light_hazard": false,
    "walker_hazard": [
        false,
        false,
        false,
        false,
        false,
        false,
        false,
        false,
        false,
        false,
        false,
        false,
        false,
        false,
        false,
        false,
        false,
        false,
        false,
        false,
        false,
        false,
        false,
        false,
        false,
        false,
        false,
        false,
        false,
        false,
        false,
        false,
        false,
        false,
        false,
        false,
        false,
        false,
        false,
        false,
        false,
        false,
        false,
        false,
        false,
        false,
        false,
        false,
        false,
        false,
        false,
        false,
        false,
        false,
        false,
        false,
        false,
        false,
        false,
        false,
        false,
        false,
        false,
        false,
        false,
        false,
        false,
        false,
        false,
        false,
        false,
        false,
        false,
        false,
        false,
        false,
        false,
        false,
        false,
        false
    ],
    "stop_sign_hazard": false,
    "angle": -0.038334343859875525,
    "ego_matrix": [
        [
            0.010646575130522251,
            0.9999433159828186,
            7.868835183444389e-08,
            -98.96320343017578
        ],
        [
            -0.9999433159828186,
            0.010646575130522251,
            -7.39055667509092e-06,
            -16.839874267578125
        ],
        [
            -7.390975497401087e-06,
            2.273736618907049e-13,
            1.0,
            0.03342113271355629
        ],
        [
            0.0,
            0.0,
            0.0,
            1.0
        ]
    ]
}