{
    "x": 16.84065007398979,
    "y": -98.96320356506081,
    "theta": 0.010647492483258247,
    "speed": -9.841322833953557e-08,
    "target_speed": 4.0,
    "x_command": 29.024361210283093,
    "y_command": -99.11224378743192,
    "command": 4,
    "waypoints": [
        [
            16.839876174926758,
            -98.96320343017578,
            0.01064678540591868
        ],
        [
            16.839876174926758,
            -98.96320343017578,
            0.01064678540591868
        ],
        [
            16.839876174926758,
            -98.96320343017578,
            0.01064678540591868
        ],
        [
            16.839876174926758,
            -98.96320343017578,
            0.01064678540591868
        ],
        [
            16.839876174926758,
            -98.96320343017578,
            0.01064678540591868
        ],
        [
            16.839876174926758,
            -98.96320343017578,
            0.01064678540591868
        ],
        [
            16.839876174926758,
            -98.96320343017578,
            0.01064678540591868
        ],
        [
            16.839876174926758,
            -98.96320343017578,
            0.01064678540591868
        ]
    ],
    "steer": -0.033,
    "throttle": 0.0,
    "brake": true,
    "junction": false,
    "vehicle_hazard": [
        true,
        false,
        false,
        false,
        false,
        false,
        false,
        false,
        false,
        false,
        false,
        false,
        false,
        false,
        false,
        false,
        false,
        false,
        false,
        false,
        false,
        false,
        false,
        false,
        false,
        false,
        false,
        false,
        false,
        false,
        false,
        false,
        false,
        false,
        false,
        false,
        false,
        false,
        false,
        false,
        false,
        false,
        false,
        false,
        false,
        false,
        false,
        false,
        false,
        false,
        false,
        false,
        false,
        false,
        false,
        false,
        false,
        false,
        false,
        false,
        false,
        false,
        false,
        false,
        false,
        false,
        false,
        false,
        false,
        false,
        false,
        false,
        false,
        false,
        false,
        false,
        false,
        false,
        false,
        false
    ],
    "light_hazard": false,
    "walker_hazard": [
        false,
        false,
        false,
        false,
        false,
        false,
        false,
        false,
        false,
        false,
        false,
        false,
        false,
        false,
        false,
        false,
        false,
        false,
        false,
        false,
        false,
        false,
        false,
        false,
        false,
        false,
        false,
        false,
        false,
        false,
        false,
        false,
        false,
        false,
        false,
        false,
        false,
        false,
        false,
        false,
        false,
        false,
        false,
        false,
        false,
        false,
        false,
        false,
        false,
        false,
        false,
        false,
        false,
        false,
        false,
        false,
        false,
        false,
        false,
        false,
        false,
        false,
        false,
        false,
        false,
        false,
        false,
        false,
        false,
        false,
        false,
        false,
        false,
        false,
        false,
        false,
        false,
        false,
        false,
        false
    ],
    "stop_sign_hazard": false,
    "angle": -0.03833435969270768,
    "ego_matrix": [
        [
            0.010646575130522251,
            0.9999433159828186,
            1.1422534917926441e-08,
            -98.96320343017578
        ],
        [
            -0.9999433159828186,
            0.010646575130522251,
            -1.0728226698120125e-06,
            -16.839876174926758
        ],
        [
            -1.0728834922701935e-06,
            -0.0,
            1.0,
            0.03341792896389961
        ],
        [
            0.0,
            0.0,
            0.0,
            1.0
        ]
    ]
}