{
    "x": 139.03615918256793,
    "y": -35.35610585263308,
    "theta": 4.733809471130371,
    "speed": 0.0,
    "target_speed": 4.0,
    "x_command": 139.67296823301749,
    "y_command": -65.07928475667062,
    "command": 4,
    "waypoints": [
        [
            139.0308074951172,
            -35.403629302978516,
            4.733822899785975
        ],
        [
            139.03421020507812,
            -35.5567626953125,
            4.7339017293542405
        ],
        [
            139.0399932861328,
            -35.81550216674805,
            4.7340455400531045
        ],
        [
            139.04808044433594,
            -36.17985153198242,
            4.734164583353831
        ],
        [
            139.05853271484375,
            -36.64980697631836,
            4.7342950782472455
        ],
        [
            139.0714111328125,
            -37.225372314453125,
            4.734454867912651
        ],
        [
            139.08676147460938,
            -37.90653991699219,
            4.734644218666155
        ],
        [
            139.10427856445312,
            -38.693321228027344,
            4.734644218666155
        ]
    ],
    "steer": 0.0,
    "throttle": 0.75,
    "brake": false,
    "junction": false,
    "vehicle_hazard": [
        false,
        false,
        false,
        false,
        false,
        false,
        false,
        false,
        false,
        false,
        false,
        false,
        false,
        false,
        false,
        false,
        false,
        false,
        false,
        false,
        false,
        false,
        false,
        false,
        false,
        false,
        false,
        false,
        false,
        false,
        false,
        false,
        false,
        false,
        false,
        false,
        false,
        false,
        false,
        false,
        false,
        false,
        false,
        false,
        false,
        false,
        false,
        false,
        false,
        false,
        false,
        false,
        false,
        false,
        false,
        false,
        false,
        false,
        false,
        false,
        false,
        false,
        false,
        false,
        false,
        false,
        false,
        false,
        false,
        false,
        false,
        false,
        false,
        false,
        false,
        false,
        false,
        false,
        false,
        false
    ],
    "light_hazard": false,
    "walker_hazard": [
        false,
        false,
        false,
        false,
        false,
        false,
        false,
        false,
        false,
        false,
        false,
        false,
        false,
        false,
        false,
        false,
        false,
        false,
        false,
        false,
        false,
        false,
        false,
        false,
        false,
        false,
        false,
        false,
        false,
        false,
        false,
        false,
        false,
        false,
        false,
        false,
        false,
        false,
        false,
        false,
        false,
        false,
        false,
        false,
        false,
        false,
        false,
        false,
        false,
        false,
        false,
        false,
        false,
        false,
        false,
        false,
        false,
        false,
        false,
        false,
        false,
        false,
        false,
        false,
        false,
        false,
        false,
        false,
        false,
        false,
        false,
        false,
        false,
        false,
        false,
        false,
        false,
        false,
        false,
        false
    ],
    "stop_sign_hazard": false,
    "angle": 5.726804365010225e-05,
    "ego_matrix": [
        [
            -0.9997705817222595,
            0.021418754011392593,
            0.0,
            -35.35610580444336
        ],
        [
            -0.021418754011392593,
            -0.9997705817222595,
            0.0,
            -139.02976989746094
        ],
        [
            0.0,
            -0.0,
            1.0,
            0.23501689732074738
        ],
        [
            0.0,
            0.0,
            0.0,
            1.0
        ]
    ]
}