{
    "x": 139.03612866228033,
    "y": -35.356113482027624,
    "theta": 4.733809471130371,
    "speed": 1.7889900438386137e-05,
    "target_speed": 4.0,
    "x_command": 139.67296823301749,
    "y_command": -65.07928475667062,
    "command": 4,
    "waypoints": [
        [
            139.03077697753906,
            -35.403648376464844,
            4.733823166102083
        ],
        [
            139.0341796875,
            -35.55678939819336,
            4.733901995670349
        ],
        [
            139.0399627685547,
            -35.81553649902344,
            4.734045806369214
        ],
        [
            139.0480499267578,
            -36.179893493652344,
            4.734164849669941
        ],
        [
            139.0585174560547,
            -36.64986038208008,
            4.734307062472151
        ],
        [
            139.07139587402344,
            -37.225433349609375,
            4.734466852137556
        ],
        [
            139.08677673339844,
            -37.90660858154297,
            4.73465620289106
        ],
        [
            139.1042938232422,
            -38.69340133666992,
            4.73465620289106
        ]
    ],
    "steer": 0.0,
    "throttle": 0.75,
    "brake": false,
    "junction": false,
    "vehicle_hazard": [
        false,
        false,
        false,
        false,
        false,
        false,
        false,
        false,
        false,
        false,
        false,
        false,
        false,
        false,
        false,
        false,
        false,
        false,
        false,
        false,
        false,
        false,
        false,
        false,
        false,
        false,
        false,
        false,
        false,
        false,
        false,
        false,
        false,
        false,
        false,
        false,
        false,
        false,
        false,
        false,
        false,
        false,
        false,
        false,
        false,
        false,
        false,
        false,
        false,
        false,
        false,
        false,
        false,
        false,
        false,
        false,
        false,
        false,
        false,
        false,
        false,
        false,
        false,
        false,
        false,
        false,
        false,
        false,
        false,
        false,
        false,
        false,
        false,
        false,
        false,
        false,
        false,
        false,
        false,
        false
    ],
    "light_hazard": false,
    "walker_hazard": [
        false,
        false,
        false,
        false,
        false,
        false,
        false,
        false,
        false,
        false,
        false,
        false,
        false,
        false,
        false,
        false,
        false,
        false,
        false,
        false,
        false,
        false,
        false,
        false,
        false,
        false,
        false,
        false,
        false,
        false,
        false,
        false,
        false,
        false,
        false,
        false,
        false,
        false,
        false,
        false,
        false,
        false,
        false,
        false,
        false,
        false,
        false,
        false,
        false,
        false,
        false,
        false,
        false,
        false,
        false,
        false,
        false,
        false,
        false,
        false,
        false,
        false,
        false,
        false,
        false,
        false,
        false,
        false,
        false,
        false,
        false,
        false,
        false,
        false,
        false,
        false,
        false,
        false,
        false,
        false
    ],
    "stop_sign_hazard": false,
    "angle": 4.685141951651964e-05,
    "ego_matrix": [
        [
            -0.9997705817222595,
            0.021418992429971695,
            3.063242547796108e-05,
            -35.35611343383789
        ],
        [
            -0.021418992429971695,
            -0.9997705817222595,
            2.835949453583453e-05,
            -139.0297393798828
        ],
        [
            3.123283022432588e-05,
            2.7696873075910844e-05,
            1.0,
            0.018273696303367615
        ],
        [
            0.0,
            0.0,
            0.0,
            1.0
        ]
    ]
}