{
    "x": 139.03611340688258,
    "y": -35.35610203793581,
    "theta": 4.733809471130371,
    "speed": -2.5538099074296458e-08,
    "target_speed": 4.0,
    "x_command": 139.67296823301749,
    "y_command": -65.07928475667062,
    "command": 4,
    "waypoints": [
        [
            139.03076171875,
            -35.40362548828125,
            4.733823166102083
        ],
        [
            139.03416442871094,
            -35.556758880615234,
            4.733901995670349
        ],
        [
            139.03994750976562,
            -35.81549835205078,
            4.734045806369214
        ],
        [
            139.0480499267578,
            -36.179847717285156,
            4.734176301262628
        ],
        [
            139.05850219726562,
            -36.649803161621094,
            4.7343067961560426
        ],
        [
            139.07138061523438,
            -37.22536849975586,
            4.734466585821446
        ],
        [
            139.08676147460938,
            -37.90653610229492,
            4.734655670258842
        ],
        [
            139.10427856445312,
            -38.69331741333008,
            4.734655670258842
        ]
    ],
    "steer": 0.0,
    "throttle": 0.75,
    "brake": false,
    "junction": false,
    "vehicle_hazard": [
        false,
        false,
        false,
        false,
        false,
        false,
        false,
        false,
        false,
        false,
        false,
        false,
        false,
        false,
        false,
        false,
        false,
        false,
        false,
        false,
        false,
        false,
        false,
        false,
        false,
        false,
        false,
        false,
        false,
        false,
        false,
        false,
        false,
        false,
        false,
        false,
        false,
        false,
        false,
        false,
        false,
        false,
        false,
        false,
        false,
        false,
        false,
        false,
        false,
        false,
        false,
        false,
        false,
        false,
        false,
        false,
        false,
        false,
        false,
        false,
        false,
        false,
        false,
        false,
        false,
        false,
        false,
        false,
        false,
        false,
        false,
        false,
        false,
        false,
        false,
        false,
        false,
        false,
        false,
        false
    ],
    "light_hazard": false,
    "walker_hazard": [
        false,
        false,
        false,
        false,
        false,
        false,
        false,
        false,
        false,
        false,
        false,
        false,
        false,
        false,
        false,
        false,
        false,
        false,
        false,
        false,
        false,
        false,
        false,
        false,
        false,
        false,
        false,
        false,
        false,
        false,
        false,
        false,
        false,
        false,
        false,
        false,
        false,
        false,
        false,
        false,
        false,
        false,
        false,
        false,
        false,
        false,
        false,
        false,
        false,
        false,
        false,
        false,
        false,
        false,
        false,
        false,
        false,
        false,
        false,
        false,
        false,
        false,
        false,
        false,
        false,
        false,
        false,
        false,
        false,
        false,
        false,
        false,
        false,
        false,
        false,
        false,
        false,
        false,
        false,
        false
    ],
    "stop_sign_hazard": false,
    "angle": 4.9783463906402795e-05,
    "ego_matrix": [
        [
            -0.9997705817222595,
            0.021418992429971695,
            0.0,
            -35.356101989746094
        ],
        [
            -0.021418992429971695,
            -0.9997705817222595,
            0.0,
            -139.02972412109375
        ],
        [
            0.0,
            -0.0,
            1.0,
            0.03341503068804741
        ],
        [
            0.0,
            0.0,
            0.0,
            1.0
        ]
    ]
}