{
    "x": 139.0430869920181,
    "y": -35.680976916308296,
    "theta": 4.733712196350098,
    "speed": 2.3934228634015438,
    "target_speed": 4.0,
    "x_command": 139.67296823301749,
    "y_command": -65.07928475667062,
    "command": 4,
    "waypoints": [
        [
            139.06402587890625,
            -36.924922943115234,
            4.734149137019509
        ],
        [
            139.0941619873047,
            -38.27446746826172,
            4.734524110100992
        ],
        [
            139.12667846679688,
            -39.72962188720703,
            4.734642088137283
        ],
        [
            139.1614227294922,
            -41.29038619995117,
            4.734642088137283
        ],
        [
            139.19850158691406,
            -42.956756591796875,
            4.734642088137283
        ],
        [
            139.23704528808594,
            -44.728755950927734,
            4.734249538192605
        ],
        [
            139.27761840820312,
            -46.60637283325195,
            4.734041278995361
        ],
        [
            139.32008361816406,
            -48.574867248535156,
            4.733987216825232
        ]
    ],
    "steer": 0.0,
    "throttle": 0.75,
    "brake": false,
    "junction": false,
    "vehicle_hazard": [
        false,
        false,
        false,
        false,
        false,
        false,
        false,
        false,
        false,
        false,
        false,
        false,
        false,
        false,
        false,
        false,
        false,
        false,
        false,
        false,
        false,
        false,
        false,
        false,
        false,
        false,
        false,
        false,
        false,
        false,
        false,
        false,
        false,
        false,
        false,
        false,
        false,
        false,
        false,
        false,
        false,
        false,
        false,
        false,
        false,
        false,
        false,
        false,
        false,
        false,
        false,
        false,
        false,
        false,
        false,
        false,
        false,
        false,
        false,
        false,
        false,
        false,
        false,
        false,
        false,
        false,
        false,
        false,
        false,
        false,
        false,
        false,
        false,
        false,
        false,
        false,
        false,
        false,
        false,
        false
    ],
    "light_hazard": false,
    "walker_hazard": [
        false,
        false,
        false,
        false,
        false,
        false,
        false,
        false,
        false,
        false,
        false,
        false,
        false,
        false,
        false,
        false,
        false,
        false,
        false,
        false,
        false,
        false,
        false,
        false,
        false,
        false,
        false,
        false,
        false,
        false,
        false,
        false,
        false,
        false,
        false,
        false,
        false,
        false,
        false,
        false,
        false,
        false,
        false,
        false,
        false,
        false,
        false,
        false,
        false,
        false,
        false,
        false,
        false,
        false,
        false,
        false,
        false,
        false,
        false,
        false,
        false,
        false,
        false,
        false,
        false,
        false,
        false,
        false,
        false,
        false,
        false,
        false,
        false,
        false,
        false,
        false,
        false,
        false,
        false,
        false
    ],
    "stop_sign_hazard": false,
    "angle": -0.0002323338381218965,
    "ego_matrix": [
        [
            -0.9997655749320984,
            0.02140609547495842,
            0.003252394963055849,
            -35.68097686767578
        ],
        [
            -0.021406006067991257,
            -0.9997708797454834,
            6.201164796948433e-05,
            -139.0366973876953
        ],
        [
            0.0032529770396649837,
            -7.623671535839094e-06,
            0.999994695186615,
            0.031798627227544785
        ],
        [
            0.0,
            0.0,
            0.0,
            1.0
        ]
    ]
}