{
    "x": 139.08323471071583,
    "y": -37.526851705201146,
    "theta": 4.734073638916016,
    "speed": 4.40167795112327,
    "target_speed": 4.0,
    "x_command": 139.67296823301749,
    "y_command": -65.07928475667062,
    "command": 4,
    "waypoints": [
        [
            139.1259307861328,
            -39.73356628417969,
            4.734535295377571
        ],
        [
            139.17506408691406,
            -41.95176696777344,
            4.734535295377571
        ],
        [
            139.22434997558594,
            -44.17704772949219,
            4.734535295377571
        ],
        [
            139.273193359375,
            -46.405059814453125,
            4.734287621396193
        ],
        [
            139.32138061523438,
            -48.63325500488281,
            4.734040213730925
        ],
        [
            139.3692626953125,
            -50.861454010009766,
            4.733916376740236
        ],
        [
            139.4170684814453,
            -53.08965301513672,
            4.733854591402946
        ],
        [
            139.46490478515625,
            -55.31785583496094,
            4.733854591402946
        ]
    ],
    "steer": -0.0,
    "throttle": 0.10965563470849622,
    "brake": false,
    "junction": false,
    "vehicle_hazard": [
        false,
        false,
        false,
        false,
        false,
        false,
        false,
        false,
        false,
        false,
        false,
        false,
        false,
        false,
        false,
        false,
        false,
        false,
        false,
        false,
        false,
        false,
        false,
        false,
        false,
        false,
        false,
        false,
        false,
        false,
        false,
        false,
        false,
        false,
        false,
        false,
        false,
        false,
        false,
        false,
        false,
        false,
        false,
        false,
        false,
        false,
        false,
        false,
        false,
        false,
        false,
        false,
        false,
        false,
        false,
        false,
        false,
        false,
        false,
        false,
        false,
        false,
        false,
        false,
        false,
        false,
        false,
        false,
        false,
        false,
        false,
        false,
        false,
        false,
        false,
        false,
        false,
        false,
        false,
        false
    ],
    "light_hazard": false,
    "walker_hazard": [
        false,
        false,
        false,
        false,
        false,
        false,
        false,
        false,
        false,
        false,
        false,
        false,
        false,
        false,
        false,
        false,
        false,
        false,
        false,
        false,
        false,
        false,
        false,
        false,
        false,
        false,
        false,
        false,
        false,
        false,
        false,
        false,
        false,
        false,
        false,
        false,
        false,
        false,
        false,
        false,
        false,
        false,
        false,
        false,
        false,
        false,
        false,
        false,
        false,
        false,
        false,
        false,
        false,
        false,
        false,
        false,
        false,
        false,
        false,
        false,
        false,
        false,
        false,
        false,
        false,
        false,
        false,
        false,
        false,
        false,
        false,
        false,
        false,
        false,
        false,
        false,
        false,
        false,
        false,
        false
    ],
    "stop_sign_hazard": false,
    "angle": -0.00019869107453052064,
    "ego_matrix": [
        [
            -0.9997624158859253,
            0.021731005981564522,
            0.0016859938623383641,
            -37.526851654052734
        ],
        [
            -0.021730978041887283,
            -0.9997638463973999,
            3.395634121261537e-05,
            -139.07684326171875
        ],
        [
            0.001686333678662777,
            -2.6900252123596147e-06,
            0.9999985694885254,
            0.03257797285914421
        ],
        [
            0.0,
            0.0,
            0.0,
            1.0
        ]
    ]
}