{
    "x": 139.1278687202681,
    "y": -39.57868581444307,
    "theta": 4.733983993530273,
    "speed": 3.7133907395896677,
    "target_speed": 4.0,
    "x_command": 139.67296823301749,
    "y_command": -65.07928475667062,
    "command": 4,
    "waypoints": [
        [
            139.1634979248047,
            -41.48230743408203,
            4.734341417250213
        ],
        [
            139.20693969726562,
            -43.46123123168945,
            4.734341417250213
        ],
        [
            139.25082397460938,
            -45.459808349609375,
            4.734341417250213
        ],
        [
            139.29481506347656,
            -47.46364212036133,
            4.734341417250213
        ],
        [
            139.3388214111328,
            -49.471134185791016,
            4.7342857571834305
        ],
        [
            139.38229370117188,
            -51.47963333129883,
            4.734062584284081
        ],
        [
            139.425537109375,
            -53.48823928833008,
            4.733950997834407
        ],
        [
            139.46868896484375,
            -55.49684524536133,
            4.733895337767624
        ]
    ],
    "steer": -0.0,
    "throttle": 0.75,
    "brake": false,
    "junction": false,
    "vehicle_hazard": [
        false,
        false,
        false,
        false,
        false,
        false,
        false,
        false,
        false,
        false,
        false,
        false,
        false,
        false,
        false,
        false,
        false,
        false,
        false,
        false,
        false,
        false,
        false,
        false,
        false,
        false,
        false,
        false,
        false,
        false,
        false,
        false,
        false,
        false,
        false,
        false,
        false,
        false,
        false,
        false,
        false,
        false,
        false,
        false,
        false,
        false,
        false,
        false,
        false,
        false,
        false,
        false,
        false,
        false,
        false,
        false,
        false,
        false,
        false,
        false,
        false,
        false,
        false,
        false,
        false,
        false,
        false,
        false,
        false,
        false,
        false,
        false,
        false,
        false,
        false,
        false,
        false,
        false,
        false,
        false
    ],
    "light_hazard": false,
    "walker_hazard": [
        false,
        false,
        false,
        false,
        false,
        false,
        false,
        false,
        false,
        false,
        false,
        false,
        false,
        false,
        false,
        false,
        false,
        false,
        false,
        false,
        false,
        false,
        false,
        false,
        false,
        false,
        false,
        false,
        false,
        false,
        false,
        false,
        false,
        false,
        false,
        false,
        false,
        false,
        false,
        false,
        false,
        false,
        false,
        false,
        false,
        false,
        false,
        false,
        false,
        false,
        false,
        false,
        false,
        false,
        false,
        false,
        false,
        false,
        false,
        false,
        false,
        false,
        false,
        false,
        false,
        false,
        false,
        false,
        false,
        false,
        false,
        false,
        false,
        false,
        false,
        false,
        false,
        false,
        false,
        false
    ],
    "stop_sign_hazard": false,
    "angle": -0.00022378033617227722,
    "ego_matrix": [
        [
            -0.999763011932373,
            0.021760819479823112,
            -0.0006209912244230509,
            -39.57868576049805
        ],
        [
            -0.02176080085337162,
            -0.9997631907463074,
            -3.824012674158439e-05,
            -139.12147521972656
        ],
        [
            -0.0006216763285920024,
            -2.4717797714401968e-05,
            0.9999998211860657,
            0.03372669219970703
        ],
        [
            0.0,
            0.0,
            0.0,
            1.0
        ]
    ]
}