{
    "x": 139.16989335755298,
    "y": -41.534866389619076,
    "theta": 4.733794689178467,
    "speed": 4.1259252462325025,
    "target_speed": 4.0,
    "x_command": 139.67296823301749,
    "y_command": -65.07928475667062,
    "command": 4,
    "waypoints": [
        [
            139.208984375,
            -43.60114288330078,
            4.734300404569425
        ],
        [
            139.25439453125,
            -45.673152923583984,
            4.734300404569425
        ],
        [
            139.2998809814453,
            -47.748329162597656,
            4.734300404569425
        ],
        [
            139.34539794921875,
            -49.82547378540039,
            4.734300404569425
        ],
        [
            139.3909149169922,
            -51.902732849121094,
            4.734300404569425
        ],
        [
            139.43589782714844,
            -53.980003356933594,
            4.734069774819025
        ],
        [
            139.48056030273438,
            -56.05728530883789,
            4.733896669348169
        ],
        [
            139.52523803710938,
            -58.13456344604492,
            4.733896669348169
        ]
    ],
    "steer": -0.0,
    "throttle": 0.068507518060089,
    "brake": false,
    "junction": false,
    "vehicle_hazard": [
        false,
        false,
        false,
        false,
        false,
        false,
        false,
        false,
        false,
        false,
        false,
        false,
        false,
        false,
        false,
        false,
        false,
        false,
        false,
        false,
        false,
        false,
        false,
        false,
        false,
        false,
        false,
        false,
        false,
        false,
        false,
        false,
        false,
        false,
        false,
        false,
        false,
        false,
        false,
        false,
        false,
        false,
        false,
        false,
        false,
        false,
        false,
        false,
        false,
        false,
        false,
        false,
        false,
        false,
        false,
        false,
        false,
        false,
        false,
        false,
        false,
        false,
        false,
        false,
        false,
        false,
        false,
        false,
        false,
        false,
        false,
        false,
        false,
        false,
        false,
        false,
        false,
        false,
        false,
        false
    ],
    "light_hazard": false,
    "walker_hazard": [
        false,
        false,
        false,
        false,
        false,
        false,
        false,
        false,
        false,
        false,
        false,
        false,
        false,
        false,
        false,
        false,
        false,
        false,
        false,
        false,
        false,
        false,
        false,
        false,
        false,
        false,
        false,
        false,
        false,
        false,
        false,
        false,
        false,
        false,
        false,
        false,
        false,
        false,
        false,
        false,
        false,
        false,
        false,
        false,
        false,
        false,
        false,
        false,
        false,
        false,
        false,
        false,
        false,
        false,
        false,
        false,
        false,
        false,
        false,
        false,
        false,
        false,
        false,
        false,
        false,
        false,
        false,
        false,
        false,
        false,
        false,
        false,
        false,
        false,
        false,
        false,
        false,
        false,
        false,
        false
    ],
    "stop_sign_hazard": false,
    "angle": -0.00021701765974261708,
    "ego_matrix": [
        [
            -0.9997681379318237,
            0.021531254053115845,
            0.00041134923230856657,
            -41.53486633300781
        ],
        [
            -0.021531259641051292,
            -0.9997681975364685,
            -1.022870492306538e-05,
            -139.1634979248047
        ],
        [
            0.00041103363037109375,
            -1.9083199731539935e-05,
            0.9999999403953552,
            0.03321292623877525
        ],
        [
            0.0,
            0.0,
            0.0,
            1.0
        ]
    ]
}