{
    "x": 139.21052937870422,
    "y": -43.4503937359799,
    "theta": 4.733684539794922,
    "speed": 3.8149635496985317,
    "target_speed": 4.0,
    "x_command": 139.67296823301749,
    "y_command": -65.07928475667062,
    "command": 4,
    "waypoints": [
        [
            139.2467041015625,
            -45.39790725708008,
            4.734187220223097
        ],
        [
            139.29061889648438,
            -47.389366149902344,
            4.734352602526791
        ],
        [
            139.3345947265625,
            -49.391258239746094,
            4.734352602526791
        ],
        [
            139.37867736816406,
            -51.397830963134766,
            4.734352602526791
        ],
        [
            139.4228057861328,
            -53.406768798828125,
            4.734352602526791
        ],
        [
            139.46649169921875,
            -55.41611862182617,
            4.734129163311334
        ],
        [
            139.50979614257812,
            -57.425498962402344,
            4.733961916794877
        ],
        [
            139.55299377441406,
            -59.434879302978516,
            4.733905990411985
        ]
    ],
    "steer": -0.0,
    "throttle": 0.75,
    "brake": false,
    "junction": false,
    "vehicle_hazard": [
        false,
        false,
        false,
        false,
        false,
        false,
        false,
        false,
        false,
        false,
        false,
        false,
        false,
        false,
        false,
        false,
        false,
        false,
        false,
        false,
        false,
        false,
        false,
        false,
        false,
        false,
        false,
        false,
        false,
        false,
        false,
        false,
        false,
        false,
        false,
        false,
        false,
        false,
        false,
        false,
        false,
        false,
        false,
        false,
        false,
        false,
        false,
        false,
        false,
        false,
        false,
        false,
        false,
        false,
        false,
        false,
        false,
        false,
        false,
        false,
        false,
        false,
        false,
        false,
        false,
        false,
        false,
        false,
        false,
        false,
        false,
        false,
        false,
        false,
        false,
        false,
        false,
        false,
        false,
        false
    ],
    "light_hazard": false,
    "walker_hazard": [
        false,
        false,
        false,
        false,
        false,
        false,
        false,
        false,
        false,
        false,
        false,
        false,
        false,
        false,
        false,
        false,
        false,
        false,
        false,
        false,
        false,
        false,
        false,
        false,
        false,
        false,
        false,
        false,
        false,
        false,
        false,
        false,
        false,
        false,
        false,
        false,
        false,
        false,
        false,
        false,
        false,
        false,
        false,
        false,
        false,
        false,
        false,
        false,
        false,
        false,
        false,
        false,
        false,
        false,
        false,
        false,
        false,
        false,
        false,
        false,
        false,
        false,
        false,
        false,
        false,
        false,
        false,
        false,
        false,
        false,
        false,
        false,
        false,
        false,
        false,
        false,
        false,
        false,
        false,
        false
    ],
    "stop_sign_hazard": false,
    "angle": -0.00021713787002225065,
    "ego_matrix": [
        [
            -0.9997730255126953,
            0.02130386233329773,
            -4.5181408495409414e-05,
            -43.45039367675781
        ],
        [
            -0.02130386233329773,
            -0.9997730255126953,
            -4.3000403593396186e-07,
            -139.20413208007812
        ],
        [
            -4.518031710176729e-05,
            5.326321570464643e-07,
            1.0,
            0.033439863473176956
        ],
        [
            0.0,
            0.0,
            0.0,
            1.0
        ]
    ]
}