{
    "x": 139.25278290707206,
    "y": -45.45361334320244,
    "theta": 4.733341693878174,
    "speed": 3.7981187968801113,
    "target_speed": 4.0,
    "x_command": 139.67296823301749,
    "y_command": -65.07928475667062,
    "command": 4,
    "waypoints": [
        [
            139.28892517089844,
            -47.394752502441406,
            4.734117179086429
        ],
        [
            139.33326721191406,
            -49.38431167602539,
            4.734558731195163
        ],
        [
            139.37762451171875,
            -51.384925842285156,
            4.734558731195163
        ],
        [
            139.4220733642578,
            -53.38921356201172,
            4.734558731195163
        ],
        [
            139.46588134765625,
            -55.395572662353516,
            4.734224504478358
        ],
        [
            139.5091552734375,
            -57.40243148803711,
            4.73400133157901
        ],
        [
            139.55226135253906,
            -59.40932846069336,
            4.733890011445444
        ],
        [
            139.59542846679688,
            -61.41622543334961,
            4.733890011445444
        ]
    ],
    "steer": 0.0,
    "throttle": 0.75,
    "brake": false,
    "junction": false,
    "vehicle_hazard": [
        false,
        false,
        false,
        false,
        false,
        false,
        false,
        false,
        false,
        false,
        false,
        false,
        false,
        false,
        false,
        false,
        false,
        false,
        false,
        false,
        false,
        false,
        false,
        false,
        false,
        false,
        false,
        false,
        false,
        false,
        false,
        false,
        false,
        false,
        false,
        false,
        false,
        false,
        false,
        false,
        false,
        false,
        false,
        false,
        false,
        false,
        false,
        false,
        false,
        false,
        false,
        false,
        false,
        false,
        false,
        false,
        false,
        false,
        false,
        false,
        false,
        false,
        false,
        false,
        false,
        false,
        false,
        false,
        false,
        false,
        false,
        false,
        false,
        false,
        false,
        false,
        false,
        false,
        false,
        false
    ],
    "light_hazard": false,
    "walker_hazard": [
        false,
        false,
        false,
        false,
        false,
        false,
        false,
        false,
        false,
        false,
        false,
        false,
        false,
        false,
        false,
        false,
        false,
        false,
        false,
        false,
        false,
        false,
        false,
        false,
        false,
        false,
        false,
        false,
        false,
        false,
        false,
        false,
        false,
        false,
        false,
        false,
        false,
        false,
        false,
        false,
        false,
        false,
        false,
        false,
        false,
        false,
        false,
        false,
        false,
        false,
        false,
        false,
        false,
        false,
        false,
        false,
        false,
        false,
        false,
        false,
        false,
        false,
        false,
        false,
        false,
        false,
        false,
        false,
        false,
        false,
        false,
        false,
        false,
        false,
        false,
        false,
        false,
        false,
        false,
        false
    ],
    "stop_sign_hazard": false,
    "angle": -0.00021306092808133988,
    "ego_matrix": [
        [
            -0.9997784495353699,
            0.021047383546829224,
            -0.0003113949787802994,
            -45.45361328125
        ],
        [
            -0.021047379821538925,
            -0.9997785091400146,
            -1.3639029930345714e-05,
            -139.2463836669922
        ],
        [
            -0.00031161305378191173,
            -7.081959211063804e-06,
            0.9999999403953552,
            0.03357250243425369
        ],
        [
            0.0,
            0.0,
            0.0,
            1.0
        ]
    ]
}