{
    "x": 139.2935257460659,
    "y": -47.37948996325901,
    "theta": 4.7334675788879395,
    "speed": 4.160497802570942,
    "target_speed": 4.0,
    "x_command": 139.67296823301749,
    "y_command": -65.07928475667062,
    "command": 4,
    "waypoints": [
        [
            139.332763671875,
            -49.46247100830078,
            4.734193611809713
        ],
        [
            139.37940979003906,
            -51.551673889160156,
            4.734599477559842
        ],
        [
            139.4259033203125,
            -53.64500045776367,
            4.734599477559842
        ],
        [
            139.4724578857422,
            -55.74067306518555,
            4.734599477559842
        ],
        [
            139.51824951171875,
            -57.83659744262695,
            4.7342503371409315
        ],
        [
            139.56336975097656,
            -59.93253707885742,
            4.7339592536337864
        ],
        [
            139.60838317871094,
            -62.028480529785156,
            4.73384287349415
        ],
        [
            139.65335083007812,
            -64.12442779541016,
            4.73384287349415
        ]
    ],
    "steer": 0.0,
    "throttle": 0.05808100927766073,
    "brake": false,
    "junction": false,
    "vehicle_hazard": [
        false,
        false,
        false,
        false,
        false,
        false,
        false,
        false,
        false,
        false,
        false,
        false,
        false,
        false,
        false,
        false,
        false,
        false,
        false,
        false,
        false,
        false,
        false,
        false,
        false,
        false,
        false,
        false,
        false,
        false,
        false,
        false,
        false,
        false,
        false,
        false,
        false,
        false,
        false,
        false,
        false,
        false,
        false,
        false,
        false,
        false,
        false,
        false,
        false,
        false,
        false,
        false,
        false,
        false,
        false,
        false,
        false,
        false,
        false,
        false,
        false,
        false,
        false,
        false,
        false,
        false,
        false,
        false,
        false,
        false,
        false,
        false,
        false,
        false,
        false,
        false,
        false,
        false,
        false,
        false
    ],
    "light_hazard": false,
    "walker_hazard": [
        false,
        false,
        false,
        false,
        false,
        false,
        false,
        false,
        false,
        false,
        false,
        false,
        false,
        false,
        false,
        false,
        false,
        false,
        false,
        false,
        false,
        false,
        false,
        false,
        false,
        false,
        false,
        false,
        false,
        false,
        false,
        false,
        false,
        false,
        false,
        false,
        false,
        false,
        false,
        false,
        false,
        false,
        false,
        false,
        false,
        false,
        false,
        false,
        false,
        false,
        false,
        false,
        false,
        false,
        false,
        false,
        false,
        false,
        false,
        false,
        false,
        false,
        false,
        false,
        false,
        false,
        false,
        false,
        false,
        false,
        false,
        false,
        false,
        false,
        false,
        false,
        false,
        false,
        false,
        false
    ],
    "stop_sign_hazard": false,
    "angle": -0.00015620585987525103,
    "ego_matrix": [
        [
            -0.9997760653495789,
            0.021153448149561882,
            0.0005522606079466641,
            -47.37948989868164
        ],
        [
            -0.02115345001220703,
            -0.9997762441635132,
            1.906427314679604e-06,
            -139.28712463378906
        ],
        [
            0.0005521773709915578,
            -9.776216757018119e-06,
            0.9999998211860657,
            0.03314254805445671
        ],
        [
            0.0,
            0.0,
            0.0,
            1.0
        ]
    ]
}