{
    "x": 139.33448221916294,
    "y": -49.32488257455313,
    "theta": 4.733705043792725,
    "speed": 3.7176985216993965,
    "target_speed": 4.0,
    "x_command": 139.67296823301749,
    "y_command": -65.07928475667062,
    "command": 4,
    "waypoints": [
        [
            139.36997985839844,
            -51.230525970458984,
            4.734275370855179
        ],
        [
            139.41448974609375,
            -53.209617614746094,
            4.7347696535534975
        ],
        [
            139.45924377441406,
            -55.20888900756836,
            4.7347696535534975
        ],
        [
            139.50405883789062,
            -57.21449661254883,
            4.734713727170606
        ],
        [
            139.5478973388672,
            -59.22403335571289,
            4.734267381371908
        ],
        [
            139.5911865234375,
            -61.234561920166016,
            4.733988015773559
        ],
        [
            139.6344451904297,
            -63.245182037353516,
            4.733932355706776
        ],
        [
            139.67758178710938,
            -65.25580596923828,
            4.733876429323885
        ]
    ],
    "steer": 0.0,
    "throttle": 0.75,
    "brake": false,
    "junction": false,
    "vehicle_hazard": [
        false,
        false,
        false,
        false,
        false,
        false,
        false,
        false,
        false,
        false,
        false,
        false,
        false,
        false,
        false,
        false,
        false,
        false,
        false,
        false,
        false,
        false,
        false,
        false,
        false,
        false,
        false,
        false,
        false,
        false,
        false,
        false,
        false,
        false,
        false,
        false,
        false,
        false,
        false,
        false,
        false,
        false,
        false,
        false,
        false,
        false,
        false,
        false,
        false,
        false,
        false,
        false,
        false,
        false,
        false,
        false,
        false,
        false,
        false,
        false,
        false,
        false,
        false,
        false,
        false,
        false,
        false,
        false,
        false,
        false,
        false,
        false,
        false,
        false,
        false,
        false,
        false,
        false,
        false,
        false
    ],
    "light_hazard": false,
    "walker_hazard": [
        false,
        false,
        false,
        false,
        false,
        false,
        false,
        false,
        false,
        false,
        false,
        false,
        false,
        false,
        false,
        false,
        false,
        false,
        false,
        false,
        false,
        false,
        false,
        false,
        false,
        false,
        false,
        false,
        false,
        false,
        false,
        false,
        false,
        false,
        false,
        false,
        false,
        false,
        false,
        false,
        false,
        false,
        false,
        false,
        false,
        false,
        false,
        false,
        false,
        false,
        false,
        false,
        false,
        false,
        false,
        false,
        false,
        false,
        false,
        false,
        false,
        false,
        false,
        false,
        false,
        false,
        false,
        false,
        false,
        false,
        false,
        false,
        false,
        false,
        false,
        false,
        false,
        false,
        false,
        false
    ],
    "stop_sign_hazard": false,
    "angle": -0.00018109457032993792,
    "ego_matrix": [
        [
            -0.9997754693031311,
            0.02118682488799095,
            -0.00031313762883655727,
            -49.32488250732422
        ],
        [
            -0.021186823025345802,
            -0.9997755289077759,
            -4.50487414127565e-06,
            -139.3280792236328
        ],
        [
            -0.0003131627745460719,
            2.130528628185857e-06,
            0.9999999403953552,
            0.033573225140571594
        ],
        [
            0.0,
            0.0,
            0.0,
            1.0
        ]
    ]
}