{
    "x": 139.37734612638866,
    "y": -51.32823951087742,
    "theta": 4.733745574951172,
    "speed": 3.968911813288737,
    "target_speed": 4.0,
    "x_command": 139.67296823301749,
    "y_command": -65.07928475667062,
    "command": 4,
    "waypoints": [
        [
            139.41500854492188,
            -53.321258544921875,
            4.734360592010061
        ],
        [
            139.46011352539062,
            -55.32294464111328,
            4.734805339912104
        ],
        [
            139.50506591796875,
            -57.32815933227539,
            4.734805339912104
        ],
        [
            139.5497589111328,
            -59.3349723815918,
            4.734638093395647
        ],
        [
            139.59332275390625,
            -61.34199142456055,
            4.734192013913059
        ],
        [
            139.636474609375,
            -63.349037170410156,
            4.73396910732982
        ],
        [
            139.67962646484375,
            -65.35608673095703,
            4.733913447263037
        ],
        [
            139.72283935546875,
            -67.36312866210938,
            4.733913447263037
        ]
    ],
    "steer": 0.0,
    "throttle": 0.23287411411248074,
    "brake": false,
    "junction": false,
    "vehicle_hazard": [
        false,
        false,
        false,
        false,
        false,
        false,
        false,
        false,
        false,
        false,
        false,
        false,
        false,
        false,
        false,
        false,
        false,
        false,
        false,
        false,
        false,
        false,
        false,
        false,
        false,
        false,
        false,
        false,
        false,
        false,
        false,
        false,
        false,
        false,
        false,
        false,
        false,
        false,
        false,
        false,
        false,
        false,
        false,
        false,
        false,
        false,
        false,
        false,
        false,
        false,
        false,
        false,
        false,
        false,
        false,
        false,
        false,
        false,
        false,
        false,
        false,
        false,
        false,
        false,
        false,
        false,
        false,
        false,
        false,
        false,
        false,
        false,
        false,
        false,
        false,
        false,
        false,
        false,
        false,
        false
    ],
    "light_hazard": false,
    "walker_hazard": [
        false,
        false,
        false,
        false,
        false,
        false,
        false,
        false,
        false,
        false,
        false,
        false,
        false,
        false,
        false,
        false,
        false,
        false,
        false,
        false,
        false,
        false,
        false,
        false,
        false,
        false,
        false,
        false,
        false,
        false,
        false,
        false,
        false,
        false,
        false,
        false,
        false,
        false,
        false,
        false,
        false,
        false,
        false,
        false,
        false,
        false,
        false,
        false,
        false,
        false,
        false,
        false,
        false,
        false,
        false,
        false,
        false,
        false,
        false,
        false,
        false,
        false,
        false,
        false,
        false,
        false,
        false,
        false,
        false,
        false,
        false,
        false,
        false,
        false,
        false,
        false,
        false,
        false,
        false,
        false
    ],
    "stop_sign_hazard": false,
    "angle": -0.00022606698690612445,
    "ego_matrix": [
        [
            -0.9997727870941162,
            0.02131744846701622,
            -1.101646830647951e-05,
            -51.32823944091797
        ],
        [
            -0.02131744846701622,
            -0.9997727870941162,
            -8.99302995094331e-06,
            -139.37094116210938
        ],
        [
            -1.1205672308278736e-05,
            -8.756142960919533e-06,
            1.0,
            0.03342277556657791
        ],
        [
            0.0,
            0.0,
            0.0,
            1.0
        ]
    ]
}