{
    "x": 139.41798214912194,
    "y": -53.23329932792711,
    "theta": 4.733735084533691,
    "speed": 4.044141901827568,
    "target_speed": 4.0,
    "x_command": 139.67296823301749,
    "y_command": -65.07928475667062,
    "command": 4,
    "waypoints": [
        [
            139.45623779296875,
            -55.25774002075195,
            4.7343576625328625
        ],
        [
            139.5019989013672,
            -57.28847122192383,
            4.734808535705413
        ],
        [
            139.54763793945312,
            -59.32364273071289,
            4.734808535705413
        ],
        [
            139.5931396484375,
            -61.36146545410156,
            4.734695351359084
        ],
        [
            139.63735961914062,
            -63.3997802734375,
            4.7341858886425525
        ],
        [
            139.6812286376953,
            -65.43810272216797,
            4.733959519949895
        ],
        [
            139.7250518798828,
            -67.47642517089844,
            4.733902794618677
        ],
        [
            139.76890563964844,
            -69.51475524902344,
            4.733902794618677
        ]
    ],
    "steer": 0.0,
    "throttle": 0.01677056446291516,
    "brake": false,
    "junction": false,
    "vehicle_hazard": [
        false,
        false,
        false,
        false,
        false,
        false,
        false,
        false,
        false,
        false,
        false,
        false,
        false,
        false,
        false,
        false,
        false,
        false,
        false,
        false,
        false,
        false,
        false,
        false,
        false,
        false,
        false,
        false,
        false,
        false,
        false,
        false,
        false,
        false,
        false,
        false,
        false,
        false,
        false,
        false,
        false,
        false,
        false,
        false,
        false,
        false,
        false,
        false,
        false,
        false,
        false,
        false,
        false,
        false,
        false,
        false,
        false,
        false,
        false,
        false,
        false,
        false,
        false,
        false,
        false,
        false,
        false,
        false,
        false,
        false,
        false,
        false,
        false,
        false,
        false,
        false,
        false,
        false,
        false,
        false
    ],
    "light_hazard": false,
    "walker_hazard": [
        false,
        false,
        false,
        false,
        false,
        false,
        false,
        false,
        false,
        false,
        false,
        false,
        false,
        false,
        false,
        false,
        false,
        false,
        false,
        false,
        false,
        false,
        false,
        false,
        false,
        false,
        false,
        false,
        false,
        false,
        false,
        false,
        false,
        false,
        false,
        false,
        false,
        false,
        false,
        false,
        false,
        false,
        false,
        false,
        false,
        false,
        false,
        false,
        false,
        false,
        false,
        false,
        false,
        false,
        false,
        false,
        false,
        false,
        false,
        false,
        false,
        false,
        false,
        false,
        false,
        false,
        false,
        false,
        false,
        false,
        false,
        false,
        false,
        false,
        false,
        false,
        false,
        false,
        false,
        false
    ],
    "stop_sign_hazard": false,
    "angle": -0.00022389452374061463,
    "ego_matrix": [
        [
            -0.9997733235359192,
            0.021286698058247566,
            0.00038825420779176056,
            -53.233299255371094
        ],
        [
            -0.021286698058247566,
            -0.999773383140564,
            4.622078904503724e-06,
            -139.4115753173828
        ],
        [
            0.0003882646269630641,
            -3.6436194932321087e-06,
            0.9999999403953552,
            0.03322418034076691
        ],
        [
            0.0,
            0.0,
            0.0,
            1.0
        ]
    ]
}