{
    "x": -112.95048778796695,
    "y": -41.48863607339395,
    "theta": 6.280380725860596,
    "speed": 0.0,
    "target_speed": 4.0,
    "x_command": -82.62922440350494,
    "y_command": -41.57395940725048,
    "command": 4,
    "waypoints": [
        [
            -112.89775848388672,
            -41.48876953125,
            6.2803715443298636
        ],
        [
            -112.74459075927734,
            -41.489200592041016,
            6.2803715443298636
        ],
        [
            -112.48578643798828,
            -41.48992919921875,
            6.2803715443298636
        ],
        [
            -112.12135314941406,
            -41.4909553527832,
            6.2803715443298636
        ],
        [
            -111.65128326416016,
            -41.49227523803711,
            6.2803715443298636
        ],
        [
            -111.07557678222656,
            -41.493896484375,
            6.2803715443298636
        ],
        [
            -110.39423370361328,
            -41.49581527709961,
            6.2803715443298636
        ],
        [
            -109.60726165771484,
            -41.49802780151367,
            6.2803715443298636
        ]
    ],
    "steer": -0.0,
    "throttle": 0.75,
    "brake": false,
    "junction": false,
    "vehicle_hazard": [
        false,
        false,
        false,
        false,
        false,
        false,
        false,
        false,
        false,
        false,
        false,
        false,
        false,
        false,
        false,
        false,
        false,
        false,
        false,
        false,
        false,
        false,
        false,
        false,
        false,
        false,
        false,
        false,
        false,
        false,
        false,
        false,
        false,
        false,
        false,
        false,
        false,
        false,
        false,
        false,
        false,
        false,
        false,
        false,
        false,
        false,
        false,
        false,
        false,
        false,
        false,
        false,
        false,
        false,
        false,
        false,
        false,
        false,
        false,
        false,
        false,
        false,
        false,
        false,
        false,
        false,
        false,
        false,
        false,
        false,
        false,
        false,
        false,
        false,
        false,
        false,
        false,
        false,
        false,
        false
    ],
    "light_hazard": false,
    "walker_hazard": [
        false,
        false,
        false,
        false,
        false,
        false,
        false,
        false,
        false,
        false,
        false,
        false,
        false,
        false,
        false,
        false,
        false,
        false,
        false,
        false,
        false,
        false,
        false,
        false,
        false,
        false,
        false,
        false,
        false,
        false,
        false,
        false,
        false,
        false,
        false,
        false,
        false,
        false,
        false,
        false,
        false,
        false,
        false,
        false,
        false,
        false,
        false,
        false,
        false,
        false,
        false,
        false,
        false,
        false,
        false,
        false,
        false,
        false,
        false,
        false,
        false,
        false,
        false,
        false,
        false,
        false,
        false,
        false,
        false,
        false,
        false,
        false,
        false,
        false,
        false,
        false,
        false,
        false,
        false,
        false
    ],
    "stop_sign_hazard": false,
    "angle": -2.8842181144496166e-06,
    "ego_matrix": [
        [
            -0.0028137369081377983,
            0.9999960660934448,
            0.0,
            -41.4886360168457
        ],
        [
            -0.9999960660934448,
            -0.0028137369081377983,
            0.0,
            112.94529724121094
        ],
        [
            0.0,
            -0.0,
            1.0,
            0.07749012112617493
        ],
        [
            0.0,
            0.0,
            0.0,
            1.0
        ]
    ]
}