{
    "x": -112.95048015789504,
    "y": -41.48866659097212,
    "theta": 6.280380725860596,
    "speed": 1.3028368846617584e-05,
    "target_speed": 4.0,
    "x_command": -82.62922440350494,
    "y_command": -41.57395940725048,
    "command": 4,
    "waypoints": [
        [
            -112.89775085449219,
            -41.488800048828125,
            6.2803715443298636
        ],
        [
            -112.74457550048828,
            -41.48923110961914,
            6.2803715443298636
        ],
        [
            -112.48576354980469,
            -41.489959716796875,
            6.2803715443298636
        ],
        [
            -112.1213150024414,
            -41.49098587036133,
            6.2803715443298636
        ],
        [
            -111.65123748779297,
            -41.4923095703125,
            6.2803715443298636
        ],
        [
            -111.07553100585938,
            -41.493927001953125,
            6.2803715443298636
        ],
        [
            -110.39418029785156,
            -41.495845794677734,
            6.2803715443298636
        ],
        [
            -109.6072006225586,
            -41.4980583190918,
            6.2803715443298636
        ]
    ],
    "steer": -0.0,
    "throttle": 0.75,
    "brake": false,
    "junction": false,
    "vehicle_hazard": [
        false,
        false,
        false,
        false,
        false,
        false,
        false,
        false,
        false,
        false,
        false,
        false,
        false,
        false,
        false,
        false,
        false,
        false,
        false,
        false,
        false,
        false,
        false,
        false,
        false,
        false,
        false,
        false,
        false,
        false,
        false,
        false,
        false,
        false,
        false,
        false,
        false,
        false,
        false,
        false,
        false,
        false,
        false,
        false,
        false,
        false,
        false,
        false,
        false,
        false,
        false,
        false,
        false,
        false,
        false,
        false,
        false,
        false,
        false,
        false,
        false,
        false,
        false,
        false,
        false,
        false,
        false,
        false,
        false,
        false,
        false,
        false,
        false,
        false,
        false,
        false,
        false,
        false,
        false,
        false
    ],
    "light_hazard": false,
    "walker_hazard": [
        false,
        false,
        false,
        false,
        false,
        false,
        false,
        false,
        false,
        false,
        false,
        false,
        false,
        false,
        false,
        false,
        false,
        false,
        false,
        false,
        false,
        false,
        false,
        false,
        false,
        false,
        false,
        false,
        false,
        false,
        false,
        false,
        false,
        false,
        false,
        false,
        false,
        false,
        false,
        false,
        false,
        false,
        false,
        false,
        false,
        false,
        false,
        false,
        false,
        false,
        false,
        false,
        false,
        false,
        false,
        false,
        false,
        false,
        false,
        false,
        false,
        false,
        false,
        false,
        false,
        false,
        false,
        false,
        false,
        false,
        false,
        false,
        false,
        false,
        false,
        false,
        false,
        false,
        false,
        false
    ],
    "stop_sign_hazard": false,
    "angle": 2.4243691800906677e-06,
    "ego_matrix": [
        [
            -0.0028137369081377983,
            0.9999960660934448,
            -2.1240466594463214e-05,
            -41.48866653442383
        ],
        [
            -0.9999960660934448,
            -0.002813736442476511,
            2.3067246729624458e-05,
            112.9452896118164
        ],
        [
            2.3007391064311378e-05,
            2.130528628185857e-05,
            1.0,
            0.022764014080166817
        ],
        [
            0.0,
            0.0,
            0.0,
            1.0
        ]
    ]
}