{
    "x": -112.95048778796695,
    "y": -41.48867422036666,
    "theta": 6.280380725860596,
    "speed": 2.1824343693421194e-08,
    "target_speed": 4.0,
    "x_command": -82.62922440350494,
    "y_command": -41.57395940725048,
    "command": 4,
    "waypoints": [
        [
            -112.89775848388672,
            -41.488807678222656,
            6.2803715443298636
        ],
        [
            -112.74459075927734,
            -41.48923873901367,
            6.2803715443298636
        ],
        [
            -112.48578643798828,
            -41.489967346191406,
            6.2803715443298636
        ],
        [
            -112.12135314941406,
            -41.49099349975586,
            6.2803715443298636
        ],
        [
            -111.65128326416016,
            -41.492313385009766,
            6.2803715443298636
        ],
        [
            -111.07557678222656,
            -41.493934631347656,
            6.2803715443298636
        ],
        [
            -110.39423370361328,
            -41.495853424072266,
            6.2803715443298636
        ],
        [
            -109.60726165771484,
            -41.49806594848633,
            6.2803715443298636
        ]
    ],
    "steer": -0.0,
    "throttle": 0.75,
    "brake": false,
    "junction": false,
    "vehicle_hazard": [
        false,
        false,
        false,
        false,
        false,
        false,
        false,
        false,
        false,
        false,
        false,
        false,
        false,
        false,
        false,
        false,
        false,
        false,
        false,
        false,
        false,
        false,
        false,
        false,
        false,
        false,
        false,
        false,
        false,
        false,
        false,
        false,
        false,
        false,
        false,
        false,
        false,
        false,
        false,
        false,
        false,
        false,
        false,
        false,
        false,
        false,
        false,
        false,
        false,
        false,
        false,
        false,
        false,
        false,
        false,
        false,
        false,
        false,
        false,
        false,
        false,
        false,
        false,
        false,
        false,
        false,
        false,
        false,
        false,
        false,
        false,
        false,
        false,
        false,
        false,
        false,
        false,
        false,
        false,
        false
    ],
    "light_hazard": false,
    "walker_hazard": [
        false,
        false,
        false,
        false,
        false,
        false,
        false,
        false,
        false,
        false,
        false,
        false,
        false,
        false,
        false,
        false,
        false,
        false,
        false,
        false,
        false,
        false,
        false,
        false,
        false,
        false,
        false,
        false,
        false,
        false,
        false,
        false,
        false,
        false,
        false,
        false,
        false,
        false,
        false,
        false,
        false,
        false,
        false,
        false,
        false,
        false,
        false,
        false,
        false,
        false,
        false,
        false,
        false,
        false,
        false,
        false,
        false,
        false,
        false,
        false,
        false,
        false,
        false,
        false,
        false,
        false,
        false,
        false,
        false,
        false,
        false,
        false,
        false,
        false,
        false,
        false,
        false,
        false,
        false,
        false
    ],
    "stop_sign_hazard": false,
    "angle": 3.7563460528805358e-06,
    "ego_matrix": [
        [
            -0.0028137369081377983,
            0.9999960660934448,
            -1.5945360019031796e-06,
            -41.48867416381836
        ],
        [
            -0.9999960660934448,
            -0.0028137369081377983,
            1.1965842077188427e-06,
            112.94529724121094
        ],
        [
            1.1920927818209748e-06,
            1.5978964711393928e-06,
            1.0,
            0.03339912369847298
        ],
        [
            0.0,
            0.0,
            0.0,
            1.0
        ]
    ]
}