{
    "x": -112.4965255796733,
    "y": -41.49004751138416,
    "theta": 6.280338287353516,
    "speed": 2.723071327381075,
    "target_speed": 4.0,
    "x_command": -82.62922440350494,
    "y_command": -41.57395940725048,
    "command": 4,
    "waypoints": [
        [
            -111.08229064941406,
            -41.49407196044922,
            6.280317349001679
        ],
        [
            -109.56758880615234,
            -41.498416900634766,
            6.280317349001679
        ],
        [
            -107.94725799560547,
            -41.5030632019043,
            6.280317349001679
        ],
        [
            -106.2212905883789,
            -41.50801086425781,
            6.280317349001679
        ],
        [
            -104.38968658447266,
            -41.513267517089844,
            6.280317349001679
        ],
        [
            -102.45478820800781,
            -41.51881408691406,
            6.280317349001679
        ],
        [
            -100.46272277832031,
            -41.52452850341797,
            6.280317349001679
        ],
        [
            -98.45619201660156,
            -41.5302848815918,
            6.280317349001679
        ]
    ],
    "steer": 0.0,
    "throttle": 0.75,
    "brake": false,
    "junction": false,
    "vehicle_hazard": [
        false,
        false,
        false,
        false,
        false,
        false,
        false,
        false,
        false,
        false,
        false,
        false,
        false,
        false,
        false,
        false,
        false,
        false,
        false,
        false,
        false,
        false,
        false,
        false,
        false,
        false,
        false,
        false,
        false,
        false,
        false,
        false,
        false,
        false,
        false,
        false,
        false,
        false,
        false,
        false,
        false,
        false,
        false,
        false,
        false,
        false,
        false,
        false,
        false,
        false,
        false,
        false,
        false,
        false,
        false,
        false,
        false,
        false,
        false,
        false,
        false,
        false,
        false,
        false,
        false,
        false,
        false,
        false,
        false,
        false,
        false,
        false,
        false,
        false,
        false,
        false,
        false,
        false,
        false,
        false
    ],
    "light_hazard": false,
    "walker_hazard": [
        false,
        false,
        false,
        false,
        false,
        false,
        false,
        false,
        false,
        false,
        false,
        false,
        false,
        false,
        false,
        false,
        false,
        false,
        false,
        false,
        false,
        false,
        false,
        false,
        false,
        false,
        false,
        false,
        false,
        false,
        false,
        false,
        false,
        false,
        false,
        false,
        false,
        false,
        false,
        false,
        false,
        false,
        false,
        false,
        false,
        false,
        false,
        false,
        false,
        false,
        false,
        false,
        false,
        false,
        false,
        false,
        false,
        false,
        false,
        false,
        false,
        false,
        false,
        false,
        false,
        false,
        false,
        false,
        false,
        false,
        false,
        false,
        false,
        false,
        false,
        false,
        false,
        false,
        false,
        false
    ],
    "stop_sign_hazard": false,
    "angle": 0.00019030305021980212,
    "ego_matrix": [
        [
            -0.002881549997255206,
            0.9999958276748657,
            1.2920637345814612e-05,
            -41.490047454833984
        ],
        [
            -0.9999900460243225,
            -0.0028815774712711573,
            0.0034000573214143515,
            112.4913558959961
        ],
        [
            0.003400080604478717,
            -3.123073611277505e-06,
            0.9999942183494568,
            0.03172489255666733
        ],
        [
            0.0,
            0.0,
            0.0,
            1.0
        ]
    ]
}