{
    "x": -110.5818257747373,
    "y": -41.49645238810187,
    "theta": 6.280058860778809,
    "speed": 4.359810332738577,
    "target_speed": 4.0,
    "x_command": -82.62922440350494,
    "y_command": -41.57395940725048,
    "command": 4,
    "waypoints": [
        [
            -108.39057159423828,
            -41.50271987915039,
            6.280272607895366
        ],
        [
            -106.19324493408203,
            -41.50896453857422,
            6.280333727442384
        ],
        [
            -103.9891586303711,
            -41.51508331298828,
            6.280394846989401
        ],
        [
            -101.78264617919922,
            -41.521240234375,
            6.280394846989401
        ],
        [
            -99.57601928710938,
            -41.52739715576172,
            6.280394846989401
        ],
        [
            -97.36940002441406,
            -41.53355407714844,
            6.280394846989401
        ],
        [
            -95.16277313232422,
            -41.539710998535156,
            6.280394846989401
        ],
        [
            -92.9561538696289,
            -41.54587173461914,
            6.280394846989401
        ]
    ],
    "steer": 0.0,
    "throttle": 0.10734183758323676,
    "brake": false,
    "junction": false,
    "vehicle_hazard": [
        false,
        false,
        false,
        false,
        false,
        false,
        false,
        false,
        false,
        false,
        false,
        false,
        false,
        false,
        false,
        false,
        false,
        false,
        false,
        false,
        false,
        false,
        false,
        false,
        false,
        false,
        false,
        false,
        false,
        false,
        false,
        false,
        false,
        false,
        false,
        false,
        false,
        false,
        false,
        false,
        false,
        false,
        false,
        false,
        false,
        false,
        false,
        false,
        false,
        false,
        false,
        false,
        false,
        false,
        false,
        false,
        false,
        false,
        false,
        false,
        false,
        false,
        false,
        false,
        false,
        false,
        false,
        false,
        false,
        false,
        false,
        false,
        false,
        false,
        false,
        false,
        false,
        false,
        false,
        false
    ],
    "light_hazard": false,
    "walker_hazard": [
        false,
        false,
        false,
        false,
        false,
        false,
        false,
        false,
        false,
        false,
        false,
        false,
        false,
        false,
        false,
        false,
        false,
        false,
        false,
        false,
        false,
        false,
        false,
        false,
        false,
        false,
        false,
        false,
        false,
        false,
        false,
        false,
        false,
        false,
        false,
        false,
        false,
        false,
        false,
        false,
        false,
        false,
        false,
        false,
        false,
        false,
        false,
        false,
        false,
        false,
        false,
        false,
        false,
        false,
        false,
        false,
        false,
        false,
        false,
        false,
        false,
        false,
        false,
        false,
        false,
        false,
        false,
        false,
        false,
        false,
        false,
        false,
        false,
        false,
        false,
        false,
        false,
        false,
        false,
        false
    ],
    "stop_sign_hazard": false,
    "angle": 0.00013905966502276193,
    "ego_matrix": [
        [
            -0.003250991692766547,
            0.999994695186615,
            -2.4938632122939453e-05,
            -41.49645233154297
        ],
        [
            -0.9999938011169434,
            -0.0032509551383554935,
            0.001340000075288117,
            110.57674407958984
        ],
        [
            0.001339911948889494,
            2.9294807973201387e-05,
            0.9999991059303284,
            0.03275035694241524
        ],
        [
            0.0,
            0.0,
            0.0,
            1.0
        ]
    ]
}