{
    "x": -108.57695764334471,
    "y": -41.50231176310985,
    "theta": 6.280215263366699,
    "speed": 3.6865711888023425,
    "target_speed": 4.0,
    "x_command": -82.62922440350494,
    "y_command": -41.57395940725048,
    "command": 4,
    "waypoints": [
        [
            -106.68115234375,
            -41.507606506347656,
            6.28031854742417
        ],
        [
            -104.70733642578125,
            -41.51310348510742,
            6.280372875910408
        ],
        [
            -102.70914459228516,
            -41.51872253417969,
            6.280372875910408
        ],
        [
            -100.70435333251953,
            -41.52436065673828,
            6.280372875910408
        ],
        [
            -98.69519805908203,
            -41.53001403808594,
            6.280372875910408
        ],
        [
            -96.6847915649414,
            -41.535667419433594,
            6.280372875910408
        ],
        [
            -94.67425537109375,
            -41.54132080078125,
            6.280372875910408
        ],
        [
            -92.66370391845703,
            -41.546974182128906,
            6.280372875910408
        ]
    ],
    "steer": 0.0,
    "throttle": 0.75,
    "brake": false,
    "junction": false,
    "vehicle_hazard": [
        false,
        false,
        false,
        false,
        false,
        false,
        false,
        false,
        false,
        false,
        false,
        false,
        false,
        false,
        false,
        false,
        false,
        false,
        false,
        false,
        false,
        false,
        false,
        false,
        false,
        false,
        false,
        false,
        false,
        false,
        false,
        false,
        false,
        false,
        false,
        false,
        false,
        false,
        false,
        false,
        false,
        false,
        false,
        false,
        false,
        false,
        false,
        false,
        false,
        false,
        false,
        false,
        false,
        false,
        false,
        false,
        false,
        false,
        false,
        false,
        false,
        false,
        false,
        false,
        false,
        false,
        false,
        false,
        false,
        false,
        false,
        false,
        false,
        false,
        false,
        false,
        false,
        false,
        false,
        false
    ],
    "light_hazard": false,
    "walker_hazard": [
        false,
        false,
        false,
        false,
        false,
        false,
        false,
        false,
        false,
        false,
        false,
        false,
        false,
        false,
        false,
        false,
        false,
        false,
        false,
        false,
        false,
        false,
        false,
        false,
        false,
        false,
        false,
        false,
        false,
        false,
        false,
        false,
        false,
        false,
        false,
        false,
        false,
        false,
        false,
        false,
        false,
        false,
        false,
        false,
        false,
        false,
        false,
        false,
        false,
        false,
        false,
        false,
        false,
        false,
        false,
        false,
        false,
        false,
        false,
        false,
        false,
        false,
        false,
        false,
        false,
        false,
        false,
        false,
        false,
        false,
        false,
        false,
        false,
        false,
        false,
        false,
        false,
        false,
        false,
        false
    ],
    "stop_sign_hazard": false,
    "angle": 0.00021369841431317514,
    "ego_matrix": [
        [
            -0.003054538043215871,
            0.9999953508377075,
            1.428601626685122e-05,
            -41.50231170654297
        ],
        [
            -0.9999951720237732,
            -0.0030545296613126993,
            -0.0005578264244832098,
            108.57196807861328
        ],
        [
            -0.0005577802076004446,
            -1.5989848179742694e-05,
            0.9999998211860657,
            0.033694878220558167
        ],
        [
            0.0,
            0.0,
            0.0,
            1.0
        ]
    ]
}