{
    "x": -106.59339938836959,
    "y": -41.50748830730637,
    "theta": 6.280445098876953,
    "speed": 4.061968876571483,
    "target_speed": 4.0,
    "x_command": -82.62922440350494,
    "y_command": -41.57395940725048,
    "command": 4,
    "waypoints": [
        [
            -104.55387115478516,
            -41.513160705566406,
            6.280419081755321
        ],
        [
            -102.51383209228516,
            -41.518802642822266,
            6.280419081755321
        ],
        [
            -100.47071838378906,
            -41.52445602416992,
            6.280419081755321
        ],
        [
            -98.42597198486328,
            -41.53010940551758,
            6.280419081755321
        ],
        [
            -96.38117980957031,
            -41.5357666015625,
            6.280419081755321
        ],
        [
            -94.33638000488281,
            -41.54142379760742,
            6.280419081755321
        ],
        [
            -92.29158020019531,
            -41.547080993652344,
            6.280419081755321
        ],
        [
            -90.24678802490234,
            -41.552738189697266,
            6.280419081755321
        ]
    ],
    "steer": 0.0,
    "throttle": 0.06599842196207409,
    "brake": false,
    "junction": false,
    "vehicle_hazard": [
        false,
        false,
        false,
        false,
        false,
        false,
        false,
        false,
        false,
        false,
        false,
        false,
        false,
        false,
        false,
        false,
        false,
        false,
        false,
        false,
        false,
        false,
        false,
        false,
        false,
        false,
        false,
        false,
        false,
        false,
        false,
        false,
        false,
        false,
        false,
        false,
        false,
        false,
        false,
        false,
        false,
        false,
        false,
        false,
        false,
        false,
        false,
        false,
        false,
        false,
        false,
        false,
        false,
        false,
        false,
        false,
        false,
        false,
        false,
        false,
        false,
        false,
        false,
        false,
        false,
        false,
        false,
        false,
        false,
        false,
        false,
        false,
        false,
        false,
        false,
        false,
        false,
        false,
        false,
        false
    ],
    "light_hazard": false,
    "walker_hazard": [
        false,
        false,
        false,
        false,
        false,
        false,
        false,
        false,
        false,
        false,
        false,
        false,
        false,
        false,
        false,
        false,
        false,
        false,
        false,
        false,
        false,
        false,
        false,
        false,
        false,
        false,
        false,
        false,
        false,
        false,
        false,
        false,
        false,
        false,
        false,
        false,
        false,
        false,
        false,
        false,
        false,
        false,
        false,
        false,
        false,
        false,
        false,
        false,
        false,
        false,
        false,
        false,
        false,
        false,
        false,
        false,
        false,
        false,
        false,
        false,
        false,
        false,
        false,
        false,
        false,
        false,
        false,
        false,
        false,
        false,
        false,
        false,
        false,
        false,
        false,
        false,
        false,
        false,
        false,
        false
    ],
    "stop_sign_hazard": false,
    "angle": 9.8736082204202e-07,
    "ego_matrix": [
        [
            -0.002730290638282895,
            0.9999962449073792,
            3.4933671031467384e-06,
            -41.50748825073242
        ],
        [
            -0.9999962449073792,
            -0.002730291336774826,
            0.00021516400738619268,
            106.5885009765625
        ],
        [
            0.00021517275308724493,
            -2.905893779825419e-06,
            1.0,
            0.03331020101904869
        ],
        [
            0.0,
            0.0,
            0.0,
            1.0
        ]
    ]
}