{
    "x": -104.68890055293035,
    "y": -41.51319890912079,
    "theta": 6.280317306518555,
    "speed": 3.9201523569049526,
    "target_speed": 4.0,
    "x_command": -82.62922440350494,
    "y_command": -41.57395940725048,
    "command": 4,
    "waypoints": [
        [
            -102.70490264892578,
            -41.518699645996094,
            6.280364753269083
        ],
        [
            -100.70601654052734,
            -41.52433776855469,
            6.280364753269083
        ],
        [
            -98.70125579833984,
            -41.52999496459961,
            6.280364753269083
        ],
        [
            -96.69297790527344,
            -41.5356559753418,
            6.280364753269083
        ],
        [
            -94.6834487915039,
            -41.541324615478516,
            6.280364753269083
        ],
        [
            -92.67382049560547,
            -41.546993255615234,
            6.280364753269083
        ],
        [
            -90.6641845703125,
            -41.55266189575195,
            6.280364753269083
        ],
        [
            -88.65454864501953,
            -41.55833053588867,
            6.280364753269083
        ]
    ],
    "steer": 0.0,
    "throttle": 0.37278727197637546,
    "brake": false,
    "junction": false,
    "vehicle_hazard": [
        false,
        false,
        false,
        false,
        false,
        false,
        false,
        false,
        false,
        false,
        false,
        false,
        false,
        false,
        false,
        false,
        false,
        false,
        false,
        false,
        false,
        false,
        false,
        false,
        false,
        false,
        false,
        false,
        false,
        false,
        false,
        false,
        false,
        false,
        false,
        false,
        false,
        false,
        false,
        false,
        false,
        false,
        false,
        false,
        false,
        false,
        false,
        false,
        false,
        false,
        false,
        false,
        false,
        false,
        false,
        false,
        false,
        false,
        false,
        false,
        false,
        false,
        false,
        false,
        false,
        false,
        false,
        false,
        false,
        false,
        false,
        false,
        false,
        false,
        false,
        false,
        false,
        false,
        false,
        false
    ],
    "light_hazard": false,
    "walker_hazard": [
        false,
        false,
        false,
        false,
        false,
        false,
        false,
        false,
        false,
        false,
        false,
        false,
        false,
        false,
        false,
        false,
        false,
        false,
        false,
        false,
        false,
        false,
        false,
        false,
        false,
        false,
        false,
        false,
        false,
        false,
        false,
        false,
        false,
        false,
        false,
        false,
        false,
        false,
        false,
        false,
        false,
        false,
        false,
        false,
        false,
        false,
        false,
        false,
        false,
        false,
        false,
        false,
        false,
        false,
        false,
        false,
        false,
        false,
        false,
        false,
        false,
        false,
        false,
        false,
        false,
        false,
        false,
        false,
        false,
        false,
        false,
        false,
        false,
        false,
        false,
        false,
        false,
        false,
        false,
        false
    ],
    "stop_sign_hazard": false,
    "angle": 0.00023175621005201732,
    "ego_matrix": [
        [
            -0.002930919174104929,
            0.9999957084655762,
            -7.473051027773181e-06,
            -41.51319885253906
        ],
        [
            -0.9999957084655762,
            -0.002930917777121067,
            0.00017621397273615003,
            104.68408966064453
        ],
        [
            0.00017619131540413946,
            7.98948804003885e-06,
            1.0,
            0.03332962095737457
        ],
        [
            0.0,
            0.0,
            0.0,
            1.0
        ]
    ]
}