{
    "x": -102.69012858637292,
    "y": -41.51869207319078,
    "theta": 6.280317306518555,
    "speed": 3.712473492177881,
    "target_speed": 4.0,
    "x_command": -82.62922440350494,
    "y_command": -41.57395940725048,
    "command": 4,
    "waypoints": [
        [
            -100.78182220458984,
            -41.52411651611328,
            6.280361424317721
        ],
        [
            -98.80343627929688,
            -41.529701232910156,
            6.280361424317721
        ],
        [
            -96.80428314208984,
            -41.53534698486328,
            6.280361424317721
        ],
        [
            -94.79927062988281,
            -41.541011810302734,
            6.280361424317721
        ],
        [
            -92.79055786132812,
            -41.54668426513672,
            6.280361424317721
        ],
        [
            -90.78080749511719,
            -41.5523567199707,
            6.280361424317721
        ],
        [
            -88.77095794677734,
            -41.55803298950195,
            6.280361424317721
        ],
        [
            -86.76110076904297,
            -41.5637092590332,
            6.280361424317721
        ]
    ],
    "steer": 0.0,
    "throttle": 0.75,
    "brake": false,
    "junction": false,
    "vehicle_hazard": [
        false,
        false,
        false,
        false,
        false,
        false,
        false,
        false,
        false,
        false,
        false,
        false,
        false,
        false,
        false,
        false,
        false,
        false,
        false,
        false,
        false,
        false,
        false,
        false,
        false,
        false,
        false,
        false,
        false,
        false,
        false,
        false,
        false,
        false,
        false,
        false,
        false,
        false,
        false,
        false,
        false,
        false,
        false,
        false,
        false,
        false,
        false,
        false,
        false,
        false,
        false,
        false,
        false,
        false,
        false,
        false,
        false,
        false,
        false,
        false,
        false,
        false,
        false,
        false,
        false,
        false,
        false,
        false,
        false,
        false,
        false,
        false,
        false,
        false,
        false,
        false,
        false,
        false,
        false,
        false
    ],
    "light_hazard": false,
    "walker_hazard": [
        false,
        false,
        false,
        false,
        false,
        false,
        false,
        false,
        false,
        false,
        false,
        false,
        false,
        false,
        false,
        false,
        false,
        false,
        false,
        false,
        false,
        false,
        false,
        false,
        false,
        false,
        false,
        false,
        false,
        false,
        false,
        false,
        false,
        false,
        false,
        false,
        false,
        false,
        false,
        false,
        false,
        false,
        false,
        false,
        false,
        false,
        false,
        false,
        false,
        false,
        false,
        false,
        false,
        false,
        false,
        false,
        false,
        false,
        false,
        false,
        false,
        false,
        false,
        false,
        false,
        false,
        false,
        false,
        false,
        false,
        false,
        false,
        false,
        false,
        false,
        false,
        false,
        false,
        false,
        false
    ],
    "stop_sign_hazard": false,
    "angle": 0.00021848960758053977,
    "ego_matrix": [
        [
            -0.0027845303993672132,
            0.9999961256980896,
            -3.3941969377337955e-06,
            -41.51869201660156
        ],
        [
            -0.9999960064888,
            -0.0027845315635204315,
            -0.00045382202370092273,
            102.68540954589844
        ],
        [
            -0.0004538297071121633,
            2.1305020254658302e-06,
            0.9999998807907104,
            0.03364322707056999
        ],
        [
            0.0,
            0.0,
            0.0,
            1.0
        ]
    ]
}