{
    "x": -100.74255983651265,
    "y": -41.52444082197791,
    "theta": 6.280359268188477,
    "speed": 4.035010458353163,
    "target_speed": 4.0,
    "x_command": -82.62922440350494,
    "y_command": -41.57395940725048,
    "command": 4,
    "waypoints": [
        [
            -99.27757263183594,
            -41.52849197387695,
            6.2803602258952305
        ],
        [
            -98.99199676513672,
            -41.529296875,
            6.2803602258952305
        ],
        [
            -98.99199676513672,
            -41.529296875,
            6.2803602258952305
        ],
        [
            -98.99199676513672,
            -41.529296875,
            6.2803602258952305
        ],
        [
            -98.99199676513672,
            -41.529296875,
            6.2803602258952305
        ],
        [
            -98.99199676513672,
            -41.529296875,
            6.2803602258952305
        ],
        [
            -98.99199676513672,
            -41.529296875,
            6.2803602258952305
        ],
        [
            -98.99199676513672,
            -41.529296875,
            6.2803602258952305
        ]
    ],
    "steer": 0.0,
    "throttle": 0.0,
    "brake": true,
    "junction": false,
    "vehicle_hazard": [
        false,
        false,
        false,
        false,
        false,
        false,
        false,
        false,
        false,
        false,
        false,
        false,
        false,
        false,
        false,
        false,
        false,
        true,
        true,
        true,
        true,
        false,
        false,
        false,
        false,
        false,
        false,
        false,
        false,
        false,
        false,
        false,
        false,
        false,
        false,
        false,
        false,
        false,
        false,
        false,
        false,
        false,
        false,
        false,
        false,
        false,
        false,
        false,
        false,
        false,
        false,
        false,
        false,
        false,
        false,
        false,
        false,
        false,
        false,
        false,
        false,
        false,
        false,
        false,
        false,
        false,
        false,
        false,
        false,
        false,
        false,
        false,
        false,
        false,
        false,
        false,
        false,
        false,
        false,
        false
    ],
    "light_hazard": false,
    "walker_hazard": [
        false,
        false,
        false,
        false,
        false,
        false,
        false,
        false,
        false,
        false,
        false,
        false,
        false,
        false,
        false,
        false,
        false,
        false,
        false,
        false,
        false,
        false,
        false,
        false,
        false,
        false,
        false,
        false,
        false,
        false,
        false,
        false,
        false,
        false,
        false,
        false,
        false,
        false,
        false,
        false,
        false,
        false,
        false,
        false,
        false,
        false,
        false,
        false,
        false,
        false,
        false,
        false,
        false,
        false,
        false,
        false,
        false,
        false,
        false,
        false,
        false,
        false,
        false,
        false,
        false,
        false,
        false,
        false,
        false,
        false,
        false,
        false,
        false,
        false,
        false,
        false,
        false,
        false,
        false,
        false
    ],
    "stop_sign_hazard": false,
    "angle": 0.0002247576309587442,
    "ego_matrix": [
        [
            -0.0028906262014061213,
            0.9999958276748657,
            4.164149231655756e-06,
            -41.52444076538086
        ],
        [
            -0.999995768070221,
            -0.002890627598389983,
            0.00033115275437012315,
            100.73793029785156
        ],
        [
            0.0003311634063720703,
            -3.206892642992898e-06,
            0.9999999403953552,
            0.0332525260746479
        ],
        [
            0.0,
            0.0,
            0.0,
            1.0
        ]
    ]
}