{
    "x": -99.40230354632303,
    "y": -41.52763753829086,
    "theta": 6.280624866485596,
    "speed": 1.0958339561745458,
    "target_speed": 4.0,
    "x_command": -82.62922440350494,
    "y_command": -41.57395940725048,
    "command": 4,
    "waypoints": [
        [
            -98.80228424072266,
            -41.52919387817383,
            6.280609497773262
        ],
        [
            -98.10120391845703,
            -41.53099822998047,
            6.280609497773262
        ],
        [
            -97.29447937011719,
            -41.533077239990234,
            6.280609497773262
        ],
        [
            -96.38212585449219,
            -41.53542709350586,
            6.280609497773262
        ],
        [
            -95.36414337158203,
            -41.538047790527344,
            6.280609497773262
        ],
        [
            -94.24052429199219,
            -41.54094314575195,
            6.280609497773262
        ],
        [
            -93.01126861572266,
            -41.54410934448242,
            6.280609497773262
        ],
        [
            -91.67637634277344,
            -41.54762649536133,
            6.280572612992164
        ]
    ],
    "steer": 0.0,
    "throttle": 0.75,
    "brake": false,
    "junction": false,
    "vehicle_hazard": [
        false,
        false,
        false,
        false,
        false,
        false,
        false,
        false,
        false,
        false,
        false,
        false,
        false,
        false,
        false,
        false,
        false,
        false,
        false,
        false,
        false,
        false,
        false,
        false,
        false,
        false,
        false,
        false,
        false,
        false,
        false,
        false,
        false,
        false,
        false,
        false,
        false,
        false,
        false,
        false,
        false,
        false,
        false,
        false,
        false,
        false,
        false,
        false,
        false,
        false,
        false,
        false,
        false,
        false,
        false,
        false,
        false,
        false,
        false,
        false,
        false,
        false,
        false,
        false,
        false,
        false,
        false,
        false,
        false,
        false,
        false,
        false,
        false,
        false,
        false,
        false,
        false,
        false,
        false,
        false
    ],
    "light_hazard": false,
    "walker_hazard": [
        false,
        false,
        false,
        false,
        false,
        false,
        false,
        false,
        false,
        false,
        false,
        false,
        false,
        false,
        false,
        false,
        false,
        false,
        false,
        false,
        false,
        false,
        false,
        false,
        false,
        false,
        false,
        false,
        false,
        false,
        false,
        false,
        false,
        false,
        false,
        false,
        false,
        false,
        false,
        false,
        false,
        false,
        false,
        false,
        false,
        false,
        false,
        false,
        false,
        false,
        false,
        false,
        false,
        false,
        false,
        false,
        false,
        false,
        false,
        false,
        false,
        false,
        false,
        false,
        false,
        false,
        false,
        false,
        false,
        false,
        false,
        false,
        false,
        false,
        false,
        false,
        false,
        false,
        false,
        false
    ],
    "stop_sign_hazard": false,
    "angle": -0.00027746084077435394,
    "ego_matrix": [
        [
            -0.0025600509252399206,
            0.9999967217445374,
            -1.0685260349418968e-05,
            -41.52763748168945
        ],
        [
            -0.9999930262565613,
            -0.002560070715844631,
            -0.002717473078519106,
            99.39773559570312
        ],
        [
            -0.0027174914721399546,
            3.728316869455739e-06,
            0.9999963045120239,
            0.03476985916495323
        ],
        [
            0.0,
            0.0,
            0.0,
            1.0
        ]
    ]
}