{
    "x": -99.31148668906702,
    "y": -41.527858790732566,
    "theta": 6.28057861328125,
    "speed": -0.00029007520059177365,
    "target_speed": 4.0,
    "x_command": -82.62922440350494,
    "y_command": -41.57395940725048,
    "command": 4,
    "waypoints": [
        [
            -99.30693817138672,
            -41.52785873413086,
            6.280597380390302
        ],
        [
            -99.30693817138672,
            -41.52785873413086,
            6.280597380390302
        ],
        [
            -99.30693817138672,
            -41.52785873413086,
            6.280597380390302
        ],
        [
            -99.30693817138672,
            -41.52785873413086,
            6.280597380390302
        ],
        [
            -99.30693817138672,
            -41.52785873413086,
            6.280597380390302
        ],
        [
            -99.30693817138672,
            -41.52785873413086,
            6.280597380390302
        ],
        [
            -99.30693817138672,
            -41.52785873413086,
            6.280597380390302
        ],
        [
            -99.30693817138672,
            -41.52785873413086,
            6.280597380390302
        ]
    ],
    "steer": 0.0,
    "throttle": 0.0,
    "brake": true,
    "junction": false,
    "vehicle_hazard": [
        true,
        false,
        false,
        false,
        false,
        false,
        false,
        false,
        false,
        false,
        false,
        false,
        false,
        false,
        false,
        false,
        false,
        false,
        false,
        false,
        false,
        false,
        false,
        false,
        false,
        false,
        false,
        false,
        false,
        false,
        false,
        false,
        false,
        false,
        false,
        false,
        false,
        false,
        false,
        false,
        false,
        false,
        false,
        false,
        false,
        false,
        false,
        false,
        false,
        false,
        false,
        false,
        false,
        false,
        false,
        false,
        false,
        false,
        false,
        false,
        false,
        false,
        false,
        false,
        false,
        false,
        false,
        false,
        false,
        false,
        false,
        false,
        false,
        false,
        false,
        false,
        false,
        false,
        false,
        false
    ],
    "light_hazard": false,
    "walker_hazard": [
        false,
        false,
        false,
        false,
        false,
        false,
        false,
        false,
        false,
        false,
        false,
        false,
        false,
        false,
        false,
        false,
        false,
        false,
        false,
        false,
        false,
        false,
        false,
        false,
        false,
        false,
        false,
        false,
        false,
        false,
        false,
        false,
        false,
        false,
        false,
        false,
        false,
        false,
        false,
        false,
        false,
        false,
        false,
        false,
        false,
        false,
        false,
        false,
        false,
        false,
        false,
        false,
        false,
        false,
        false,
        false,
        false,
        false,
        false,
        false,
        false,
        false,
        false,
        false,
        false,
        false,
        false,
        false,
        false,
        false,
        false,
        false,
        false,
        false,
        false,
        false,
        false,
        false,
        false,
        false
    ],
    "stop_sign_hazard": false,
    "angle": -2.287416074057092e-05,
    "ego_matrix": [
        [
            -0.0025879547465592623,
            0.9999966621398926,
            -1.5110734921108815e-06,
            -41.52785873413086
        ],
        [
            -0.9999964833259583,
            -0.0025879552122205496,
            -0.0005838851211592555,
            99.30692291259766
        ],
        [
            -0.0005838870420120656,
            -0.0,
            0.9999998211860657,
            0.03370799869298935
        ],
        [
            0.0,
            0.0,
            0.0,
            1.0
        ]
    ]
}