{
    "x": -99.31127305812787,
    "y": -41.527858790732566,
    "theta": 6.280601501464844,
    "speed": -9.656786136871145e-06,
    "target_speed": 4.0,
    "x_command": -82.62922440350494,
    "y_command": -41.57395940725048,
    "command": 4,
    "waypoints": [
        [
            -99.30670928955078,
            -41.52785873413086,
            6.280597247232247
        ],
        [
            -99.30670928955078,
            -41.52785873413086,
            6.280597247232247
        ],
        [
            -99.30670928955078,
            -41.52785873413086,
            6.280597247232247
        ],
        [
            -99.30670928955078,
            -41.52785873413086,
            6.280597247232247
        ],
        [
            -99.30670928955078,
            -41.52785873413086,
            6.280597247232247
        ],
        [
            -99.30670928955078,
            -41.52785873413086,
            6.280597247232247
        ],
        [
            -99.30670928955078,
            -41.52785873413086,
            6.280597247232247
        ],
        [
            -99.30670928955078,
            -41.52785873413086,
            6.280597247232247
        ]
    ],
    "steer": 0.0,
    "throttle": 0.0,
    "brake": true,
    "junction": false,
    "vehicle_hazard": [
        true,
        false,
        false,
        false,
        false,
        false,
        false,
        false,
        false,
        false,
        false,
        false,
        false,
        false,
        false,
        false,
        false,
        false,
        false,
        false,
        false,
        false,
        false,
        false,
        false,
        false,
        false,
        false,
        false,
        false,
        false,
        false,
        false,
        false,
        false,
        false,
        false,
        false,
        false,
        false,
        false,
        false,
        false,
        false,
        false,
        false,
        false,
        false,
        false,
        false,
        false,
        false,
        false,
        false,
        false,
        false,
        false,
        false,
        false,
        false,
        false,
        false,
        false,
        false,
        false,
        false,
        false,
        false,
        false,
        false,
        false,
        false,
        false,
        false,
        false,
        false,
        false,
        false,
        false,
        false
    ],
    "light_hazard": false,
    "walker_hazard": [
        false,
        false,
        false,
        false,
        false,
        false,
        false,
        false,
        false,
        false,
        false,
        false,
        false,
        false,
        false,
        false,
        false,
        false,
        false,
        false,
        false,
        false,
        false,
        false,
        false,
        false,
        false,
        false,
        false,
        false,
        false,
        false,
        false,
        false,
        false,
        false,
        false,
        false,
        false,
        false,
        false,
        false,
        false,
        false,
        false,
        false,
        false,
        false,
        false,
        false,
        false,
        false,
        false,
        false,
        false,
        false,
        false,
        false,
        false,
        false,
        false,
        false,
        false,
        false,
        false,
        false,
        false,
        false,
        false,
        false,
        false,
        false,
        false,
        false,
        false,
        false,
        false,
        false,
        false,
        false
    ],
    "stop_sign_hazard": false,
    "angle": -2.2877451383887744e-05,
    "ego_matrix": [
        [
            -0.0025880744215101004,
            0.9999966621398926,
            -1.0890843782362936e-07,
            -41.52785873413086
        ],
        [
            -0.9999966621398926,
            -0.0025880744215101004,
            -4.20807336922735e-05,
            99.30670928955078
        ],
        [
            -4.2080875573446974e-05,
            -0.0,
            1.0,
            0.033438339829444885
        ],
        [
            0.0,
            0.0,
            0.0,
            1.0
        ]
    ]
}