{
    "x": -99.31125016791216,
    "y": -41.527858790732566,
    "theta": 6.280601501464844,
    "speed": -1.2079440259018839e-06,
    "target_speed": 4.0,
    "x_command": -82.62922440350494,
    "y_command": -41.57395940725048,
    "command": 4,
    "waypoints": [
        [
            -99.30668640136719,
            -41.52785873413086,
            6.280597247232247
        ],
        [
            -99.30668640136719,
            -41.52785873413086,
            6.280597247232247
        ],
        [
            -99.30668640136719,
            -41.52785873413086,
            6.280597247232247
        ],
        [
            -99.30668640136719,
            -41.52785873413086,
            6.280597247232247
        ],
        [
            -99.30668640136719,
            -41.52785873413086,
            6.280597247232247
        ],
        [
            -99.30668640136719,
            -41.52785873413086,
            6.280597247232247
        ],
        [
            -99.30668640136719,
            -41.52785873413086,
            6.280597247232247
        ],
        [
            -99.30668640136719,
            -41.52785873413086,
            6.280597247232247
        ]
    ],
    "steer": -0.0,
    "throttle": 0.0,
    "brake": true,
    "junction": false,
    "vehicle_hazard": [
        true,
        false,
        false,
        false,
        false,
        false,
        false,
        false,
        false,
        false,
        false,
        false,
        false,
        false,
        false,
        false,
        false,
        false,
        false,
        false,
        false,
        false,
        false,
        false,
        false,
        false,
        false,
        false,
        false,
        false,
        false,
        false,
        false,
        false,
        false,
        false,
        false,
        false,
        false,
        false,
        false,
        false,
        false,
        false,
        false,
        false,
        false,
        false,
        false,
        false,
        false,
        false,
        false,
        false,
        false,
        false,
        false,
        false,
        false,
        false,
        false,
        false,
        false,
        false,
        false,
        false,
        false,
        false,
        false,
        false,
        false,
        false,
        false,
        false,
        false,
        false,
        false,
        false,
        false,
        false
    ],
    "light_hazard": false,
    "walker_hazard": [
        false,
        false,
        false,
        false,
        false,
        false,
        false,
        false,
        false,
        false,
        false,
        false,
        false,
        false,
        false,
        false,
        false,
        false,
        false,
        false,
        false,
        false,
        false,
        false,
        false,
        false,
        false,
        false,
        false,
        false,
        false,
        false,
        false,
        false,
        false,
        false,
        false,
        false,
        false,
        false,
        false,
        false,
        false,
        false,
        false,
        false,
        false,
        false,
        false,
        false,
        false,
        false,
        false,
        false,
        false,
        false,
        false,
        false,
        false,
        false,
        false,
        false,
        false,
        false,
        false,
        false,
        false,
        false,
        false,
        false,
        false,
        false,
        false,
        false,
        false,
        false,
        false,
        false,
        false,
        false
    ],
    "stop_sign_hazard": false,
    "angle": -2.28863620805108e-05,
    "ego_matrix": [
        [
            -0.0025880744215101004,
            0.9999966621398926,
            -8.330220957475376e-09,
            -41.52785873413086
        ],
        [
            -0.9999966621398926,
            -0.0025880744215101004,
            -3.2186399039346725e-06,
            99.30668640136719
        ],
        [
            -3.2186505904974183e-06,
            1.1368683094535245e-13,
            1.0,
            0.03341880813241005
        ],
        [
            0.0,
            0.0,
            0.0,
            1.0
        ]
    ]
}