{
    "x": 49.95986880322461,
    "y": -91.35294354492254,
    "theta": 0.8034864068031311,
    "speed": 0.0,
    "target_speed": 4.0,
    "x_command": 58.196419029130126,
    "y_command": -67.15464791867899,
    "command": 4,
    "waypoints": [
        [
            49.98970031738281,
            -91.31790924072266,
            0.8043174595184529
        ],
        [
            50.092716217041016,
            -91.20455932617188,
            0.8072909454545536
        ],
        [
            50.2655029296875,
            -91.01187896728516,
            0.8127736617697271
        ],
        [
            50.50629425048828,
            -90.73832702636719,
            0.821149769451217
        ],
        [
            50.81197738647461,
            -90.38121795654297,
            0.8331527030632314
        ],
        [
            51.180763244628906,
            -89.93914794921875,
            0.8477584105876074
        ],
        [
            51.60832977294922,
            -89.40867614746094,
            0.8654083109750258
        ],
        [
            52.08931350708008,
            -88.78580474853516,
            0.8865777119010384
        ]
    ],
    "steer": 0.072,
    "throttle": 0.75,
    "brake": false,
    "junction": false,
    "vehicle_hazard": [
        false,
        false,
        false,
        false,
        false,
        false,
        false,
        false,
        false,
        false,
        false,
        false,
        false,
        false,
        false,
        false,
        false,
        false,
        false,
        false,
        false,
        false,
        false,
        false,
        false,
        false,
        false,
        false,
        false,
        false,
        false,
        false,
        false,
        false,
        false,
        false,
        false,
        false,
        false,
        false,
        false,
        false,
        false,
        false,
        false,
        false,
        false,
        false,
        false,
        false,
        false,
        false,
        false,
        false,
        false,
        false,
        false,
        false,
        false,
        false,
        false,
        false,
        false,
        false,
        false,
        false,
        false,
        false,
        false,
        false,
        false,
        false,
        false,
        false,
        false,
        false,
        false,
        false,
        false,
        false
    ],
    "light_hazard": false,
    "walker_hazard": [
        false,
        false,
        false,
        false,
        false,
        false,
        false,
        false,
        false,
        false,
        false,
        false,
        false,
        false,
        false,
        false,
        false,
        false,
        false,
        false,
        false,
        false,
        false,
        false,
        false,
        false,
        false,
        false,
        false,
        false,
        false,
        false,
        false,
        false,
        false,
        false,
        false,
        false,
        false,
        false,
        false,
        false,
        false,
        false,
        false,
        false,
        false,
        false,
        false,
        false,
        false,
        false,
        false,
        false,
        false,
        false,
        false,
        false,
        false,
        false,
        false,
        false,
        false,
        false,
        false,
        false,
        false,
        false,
        false,
        false,
        false,
        false,
        false,
        false,
        false,
        false,
        false,
        false,
        false,
        false
    ],
    "stop_sign_hazard": false,
    "angle": 0.05644332606905455,
    "ego_matrix": [
        [
            0.7197808623313904,
            0.6942013502120972,
            0.0,
            -91.35294342041016
        ],
        [
            -0.6942013502120972,
            0.7197808623313904,
            0.0,
            -49.95757293701172
        ],
        [
            0.0,
            -0.0,
            1.0,
            0.2350168526172638
        ],
        [
            0.0,
            0.0,
            0.0,
            1.0
        ]
    ]
}