{
    "x": 49.95988787603134,
    "y": -91.35294354492254,
    "theta": 0.8034869432449341,
    "speed": 1.7020150765814617e-05,
    "target_speed": 4.0,
    "x_command": 58.196419029130126,
    "y_command": -67.15464791867899,
    "command": 4,
    "waypoints": [
        [
            49.98960494995117,
            -91.31779479980469,
            0.8044316425501901
        ],
        [
            50.09223175048828,
            -91.2040786743164,
            0.8077491423201018
        ],
        [
            50.26431655883789,
            -91.01075744628906,
            0.8137756095508422
        ],
        [
            50.50458908081055,
            -90.73674011230469,
            0.8223420666712454
        ],
        [
            50.81014633178711,
            -90.37950897216797,
            0.8341116407927417
        ],
        [
            51.17888259887695,
            -89.93739318847656,
            0.8484303927096617
        ],
        [
            51.60653305053711,
            -89.40697479248047,
            0.8657598482389163
        ],
        [
            52.087703704833984,
            -88.78423309326172,
            0.8866464214571625
        ]
    ],
    "steer": 0.067,
    "throttle": 0.75,
    "brake": false,
    "junction": false,
    "vehicle_hazard": [
        false,
        false,
        false,
        false,
        false,
        false,
        false,
        false,
        false,
        false,
        false,
        false,
        false,
        false,
        false,
        false,
        false,
        false,
        false,
        false,
        false,
        false,
        false,
        false,
        false,
        false,
        false,
        false,
        false,
        false,
        false,
        false,
        false,
        false,
        false,
        false,
        false,
        false,
        false,
        false,
        false,
        false,
        false,
        false,
        false,
        false,
        false,
        false,
        false,
        false,
        false,
        false,
        false,
        false,
        false,
        false,
        false,
        false,
        false,
        false,
        false,
        false,
        false,
        false,
        false,
        false,
        false,
        false,
        false,
        false,
        false,
        false,
        false,
        false,
        false,
        false,
        false,
        false,
        false,
        false
    ],
    "light_hazard": false,
    "walker_hazard": [
        false,
        false,
        false,
        false,
        false,
        false,
        false,
        false,
        false,
        false,
        false,
        false,
        false,
        false,
        false,
        false,
        false,
        false,
        false,
        false,
        false,
        false,
        false,
        false,
        false,
        false,
        false,
        false,
        false,
        false,
        false,
        false,
        false,
        false,
        false,
        false,
        false,
        false,
        false,
        false,
        false,
        false,
        false,
        false,
        false,
        false,
        false,
        false,
        false,
        false,
        false,
        false,
        false,
        false,
        false,
        false,
        false,
        false,
        false,
        false,
        false,
        false,
        false,
        false,
        false,
        false,
        false,
        false,
        false,
        false,
        false,
        false,
        false,
        false,
        false,
        false,
        false,
        false,
        false,
        false
    ],
    "stop_sign_hazard": false,
    "angle": 0.056071298226479806,
    "ego_matrix": [
        [
            0.719781219959259,
            0.6942009329795837,
            -4.170800093561411e-05,
            -91.35294342041016
        ],
        [
            -0.6942009329795837,
            0.719781219959259,
            1.7461716197431087e-06,
            -49.95759201049805
        ],
        [
            3.123283022432588e-05,
            2.7696873075910844e-05,
            1.0,
            0.01827373541891575
        ],
        [
            0.0,
            0.0,
            0.0,
            1.0
        ]
    ]
}