{
    "x": 49.95988787603134,
    "y": -91.35296643310616,
    "theta": 0.8034869432449341,
    "speed": 5.657057065228177e-07,
    "target_speed": 4.0,
    "x_command": 58.196419029130126,
    "y_command": -67.15464791867899,
    "command": 4,
    "waypoints": [
        [
            49.98948287963867,
            -91.31771087646484,
            0.8045431624208371
        ],
        [
            50.091697692871094,
            -91.20364379882812,
            0.8082157281430836
        ],
        [
            50.263450622558594,
            -91.01004028320312,
            0.8144357406060455
        ],
        [
            50.50363540649414,
            -90.73595428466797,
            0.8229197063116838
        ],
        [
            50.809139251708984,
            -90.37869262695312,
            0.8345586523817115
        ],
        [
            51.17786407470703,
            -89.93656921386719,
            0.8487341262319852
        ],
        [
            51.60557174682617,
            -89.40621185302734,
            0.8658934057675838
        ],
        [
            52.08683776855469,
            -88.78355407714844,
            0.8866478861957621
        ]
    ],
    "steer": 0.075,
    "throttle": 0.75,
    "brake": false,
    "junction": false,
    "vehicle_hazard": [
        false,
        false,
        false,
        false,
        false,
        false,
        false,
        false,
        false,
        false,
        false,
        false,
        false,
        false,
        false,
        false,
        false,
        false,
        false,
        false,
        false,
        false,
        false,
        false,
        false,
        false,
        false,
        false,
        false,
        false,
        false,
        false,
        false,
        false,
        false,
        false,
        false,
        false,
        false,
        false,
        false,
        false,
        false,
        false,
        false,
        false,
        false,
        false,
        false,
        false,
        false,
        false,
        false,
        false,
        false,
        false,
        false,
        false,
        false,
        false,
        false,
        false,
        false,
        false,
        false,
        false,
        false,
        false,
        false,
        false,
        false,
        false,
        false,
        false,
        false,
        false,
        false,
        false,
        false,
        false
    ],
    "light_hazard": false,
    "walker_hazard": [
        false,
        false,
        false,
        false,
        false,
        false,
        false,
        false,
        false,
        false,
        false,
        false,
        false,
        false,
        false,
        false,
        false,
        false,
        false,
        false,
        false,
        false,
        false,
        false,
        false,
        false,
        false,
        false,
        false,
        false,
        false,
        false,
        false,
        false,
        false,
        false,
        false,
        false,
        false,
        false,
        false,
        false,
        false,
        false,
        false,
        false,
        false,
        false,
        false,
        false,
        false,
        false,
        false,
        false,
        false,
        false,
        false,
        false,
        false,
        false,
        false,
        false,
        false,
        false,
        false,
        false,
        false,
        false,
        false,
        false,
        false,
        false,
        false,
        false,
        false,
        false,
        false,
        false,
        false,
        false
    ],
    "stop_sign_hazard": false,
    "angle": 0.05590758141358114,
    "ego_matrix": [
        [
            0.719781219959259,
            0.6942009329795837,
            -1.9673072984005557e-06,
            -91.35296630859375
        ],
        [
            -0.6942009329795837,
            0.719781219959259,
            -3.225841851417499e-07,
            -49.95759201049805
        ],
        [
            1.1920927818209748e-06,
            1.5978966985130683e-06,
            1.0,
            0.033102262765169144
        ],
        [
            0.0,
            0.0,
            0.0,
            1.0
        ]
    ]
}