{
    "x": 49.95988787603134,
    "y": -91.35296643310616,
    "theta": 0.8034869432449341,
    "speed": 1.6912443689005536e-08,
    "target_speed": 4.0,
    "x_command": 58.196419029130126,
    "y_command": -67.15464791867899,
    "command": 4,
    "waypoints": [
        [
            49.98936080932617,
            -91.3176040649414,
            0.8046572122945197
        ],
        [
            50.09141540527344,
            -91.2033920288086,
            0.8084578760651991
        ],
        [
            50.26314163208008,
            -91.009765625,
            0.8146640400904925
        ],
        [
            50.50331115722656,
            -90.73565673828125,
            0.8231089904861612
        ],
        [
            50.80879592895508,
            -90.37838745117188,
            0.8347083886140012
        ],
        [
            51.177513122558594,
            -89.9362564086914,
            0.8488363916178443
        ],
        [
            51.605220794677734,
            -89.40589904785156,
            0.8659587863723452
        ],
        [
            52.08654022216797,
            -88.78328704833984,
            0.8866490180392254
        ]
    ],
    "steer": 0.084,
    "throttle": 0.75,
    "brake": false,
    "junction": false,
    "vehicle_hazard": [
        false,
        false,
        false,
        false,
        false,
        false,
        false,
        false,
        false,
        false,
        false,
        false,
        false,
        false,
        false,
        false,
        false,
        false,
        false,
        false,
        false,
        false,
        false,
        false,
        false,
        false,
        false,
        false,
        false,
        false,
        false,
        false,
        false,
        false,
        false,
        false,
        false,
        false,
        false,
        false,
        false,
        false,
        false,
        false,
        false,
        false,
        false,
        false,
        false,
        false,
        false,
        false,
        false,
        false,
        false,
        false,
        false,
        false,
        false,
        false,
        false,
        false,
        false,
        false,
        false,
        false,
        false,
        false,
        false,
        false,
        false,
        false,
        false,
        false,
        false,
        false,
        false,
        false,
        false,
        false
    ],
    "light_hazard": false,
    "walker_hazard": [
        false,
        false,
        false,
        false,
        false,
        false,
        false,
        false,
        false,
        false,
        false,
        false,
        false,
        false,
        false,
        false,
        false,
        false,
        false,
        false,
        false,
        false,
        false,
        false,
        false,
        false,
        false,
        false,
        false,
        false,
        false,
        false,
        false,
        false,
        false,
        false,
        false,
        false,
        false,
        false,
        false,
        false,
        false,
        false,
        false,
        false,
        false,
        false,
        false,
        false,
        false,
        false,
        false,
        false,
        false,
        false,
        false,
        false,
        false,
        false,
        false,
        false,
        false,
        false,
        false,
        false,
        false,
        false,
        false,
        false,
        false,
        false,
        false,
        false,
        false,
        false,
        false,
        false,
        false,
        false
    ],
    "stop_sign_hazard": false,
    "angle": 0.05584817353863203,
    "ego_matrix": [
        [
            0.719781219959259,
            0.6942009329795837,
            -1.9673072984005557e-06,
            -91.35296630859375
        ],
        [
            -0.6942009329795837,
            0.719781219959259,
            -3.225841851417499e-07,
            -49.95759201049805
        ],
        [
            1.1920927818209748e-06,
            1.5978966985130683e-06,
            1.0,
            0.0334027074277401
        ],
        [
            0.0,
            0.0,
            0.0,
            1.0
        ]
    ]
}