{
    "x": 49.95988787603134,
    "y": -91.35296643310616,
    "theta": 0.8034869432449341,
    "speed": 2.9450817200060187e-09,
    "target_speed": 4.0,
    "x_command": 58.196419029130126,
    "y_command": -67.15464791867899,
    "command": 4,
    "waypoints": [
        [
            49.98932647705078,
            -91.31757354736328,
            0.8046879718051101
        ],
        [
            50.09138488769531,
            -91.20336151123047,
            0.8084842413599909
        ],
        [
            50.26310348510742,
            -91.00972747802734,
            0.8146904719643115
        ],
        [
            50.503265380859375,
            -90.7356185913086,
            0.82313542235998
        ],
        [
            50.808773040771484,
            -90.37836456298828,
            0.8347092541413554
        ],
        [
            51.177513122558594,
            -89.9362564086914,
            0.8488202794932493
        ],
        [
            51.605228424072266,
            -89.4059066772461,
            0.865942607668723
        ],
        [
            52.0865592956543,
            -88.78329467773438,
            0.8866329059146304
        ]
    ],
    "steer": 0.092,
    "throttle": 0.75,
    "brake": false,
    "junction": false,
    "vehicle_hazard": [
        false,
        false,
        false,
        false,
        false,
        false,
        false,
        false,
        false,
        false,
        false,
        false,
        false,
        false,
        false,
        false,
        false,
        false,
        false,
        false,
        false,
        false,
        false,
        false,
        false,
        false,
        false,
        false,
        false,
        false,
        false,
        false,
        false,
        false,
        false,
        false,
        false,
        false,
        false,
        false,
        false,
        false,
        false,
        false,
        false,
        false,
        false,
        false,
        false,
        false,
        false,
        false,
        false,
        false,
        false,
        false,
        false,
        false,
        false,
        false,
        false,
        false,
        false,
        false,
        false,
        false,
        false,
        false,
        false,
        false,
        false,
        false,
        false,
        false,
        false,
        false,
        false,
        false,
        false,
        false
    ],
    "light_hazard": false,
    "walker_hazard": [
        false,
        false,
        false,
        false,
        false,
        false,
        false,
        false,
        false,
        false,
        false,
        false,
        false,
        false,
        false,
        false,
        false,
        false,
        false,
        false,
        false,
        false,
        false,
        false,
        false,
        false,
        false,
        false,
        false,
        false,
        false,
        false,
        false,
        false,
        false,
        false,
        false,
        false,
        false,
        false,
        false,
        false,
        false,
        false,
        false,
        false,
        false,
        false,
        false,
        false,
        false,
        false,
        false,
        false,
        false,
        false,
        false,
        false,
        false,
        false,
        false,
        false,
        false,
        false,
        false,
        false,
        false,
        false,
        false,
        false,
        false,
        false,
        false,
        false,
        false,
        false,
        false,
        false,
        false,
        false
    ],
    "stop_sign_hazard": false,
    "angle": 0.05586132429377398,
    "ego_matrix": [
        [
            0.719781219959259,
            0.6942009329795837,
            -1.9673072984005557e-06,
            -91.35296630859375
        ],
        [
            -0.6942009329795837,
            0.719781219959259,
            -3.225841851417499e-07,
            -49.95759201049805
        ],
        [
            1.1920927818209748e-06,
            1.5978966985130683e-06,
            1.0,
            0.03341575711965561
        ],
        [
            0.0,
            0.0,
            0.0,
            1.0
        ]
    ]
}