{
    "x": 50.20109082433661,
    "y": -91.07466900841044,
    "theta": 0.8206301927566528,
    "speed": 2.5302639166782397,
    "target_speed": 4.0,
    "x_command": 58.196419029130126,
    "y_command": -67.15464791867899,
    "command": 4,
    "waypoints": [
        [
            51.05261993408203,
            -90.07771301269531,
            0.8464922772263566
        ],
        [
            51.93663787841797,
            -88.96871948242188,
            0.8819313613262044
        ],
        [
            52.837677001953125,
            -87.73986053466797,
            0.9230003679704799
        ],
        [
            53.737979888916016,
            -86.38179779052734,
            0.9706647596333638
        ],
        [
            54.615997314453125,
            -84.88542175292969,
            1.0258862370739976
        ],
        [
            55.448551177978516,
            -83.2439956665039,
            1.0881409232164487
        ],
        [
            56.2107048034668,
            -81.45748138427734,
            1.1555419351388827
        ],
        [
            56.8635139465332,
            -79.57359313964844,
            1.2257137997279757
        ]
    ],
    "steer": 0.078,
    "throttle": 0.75,
    "brake": false,
    "junction": false,
    "vehicle_hazard": [
        false,
        false,
        false,
        false,
        false,
        false,
        false,
        false,
        false,
        false,
        false,
        false,
        false,
        false,
        false,
        false,
        false,
        false,
        false,
        false,
        false,
        false,
        false,
        false,
        false,
        false,
        false,
        false,
        false,
        false,
        false,
        false,
        false,
        false,
        false,
        false,
        false,
        false,
        false,
        false,
        false,
        false,
        false,
        false,
        false,
        false,
        false,
        false,
        false,
        false,
        false,
        false,
        false,
        false,
        false,
        false,
        false,
        false,
        false,
        false,
        false,
        false,
        false,
        false,
        false,
        false,
        false,
        false,
        false,
        false,
        false,
        false,
        false,
        false,
        false,
        false,
        false,
        false,
        false,
        false
    ],
    "light_hazard": false,
    "walker_hazard": [
        false,
        false,
        false,
        false,
        false,
        false,
        false,
        false,
        false,
        false,
        false,
        false,
        false,
        false,
        false,
        false,
        false,
        false,
        false,
        false,
        false,
        false,
        false,
        false,
        false,
        false,
        false,
        false,
        false,
        false,
        false,
        false,
        false,
        false,
        false,
        false,
        false,
        false,
        false,
        false,
        false,
        false,
        false,
        false,
        false,
        false,
        false,
        false,
        false,
        false,
        false,
        false,
        false,
        false,
        false,
        false,
        false,
        false,
        false,
        false,
        false,
        false,
        false,
        false,
        false,
        false,
        false,
        false,
        false,
        false,
        false,
        false,
        false,
        false,
        false,
        false,
        false,
        false,
        false,
        false
    ],
    "stop_sign_hazard": false,
    "angle": 0.06399252653284387,
    "ego_matrix": [
        [
            0.7285347580909729,
            0.6850027441978455,
            -0.002883048728108406,
            -91.07466888427734
        ],
        [
            -0.6850007176399231,
            0.7285401821136475,
            0.0017932443879544735,
            -50.19878387451172
        ],
        [
            0.003328793914988637,
            0.0006684496183879673,
            0.9999942183494568,
            0.03176071122288704
        ],
        [
            0.0,
            0.0,
            0.0,
            1.0
        ]
    ]
}