{
    "x": 51.40825384185072,
    "y": -89.61219799811634,
    "theta": 0.8764542937278748,
    "speed": 4.445330039705021,
    "target_speed": 4.0,
    "x_command": 58.196419029130126,
    "y_command": -67.15464791867899,
    "command": 4,
    "waypoints": [
        [
            52.747032165527344,
            -87.83224487304688,
            0.9215639254575184
        ],
        [
            53.981201171875,
            -85.96319580078125,
            0.983004782860355
        ],
        [
            55.08010482788086,
            -84.00382232666016,
            1.054352466360232
        ],
        [
            56.02284622192383,
            -81.9621353149414,
            1.1327018666820359
        ],
        [
            56.795318603515625,
            -79.84996795654297,
            1.2137371981212395
        ],
        [
            57.391571044921875,
            -77.68140411376953,
            1.295520827892485
        ],
        [
            57.81709289550781,
            -75.4729995727539,
            1.3741861956328703
        ],
        [
            58.075740814208984,
            -73.23880004882812,
            1.449233950315627
        ]
    ],
    "steer": 0.067,
    "throttle": 0.10779976686249822,
    "brake": false,
    "junction": false,
    "vehicle_hazard": [
        false,
        false,
        false,
        false,
        false,
        false,
        false,
        false,
        false,
        false,
        false,
        false,
        false,
        false,
        false,
        false,
        false,
        false,
        false,
        false,
        false,
        false,
        false,
        false,
        false,
        false,
        false,
        false,
        false,
        false,
        false,
        false,
        false,
        false,
        false,
        false,
        false,
        false,
        false,
        false,
        false,
        false,
        false,
        false,
        false,
        false,
        false,
        false,
        false,
        false,
        false,
        false,
        false,
        false,
        false,
        false,
        false,
        false,
        false,
        false,
        false,
        false,
        false,
        false,
        false,
        false,
        false,
        false,
        false,
        false,
        false,
        false,
        false,
        false,
        false,
        false,
        false,
        false,
        false,
        false
    ],
    "light_hazard": false,
    "walker_hazard": [
        false,
        false,
        false,
        false,
        false,
        false,
        false,
        false,
        false,
        false,
        false,
        false,
        false,
        false,
        false,
        false,
        false,
        false,
        false,
        false,
        false,
        false,
        false,
        false,
        false,
        false,
        false,
        false,
        false,
        false,
        false,
        false,
        false,
        false,
        false,
        false,
        false,
        false,
        false,
        false,
        false,
        false,
        false,
        false,
        false,
        false,
        false,
        false,
        false,
        false,
        false,
        false,
        false,
        false,
        false,
        false,
        false,
        false,
        false,
        false,
        false,
        false,
        false,
        false,
        false,
        false,
        false,
        false,
        false,
        false,
        false,
        false,
        false,
        false,
        false,
        false,
        false,
        false,
        false,
        false
    ],
    "stop_sign_hazard": false,
    "angle": 0.051881492663674984,
    "ego_matrix": [
        [
            0.7644403576850891,
            0.6446921229362488,
            -0.0017474197084084153,
            -89.61219787597656
        ],
        [
            -0.6446925401687622,
            0.7644418478012085,
            0.00037489982787519693,
            -51.40589141845703
        ],
        [
            0.0015774957137182355,
            0.000839959888253361,
            0.9999983906745911,
            0.03263236954808235
        ],
        [
            0.0,
            0.0,
            0.0,
            1.0
        ]
    ]
}