{
    "x": 52.63654744095773,
    "y": -87.9562226540624,
    "theta": 0.9307493567466736,
    "speed": 3.711279999138371,
    "target_speed": 4.0,
    "x_command": 58.196419029130126,
    "y_command": -67.15464791867899,
    "command": 4,
    "waypoints": [
        [
            53.694828033447266,
            -86.37646484375,
            0.9715154398645625
        ],
        [
            54.703670501708984,
            -84.67447662353516,
            1.0273405893452898
        ],
        [
            55.605072021484375,
            -82.89092254638672,
            1.0927474928224996
        ],
        [
            56.375850677490234,
            -81.04147338867188,
            1.1648838049001762
        ],
        [
            57.00836944580078,
            -79.13639068603516,
            1.238599338214756
        ],
        [
            57.50068283081055,
            -77.18930053710938,
            1.3117400282080425
        ],
        [
            57.85658264160156,
            -75.21256256103516,
            1.3816544150539953
        ],
        [
            58.078338623046875,
            -73.21629333496094,
            1.44939656958969
        ]
    ],
    "steer": 0.083,
    "throttle": 0.75,
    "brake": false,
    "junction": false,
    "vehicle_hazard": [
        false,
        false,
        false,
        false,
        false,
        false,
        false,
        false,
        false,
        false,
        false,
        false,
        false,
        false,
        false,
        false,
        false,
        false,
        false,
        false,
        false,
        false,
        false,
        false,
        false,
        false,
        false,
        false,
        false,
        false,
        false,
        false,
        false,
        false,
        false,
        false,
        false,
        false,
        false,
        false,
        false,
        false,
        false,
        false,
        false,
        false,
        false,
        false,
        false,
        false,
        false,
        false,
        false,
        false,
        false,
        false,
        false,
        false,
        false,
        false,
        false,
        false,
        false,
        false,
        false,
        false,
        false,
        false,
        false,
        false,
        false,
        false,
        false,
        false,
        false,
        false,
        false,
        false,
        false,
        false
    ],
    "light_hazard": false,
    "walker_hazard": [
        false,
        false,
        false,
        false,
        false,
        false,
        false,
        false,
        false,
        false,
        false,
        false,
        false,
        false,
        false,
        false,
        false,
        false,
        false,
        false,
        false,
        false,
        false,
        false,
        false,
        false,
        false,
        false,
        false,
        false,
        false,
        false,
        false,
        false,
        false,
        false,
        false,
        false,
        false,
        false,
        false,
        false,
        false,
        false,
        false,
        false,
        false,
        false,
        false,
        false,
        false,
        false,
        false,
        false,
        false,
        false,
        false,
        false,
        false,
        false,
        false,
        false,
        false,
        false,
        false,
        false,
        false,
        false,
        false,
        false,
        false,
        false,
        false,
        false,
        false,
        false,
        false,
        false,
        false,
        false
    ],
    "stop_sign_hazard": false,
    "angle": 0.05207598222524186,
    "ego_matrix": [
        [
            0.7992015480995178,
            0.601063072681427,
            0.00020237581338733435,
            -87.95622253417969
        ],
        [
            -0.6010627746582031,
            0.7992013692855835,
            -0.0008473152993246913,
            -52.63412857055664
        ],
        [
            -0.0006710290326736867,
            0.0005555351381190121,
            0.9999995827674866,
            0.03375156223773956
        ],
        [
            0.0,
            0.0,
            0.0,
            1.0
        ]
    ]
}