{
    "x": 53.703502446703645,
    "y": -86.3282090410036,
    "theta": 0.9876865148544312,
    "speed": 4.16016586092564,
    "target_speed": 4.0,
    "x_command": 58.196419029130126,
    "y_command": -67.15464791867899,
    "command": 4,
    "waypoints": [
        [
            54.75534439086914,
            -84.5311279296875,
            1.0343506618351372
        ],
        [
            55.69049835205078,
            -82.66300201416016,
            1.098959349354623
        ],
        [
            56.486900329589844,
            -80.72820281982422,
            1.171678627394918
        ],
        [
            57.12966537475586,
            -78.73485565185547,
            1.249292029859965
        ],
        [
            57.61479949951172,
            -76.69720458984375,
            1.3270852789223766
        ],
        [
            57.94541931152344,
            -74.62882232666016,
            1.4025553526973713
        ],
        [
            58.13032913208008,
            -72.54224395751953,
            1.472797616285405
        ],
        [
            58.201171875,
            -70.44849395751953,
            1.5283961723692587
        ]
    ],
    "steer": 0.077,
    "throttle": 0.067886724994797,
    "brake": false,
    "junction": false,
    "vehicle_hazard": [
        false,
        false,
        false,
        false,
        false,
        false,
        false,
        false,
        false,
        false,
        false,
        false,
        false,
        false,
        false,
        false,
        false,
        false,
        false,
        false,
        false,
        false,
        false,
        false,
        false,
        false,
        false,
        false,
        false,
        false,
        false,
        false,
        false,
        false,
        false,
        false,
        false,
        false,
        false,
        false,
        false,
        false,
        false,
        false,
        false,
        false,
        false,
        false,
        false,
        false,
        false,
        false,
        false,
        false,
        false,
        false,
        false,
        false,
        false,
        false,
        false,
        false,
        false,
        false,
        false,
        false,
        false,
        false,
        false,
        false,
        false,
        false,
        false,
        false,
        false,
        false,
        false,
        false,
        false,
        false
    ],
    "light_hazard": false,
    "walker_hazard": [
        false,
        false,
        false,
        false,
        false,
        false,
        false,
        false,
        false,
        false,
        false,
        false,
        false,
        false,
        false,
        false,
        false,
        false,
        false,
        false,
        false,
        false,
        false,
        false,
        false,
        false,
        false,
        false,
        false,
        false,
        false,
        false,
        false,
        false,
        false,
        false,
        false,
        false,
        false,
        false,
        false,
        false,
        false,
        false,
        false,
        false,
        false,
        false,
        false,
        false,
        false,
        false,
        false,
        false,
        false,
        false,
        false,
        false,
        false,
        false,
        false,
        false,
        false,
        false,
        false,
        false,
        false,
        false,
        false,
        false,
        false,
        false,
        false,
        false,
        false,
        false,
        false,
        false,
        false,
        false
    ],
    "stop_sign_hazard": false,
    "angle": 0.027911437067216393,
    "ego_matrix": [
        [
            0.8312680721282959,
            0.5558711886405945,
            -0.0007633711211383343,
            -86.32820892333984
        ],
        [
            -0.5558714866638184,
            0.8312682509422302,
            -0.0002539418637752533,
            -53.70103454589844
        ],
        [
            0.0004934071912430227,
            0.0006354300421662629,
            0.9999997019767761,
            0.033171843737363815
        ],
        [
            0.0,
            0.0,
            0.0,
            1.0
        ]
    ]
}