{
    "x": 54.662237147896285,
    "y": -84.65503704165279,
    "theta": 1.0469584465026855,
    "speed": 3.752360946100865,
    "target_speed": 4.0,
    "x_command": 58.196419029130126,
    "y_command": -67.15464791867899,
    "command": 4,
    "waypoints": [
        [
            55.5306396484375,
            -82.94166564941406,
            1.0916659831038185
        ],
        [
            56.31302261352539,
            -81.1176986694336,
            1.155526954857751
        ],
        [
            56.96870040893555,
            -79.22779846191406,
            1.2261618100023544
        ],
        [
            57.48362350463867,
            -77.28888702392578,
            1.2995538524682737
        ],
        [
            57.85271453857422,
            -75.31364440917969,
            1.3742932713534481
        ],
        [
            58.08072280883789,
            -73.31640625,
            1.4456597134942533
        ],
        [
            58.18739318847656,
            -71.30882263183594,
            1.5071039664274797
        ],
        [
            58.210693359375,
            -69.29837799072266,
            1.5508654330950145
        ]
    ],
    "steer": 0.078,
    "throttle": 0.75,
    "brake": false,
    "junction": false,
    "vehicle_hazard": [
        false,
        false,
        false,
        false,
        false,
        false,
        false,
        false,
        false,
        false,
        false,
        false,
        false,
        false,
        false,
        false,
        false,
        false,
        false,
        false,
        false,
        false,
        false,
        false,
        false,
        false,
        false,
        false,
        false,
        false,
        false,
        false,
        false,
        false,
        false,
        false,
        false,
        false,
        false,
        false,
        false,
        false,
        false,
        false,
        false,
        false,
        false,
        false,
        false,
        false,
        false,
        false,
        false,
        false,
        false,
        false,
        false,
        false,
        false,
        false,
        false,
        false,
        false,
        false,
        false,
        false,
        false,
        false,
        false,
        false,
        false,
        false,
        false,
        false,
        false,
        false,
        false,
        false,
        false,
        false
    ],
    "light_hazard": false,
    "walker_hazard": [
        false,
        false,
        false,
        false,
        false,
        false,
        false,
        false,
        false,
        false,
        false,
        false,
        false,
        false,
        false,
        false,
        false,
        false,
        false,
        false,
        false,
        false,
        false,
        false,
        false,
        false,
        false,
        false,
        false,
        false,
        false,
        false,
        false,
        false,
        false,
        false,
        false,
        false,
        false,
        false,
        false,
        false,
        false,
        false,
        false,
        false,
        false,
        false,
        false,
        false,
        false,
        false,
        false,
        false,
        false,
        false,
        false,
        false,
        false,
        false,
        false,
        false,
        false,
        false,
        false,
        false,
        false,
        false,
        false,
        false,
        false,
        false,
        false,
        false,
        false,
        false,
        false,
        false,
        false,
        false
    ],
    "stop_sign_hazard": false,
    "angle": 0.01808202098039151,
    "ego_matrix": [
        [
            0.8628227114677429,
            0.5055066347122192,
            -0.0001942968083312735,
            -84.65503692626953
        ],
        [
            -0.505506694316864,
            0.862822413444519,
            -0.0007436148589476943,
            -54.659725189208984
        ],
        [
            -0.00020825861429329962,
            0.0007398260640911758,
            0.9999997019767761,
            0.03352104127407074
        ],
        [
            0.0,
            0.0,
            0.0,
            1.0
        ]
    ]
}