{
    "x": 55.54495669693468,
    "y": -82.85585033265757,
    "theta": 1.1117973327636719,
    "speed": 3.8779274066980935,
    "target_speed": 4.0,
    "x_command": 58.196419029130126,
    "y_command": -67.15464791867899,
    "command": 4,
    "waypoints": [
        [
            56.3099250793457,
            -81.04344177246094,
            1.1616437032494449
        ],
        [
            56.96651840209961,
            -79.15880584716797,
            1.2260258556287058
        ],
        [
            57.485313415527344,
            -77.22537994384766,
            1.297764507821363
        ],
        [
            57.860408782958984,
            -75.25646209716797,
            1.3711480115270374
        ],
        [
            58.09006881713867,
            -73.2642822265625,
            1.4443461259313286
        ],
        [
            58.194007873535156,
            -71.26119995117188,
            1.5077625037472182
        ],
        [
            58.21358871459961,
            -69.25535583496094,
            1.5524251071456356
        ],
        [
            58.18754196166992,
            -67.24952697753906,
            1.5783798324830463
        ]
    ],
    "steer": 0.099,
    "throttle": 0.7457572370796735,
    "brake": false,
    "junction": false,
    "vehicle_hazard": [
        false,
        false,
        false,
        false,
        false,
        false,
        false,
        false,
        false,
        false,
        false,
        false,
        false,
        false,
        false,
        false,
        false,
        false,
        false,
        false,
        false,
        false,
        false,
        false,
        false,
        false,
        false,
        false,
        false,
        false,
        false,
        false,
        false,
        false,
        false,
        false,
        false,
        false,
        false,
        false,
        false,
        false,
        false,
        false,
        false,
        false,
        false,
        false,
        false,
        false,
        false,
        false,
        false,
        false,
        false,
        false,
        false,
        false,
        false,
        false,
        false,
        false,
        false,
        false,
        false,
        false,
        false,
        false,
        false,
        false,
        false,
        false,
        false,
        false,
        false,
        false,
        false,
        false,
        false,
        false
    ],
    "light_hazard": false,
    "walker_hazard": [
        false,
        false,
        false,
        false,
        false,
        false,
        false,
        false,
        false,
        false,
        false,
        false,
        false,
        false,
        false,
        false,
        false,
        false,
        false,
        false,
        false,
        false,
        false,
        false,
        false,
        false,
        false,
        false,
        false,
        false,
        false,
        false,
        false,
        false,
        false,
        false,
        false,
        false,
        false,
        false,
        false,
        false,
        false,
        false,
        false,
        false,
        false,
        false,
        false,
        false,
        false,
        false,
        false,
        false,
        false,
        false,
        false,
        false,
        false,
        false,
        false,
        false,
        false,
        false,
        false,
        false,
        false,
        false,
        false,
        false,
        false,
        false,
        false,
        false,
        false,
        false,
        false,
        false,
        false,
        false
    ],
    "stop_sign_hazard": false,
    "angle": 0.0030562900203260183,
    "ego_matrix": [
        [
            0.8937917947769165,
            0.4484821856021881,
            -0.00018040755821857601,
            -82.85585021972656
        ],
        [
            -0.4484821856021881,
            0.8937914967536926,
            -0.0007646273006685078,
            -55.54240417480469
        ],
        [
            -0.00018167495727539062,
            0.0007643271237611771,
            0.9999997019767761,
            0.03350795805454254
        ],
        [
            0.0,
            0.0,
            0.0,
            1.0
        ]
    ]
}