{
    "x": 56.267901755653305,
    "y": -81.07983409488533,
    "theta": 1.1799663305282593,
    "speed": 4.123084973423575,
    "target_speed": 4.0,
    "x_command": 58.196419029130126,
    "y_command": -67.15464791867899,
    "command": 4,
    "waypoints": [
        [
            56.941429138183594,
            -79.12921905517578,
            1.2302411070020833
        ],
        [
            57.482112884521484,
            -77.13038635253906,
            1.29818803365847
        ],
        [
            57.87308120727539,
            -75.0926513671875,
            1.3717977396092327
        ],
        [
            58.10897445678711,
            -73.02869415283203,
            1.4467612801448941
        ],
        [
            58.20924758911133,
            -70.95318603515625,
            1.5124013849874325
        ],
        [
            58.21952819824219,
            -68.8751220703125,
            1.558036129568702
        ],
        [
            58.1832160949707,
            -66.79727172851562,
            1.5834821406834885
        ],
        [
            58.10108184814453,
            -64.72084045410156,
            1.6085816766210503
        ]
    ],
    "steer": 0.092,
    "throttle": 0.05945879994982155,
    "brake": false,
    "junction": false,
    "vehicle_hazard": [
        false,
        false,
        false,
        false,
        false,
        false,
        false,
        false,
        false,
        false,
        false,
        false,
        false,
        false,
        false,
        false,
        false,
        false,
        false,
        false,
        false,
        false,
        false,
        false,
        false,
        false,
        false,
        false,
        false,
        false,
        false,
        false,
        false,
        false,
        false,
        false,
        false,
        false,
        false,
        false,
        false,
        false,
        false,
        false,
        false,
        false,
        false,
        false,
        false,
        false,
        false,
        false,
        false,
        false,
        false,
        false,
        false,
        false,
        false,
        false,
        false,
        false,
        false,
        false,
        false,
        false,
        false,
        false,
        false,
        false,
        false,
        false,
        false,
        false,
        false,
        false,
        false,
        false,
        false,
        false
    ],
    "light_hazard": false,
    "walker_hazard": [
        false,
        false,
        false,
        false,
        false,
        false,
        false,
        false,
        false,
        false,
        false,
        false,
        false,
        false,
        false,
        false,
        false,
        false,
        false,
        false,
        false,
        false,
        false,
        false,
        false,
        false,
        false,
        false,
        false,
        false,
        false,
        false,
        false,
        false,
        false,
        false,
        false,
        false,
        false,
        false,
        false,
        false,
        false,
        false,
        false,
        false,
        false,
        false,
        false,
        false,
        false,
        false,
        false,
        false,
        false,
        false,
        false,
        false,
        false,
        false,
        false,
        false,
        false,
        false,
        false,
        false,
        false,
        false,
        false,
        false,
        false,
        false,
        false,
        false,
        false,
        false,
        false,
        false,
        false,
        false
    ],
    "stop_sign_hazard": false,
    "angle": 0.038091666795572576,
    "ego_matrix": [
        [
            0.9216626882553101,
            0.38799142837524414,
            -0.0007414612919092178,
            -81.079833984375
        ],
        [
            -0.3879918158054352,
            0.9216626286506653,
            -0.000505601114127785,
            -56.265316009521484
        ],
        [
            0.00048720830818638206,
            0.0007536745397374034,
            0.9999995827674866,
            0.03317493200302124
        ],
        [
            0.0,
            0.0,
            0.0,
            1.0
        ]
    ]
}