{
    "x": 56.8781936247214,
    "y": -79.2247773296616,
    "theta": 1.2482672929763794,
    "speed": 3.678753360677159,
    "target_speed": 4.0,
    "x_command": 58.196419029130126,
    "y_command": -67.15464791867899,
    "command": 4,
    "waypoints": [
        [
            57.3758659362793,
            -77.40567016601562,
            1.2928613619384182
        ],
        [
            57.7774543762207,
            -75.47592163085938,
            1.3554106769212162
        ],
        [
            58.04905319213867,
            -73.49669647216797,
            1.4237896015959273
        ],
        [
            58.190155029296875,
            -71.49632263183594,
            1.4894735653726678
        ],
        [
            58.23001480102539,
            -69.4865493774414,
            1.541425078388253
        ],
        [
            58.20939254760742,
            -67.47504425048828,
            1.5743765606701352
        ],
        [
            58.147727966308594,
            -65.4642562866211,
            1.5983395606233637
        ],
        [
            58.00657272338867,
            -63.45773696899414,
            1.6376024717535909
        ]
    ],
    "steer": 0.087,
    "throttle": 0.75,
    "brake": false,
    "junction": false,
    "vehicle_hazard": [
        false,
        false,
        false,
        false,
        false,
        false,
        false,
        false,
        false,
        false,
        false,
        false,
        false,
        false,
        false,
        false,
        false,
        false,
        false,
        false,
        false,
        false,
        false,
        false,
        false,
        false,
        false,
        false,
        false,
        false,
        false,
        false,
        false,
        false,
        false,
        false,
        false,
        false,
        false,
        false,
        false,
        false,
        false,
        false,
        false,
        false,
        false,
        false,
        false,
        false,
        false,
        false,
        false,
        false,
        false,
        false,
        false,
        false,
        false,
        false,
        false,
        false,
        false,
        false,
        false,
        false,
        false,
        false,
        false,
        false,
        false,
        false,
        false,
        false,
        false,
        false,
        false,
        false,
        false,
        false
    ],
    "light_hazard": false,
    "walker_hazard": [
        false,
        false,
        false,
        false,
        false,
        false,
        false,
        false,
        false,
        false,
        false,
        false,
        false,
        false,
        false,
        false,
        false,
        false,
        false,
        false,
        false,
        false,
        false,
        false,
        false,
        false,
        false,
        false,
        false,
        false,
        false,
        false,
        false,
        false,
        false,
        false,
        false,
        false,
        false,
        false,
        false,
        false,
        false,
        false,
        false,
        false,
        false,
        false,
        false,
        false,
        false,
        false,
        false,
        false,
        false,
        false,
        false,
        false,
        false,
        false,
        false,
        false,
        false,
        false,
        false,
        false,
        false,
        false,
        false,
        false,
        false,
        false,
        false,
        false,
        false,
        false,
        false,
        false,
        false,
        false
    ],
    "stop_sign_hazard": false,
    "angle": 0.055652703837039616,
    "ego_matrix": [
        [
            0.946327805519104,
            0.3232085108757019,
            0.00014724291395395994,
            -79.22477722167969
        ],
        [
            -0.3232082724571228,
            0.9463274478912354,
            -0.0008461465477012098,
            -56.875579833984375
        ],
        [
            -0.00041282176971435547,
            0.0007531418232247233,
            0.9999996423721313,
            0.03362274169921875
        ],
        [
            0.0,
            0.0,
            0.0,
            1.0
        ]
    ]
}