{
    "x": 57.36979336563407,
    "y": -77.29504405066422,
    "theta": 1.317398190498352,
    "speed": 4.008320005507479,
    "target_speed": 4.0,
    "x_command": 58.196419029130126,
    "y_command": -67.15464791867899,
    "command": 4,
    "waypoints": [
        [
            57.761077880859375,
            -75.32732391357422,
            1.3654429711951128
        ],
        [
            58.032649993896484,
            -73.33332824707031,
            1.4267869228237842
        ],
        [
            58.17878723144531,
            -71.32257843017578,
            1.4884043644516498
        ],
        [
            58.22679901123047,
            -69.30537414550781,
            1.538147022530799
        ],
        [
            58.2118034362793,
            -67.28752899169922,
            1.5717621971956566
        ],
        [
            58.14955520629883,
            -65.27062225341797,
            1.5981513209073763
        ],
        [
            57.99557113647461,
            -63.258914947509766,
            1.6427424558812278
        ],
        [
            57.67129898071289,
            -61.268070220947266,
            1.7227557160283293
        ]
    ],
    "steer": 0.1,
    "throttle": 0.04836188202085618,
    "brake": false,
    "junction": false,
    "vehicle_hazard": [
        false,
        false,
        false,
        false,
        false,
        false,
        false,
        false,
        false,
        false,
        false,
        false,
        false,
        false,
        false,
        false,
        false,
        false,
        false,
        false,
        false,
        false,
        false,
        false,
        false,
        false,
        false,
        false,
        false,
        false,
        false,
        false,
        false,
        false,
        false,
        false,
        false,
        false,
        false,
        false,
        false,
        false,
        false,
        false,
        false,
        false,
        false,
        false,
        false,
        false,
        false,
        false,
        false,
        false,
        false,
        false,
        false,
        false,
        false,
        false,
        false,
        false,
        false,
        false,
        false,
        false,
        false,
        false,
        false,
        false,
        false,
        false,
        false,
        false,
        false,
        false,
        false,
        false,
        false,
        false
    ],
    "light_hazard": false,
    "walker_hazard": [
        false,
        false,
        false,
        false,
        false,
        false,
        false,
        false,
        false,
        false,
        false,
        false,
        false,
        false,
        false,
        false,
        false,
        false,
        false,
        false,
        false,
        false,
        false,
        false,
        false,
        false,
        false,
        false,
        false,
        false,
        false,
        false,
        false,
        false,
        false,
        false,
        false,
        false,
        false,
        false,
        false,
        false,
        false,
        false,
        false,
        false,
        false,
        false,
        false,
        false,
        false,
        false,
        false,
        false,
        false,
        false,
        false,
        false,
        false,
        false,
        false,
        false,
        false,
        false,
        false,
        false,
        false,
        false,
        false,
        false,
        false,
        false,
        false,
        false,
        false,
        false,
        false,
        false,
        false,
        false
    ],
    "stop_sign_hazard": false,
    "angle": 0.11934526863320007,
    "ego_matrix": [
        [
            0.9664357304573059,
            0.2569084167480469,
            -0.00029501126846298575,
            -77.2950439453125
        ],
        [
            -0.2569085657596588,
            0.966435432434082,
            -0.0007543350220657885,
            -57.367156982421875
        ],
        [
            9.131431579589844e-05,
            0.0008048072340898216,
            0.9999997019767761,
            0.03337204083800316
        ],
        [
            0.0,
            0.0,
            0.0,
            1.0
        ]
    ]
}