{
    "x": 57.712056103714545,
    "y": -75.43112955837765,
    "theta": 1.3837395906448364,
    "speed": 3.964301088290177,
    "target_speed": 4.0,
    "x_command": 58.196419029130126,
    "y_command": -67.15464791867899,
    "command": 4,
    "waypoints": [
        [
            57.9771728515625,
            -73.45762634277344,
            1.4284563919321276
        ],
        [
            58.13480758666992,
            -71.46144104003906,
            1.483267884045322
        ],
        [
            58.20206069946289,
            -69.45496368408203,
            1.5291367725012746
        ],
        [
            58.20602798461914,
            -67.44413757324219,
            1.5625773976325863
        ],
        [
            58.15869903564453,
            -65.43310546875,
            1.5907834007102117
        ],
        [
            58.02019500732422,
            -63.426536560058594,
            1.6354039656947033
        ],
        [
            57.71794128417969,
            -61.438472747802734,
            1.7122161727905567
        ],
        [
            57.17670822143555,
            -59.50250244140625,
            1.8277914885008406
        ]
    ],
    "steer": 0.089,
    "throttle": 0.15465642494885054,
    "brake": false,
    "junction": false,
    "vehicle_hazard": [
        false,
        false,
        false,
        false,
        false,
        false,
        false,
        false,
        false,
        false,
        false,
        false,
        false,
        false,
        false,
        false,
        false,
        false,
        false,
        false,
        false,
        false,
        false,
        false,
        false,
        false,
        false,
        false,
        false,
        false,
        false,
        false,
        false,
        false,
        false,
        false,
        false,
        false,
        false,
        false,
        false,
        false,
        false,
        false,
        false,
        false,
        false,
        false,
        false,
        false,
        false,
        false,
        false,
        false,
        false,
        false,
        false,
        false,
        false,
        false,
        false,
        false,
        false,
        false,
        false,
        false,
        false,
        false,
        false,
        false,
        false,
        false,
        false,
        false,
        false,
        false,
        false,
        false,
        false,
        false
    ],
    "light_hazard": false,
    "walker_hazard": [
        false,
        false,
        false,
        false,
        false,
        false,
        false,
        false,
        false,
        false,
        false,
        false,
        false,
        false,
        false,
        false,
        false,
        false,
        false,
        false,
        false,
        false,
        false,
        false,
        false,
        false,
        false,
        false,
        false,
        false,
        false,
        false,
        false,
        false,
        false,
        false,
        false,
        false,
        false,
        false,
        false,
        false,
        false,
        false,
        false,
        false,
        false,
        false,
        false,
        false,
        false,
        false,
        false,
        false,
        false,
        false,
        false,
        false,
        false,
        false,
        false,
        false,
        false,
        false,
        false,
        false,
        false,
        false,
        false,
        false,
        false,
        false,
        false,
        false,
        false,
        false,
        false,
        false,
        false,
        false
    ],
    "stop_sign_hazard": false,
    "angle": 0.14811635254642933,
    "ego_matrix": [
        [
            0.9812127947807312,
            0.1929282248020172,
            -0.000391271838452667,
            -75.4311294555664
        ],
        [
            -0.19292840361595154,
            0.9812127351760864,
            -0.0005706638912670314,
            -57.70940399169922
        ],
        [
            0.0002738237089943141,
            0.0006354301003739238,
            0.9999997615814209,
            0.033281248062849045
        ],
        [
            0.0,
            0.0,
            0.0,
            1.0
        ]
    ]
}