{
    "x": 57.942699483381794,
    "y": -73.45162210939056,
    "theta": 1.4509387016296387,
    "speed": 3.679594600080394,
    "target_speed": 4.0,
    "x_command": 43.38229221302536,
    "y_command": -52.142601084253,
    "command": 2,
    "waypoints": [
        [
            58.07184600830078,
            -72.17578125,
            1.4598158045252183
        ],
        [
            58.088008880615234,
            -71.99948120117188,
            1.462152670125114
        ],
        [
            58.088008880615234,
            -71.99948120117188,
            1.462152670125114
        ],
        [
            58.088008880615234,
            -71.99948120117188,
            1.462152670125114
        ],
        [
            58.088008880615234,
            -71.99948120117188,
            1.462152670125114
        ],
        [
            58.088008880615234,
            -71.99948120117188,
            1.462152670125114
        ],
        [
            58.088008880615234,
            -71.99948120117188,
            1.462152670125114
        ],
        [
            58.088008880615234,
            -71.99948120117188,
            1.462152670125114
        ]
    ],
    "steer": 0.0405,
    "throttle": 0.0,
    "brake": true,
    "junction": false,
    "vehicle_hazard": [
        false,
        false,
        false,
        false,
        false,
        false,
        false,
        false,
        false,
        false,
        false,
        false,
        false,
        false,
        false,
        false,
        false,
        false,
        false,
        false,
        false,
        false,
        false,
        false,
        false,
        false,
        false,
        false,
        false,
        false,
        false,
        false,
        false,
        false,
        false,
        false,
        false,
        false,
        false,
        false,
        false,
        false,
        false,
        false,
        false,
        false,
        false,
        false,
        false,
        false,
        false,
        false,
        false,
        false,
        false,
        false,
        false,
        false,
        false,
        false,
        false,
        false,
        false,
        false,
        false,
        false,
        false,
        false,
        false,
        false,
        false,
        false,
        false,
        false,
        false,
        false,
        false,
        false,
        false,
        false
    ],
    "light_hazard": true,
    "walker_hazard": [
        false,
        false,
        false,
        false,
        false,
        false,
        false,
        false,
        false,
        false,
        false,
        false,
        false,
        false,
        false,
        false,
        false,
        false,
        false,
        false,
        false,
        false,
        false,
        false,
        false,
        false,
        false,
        false,
        false,
        false,
        false,
        false,
        false,
        false,
        false,
        false,
        false,
        false,
        false,
        false,
        false,
        false,
        false,
        false,
        false,
        false,
        false,
        false,
        false,
        false,
        false,
        false,
        false,
        false,
        false,
        false,
        false,
        false,
        false,
        false,
        false,
        false,
        false,
        false,
        false,
        false,
        false,
        false,
        false,
        false,
        false,
        false,
        false,
        false,
        false,
        false,
        false,
        false,
        false,
        false
    ],
    "stop_sign_hazard": false,
    "angle": 0.05492130920017547,
    "ego_matrix": [
        [
            0.992067277431488,
            0.1257074475288391,
            0.00040956580778583884,
            -73.45162200927734
        ],
        [
            -0.12570710480213165,
            0.9920670986175537,
            -0.0007809950620867312,
            -57.94003677368164
        ],
        [
            -0.0005044936551712453,
            0.0007233143551275134,
            0.9999996423721313,
            0.033668555319309235
        ],
        [
            0.0,
            0.0,
            0.0,
            1.0
        ]
    ]
}