{
    "x": 58.066400540959826,
    "y": -71.97473154341273,
    "theta": 1.4756165742874146,
    "speed": 1.7107043202092547,
    "target_speed": 4.0,
    "x_command": 43.38229221302536,
    "y_command": -52.142601084253,
    "command": 2,
    "waypoints": [
        [
            58.089866638183594,
            -71.63699340820312,
            1.4783728108694314
        ],
        [
            58.089866638183594,
            -71.63699340820312,
            1.4783728108694314
        ],
        [
            58.089866638183594,
            -71.63699340820312,
            1.4783728108694314
        ],
        [
            58.089866638183594,
            -71.63699340820312,
            1.4783728108694314
        ],
        [
            58.089866638183594,
            -71.63699340820312,
            1.4783728108694314
        ],
        [
            58.089866638183594,
            -71.63699340820312,
            1.4783728108694314
        ],
        [
            58.089866638183594,
            -71.63699340820312,
            1.4783728108694314
        ],
        [
            58.089866638183594,
            -71.63699340820312,
            1.4783728108694314
        ]
    ],
    "steer": 0.0485,
    "throttle": 0.0,
    "brake": true,
    "junction": false,
    "vehicle_hazard": [
        false,
        false,
        false,
        false,
        false,
        false,
        false,
        false,
        false,
        false,
        false,
        false,
        false,
        false,
        false,
        false,
        false,
        false,
        false,
        false,
        false,
        false,
        false,
        false,
        false,
        false,
        false,
        false,
        false,
        false,
        false,
        false,
        false,
        false,
        false,
        false,
        false,
        false,
        false,
        false,
        false,
        false,
        false,
        false,
        false,
        false,
        false,
        false,
        false,
        false,
        false,
        false,
        false,
        false,
        false,
        false,
        false,
        false,
        false,
        false,
        false,
        false,
        false,
        false,
        false,
        false,
        false,
        false,
        false,
        false,
        false,
        false,
        false,
        false,
        false,
        false,
        false,
        false,
        false,
        false
    ],
    "light_hazard": true,
    "walker_hazard": [
        false,
        false,
        false,
        false,
        false,
        false,
        false,
        false,
        false,
        false,
        false,
        false,
        false,
        false,
        false,
        false,
        false,
        false,
        false,
        false,
        false,
        false,
        false,
        false,
        false,
        false,
        false,
        false,
        false,
        false,
        false,
        false,
        false,
        false,
        false,
        false,
        false,
        false,
        false,
        false,
        false,
        false,
        false,
        false,
        false,
        false,
        false,
        false,
        false,
        false,
        false,
        false,
        false,
        false,
        false,
        false,
        false,
        false,
        false,
        false,
        false,
        false,
        false,
        false,
        false,
        false,
        false,
        false,
        false,
        false,
        false,
        false,
        false,
        false,
        false,
        false,
        false,
        false,
        false,
        false
    ],
    "stop_sign_hazard": false,
    "angle": 0.04370775494620478,
    "ego_matrix": [
        [
            0.9953315258026123,
            0.09648928791284561,
            0.0022341536823660135,
            -71.9747314453125
        ],
        [
            -0.09648917615413666,
            0.9953340291976929,
            -0.00015936666750349104,
            -58.0637321472168
        ],
        [
            -0.002239106222987175,
            -5.694896390195936e-05,
            0.9999974966049194,
            0.034531477838754654
        ],
        [
            0.0,
            0.0,
            0.0,
            1.0
        ]
    ]
}