{
    "x": 58.07642602671292,
    "y": -71.83263407007452,
    "theta": 1.4778919219970703,
    "speed": -0.00037104887352890385,
    "target_speed": 4.0,
    "x_command": 43.38229221302536,
    "y_command": -52.142601084253,
    "command": 2,
    "waypoints": [
        [
            58.07375717163086,
            -71.83264923095703,
            1.4778916442394814
        ],
        [
            58.07375717163086,
            -71.83264923095703,
            1.4778916442394814
        ],
        [
            58.07375717163086,
            -71.83264923095703,
            1.4778916442394814
        ],
        [
            58.07375717163086,
            -71.83264923095703,
            1.4778916442394814
        ],
        [
            58.07375717163086,
            -71.83264923095703,
            1.4778916442394814
        ],
        [
            58.07375717163086,
            -71.83264923095703,
            1.4778916442394814
        ],
        [
            58.07375717163086,
            -71.83264923095703,
            1.4778916442394814
        ],
        [
            58.07375717163086,
            -71.83264923095703,
            1.4778916442394814
        ]
    ],
    "steer": 0.0485,
    "throttle": 0.0,
    "brake": true,
    "junction": false,
    "vehicle_hazard": [
        false,
        false,
        false,
        false,
        false,
        false,
        false,
        false,
        false,
        false,
        false,
        false,
        false,
        false,
        false,
        false,
        false,
        false,
        false,
        false,
        false,
        false,
        false,
        false,
        false,
        false,
        false,
        false,
        false,
        false,
        false,
        false,
        false,
        false,
        false,
        false,
        false,
        false,
        false,
        false,
        false,
        false,
        false,
        false,
        false,
        false,
        false,
        false,
        false,
        false,
        false,
        false,
        false,
        false,
        false,
        false,
        false,
        false,
        false,
        false,
        false,
        false,
        false,
        false,
        false,
        false,
        false,
        false,
        false,
        false,
        false,
        false,
        false,
        false,
        false,
        false,
        false,
        false,
        false,
        false
    ],
    "light_hazard": true,
    "walker_hazard": [
        false,
        false,
        false,
        false,
        false,
        false,
        false,
        false,
        false,
        false,
        false,
        false,
        false,
        false,
        false,
        false,
        false,
        false,
        false,
        false,
        false,
        false,
        false,
        false,
        false,
        false,
        false,
        false,
        false,
        false,
        false,
        false,
        false,
        false,
        false,
        false,
        false,
        false,
        false,
        false,
        false,
        false,
        false,
        false,
        false,
        false,
        false,
        false,
        false,
        false,
        false,
        false,
        false,
        false,
        false,
        false,
        false,
        false,
        false,
        false,
        false,
        false,
        false,
        false,
        false,
        false,
        false,
        false,
        false,
        false,
        false,
        false,
        false,
        false,
        false,
        false,
        false,
        false,
        false,
        false
    ],
    "stop_sign_hazard": false,
    "angle": 0.042455282078415084,
    "ego_matrix": [
        [
            0.9956871867179871,
            0.0927707850933075,
            0.0007574258488602936,
            -71.83263397216797
        ],
        [
            -0.09277080744504929,
            0.9956874847412109,
            4.4739863369613886e-07,
            -58.07375717163086
        ],
        [
            -0.0007541179074905813,
            -7.071247819112614e-05,
            0.9999997019767761,
            0.03379272297024727
        ],
        [
            0.0,
            0.0,
            0.0,
            1.0
        ]
    ]
}