{
    "x": 58.07642602671292,
    "y": -71.83237467066012,
    "theta": 1.477891445159912,
    "speed": 0.0,
    "target_speed": 4.0,
    "x_command": 43.38229221302536,
    "y_command": -52.142601084253,
    "command": 2,
    "waypoints": [
        [
            58.07375717163086,
            -71.8323745727539,
            1.4778913612786155
        ],
        [
            58.07375717163086,
            -71.8323745727539,
            1.4778913612786155
        ],
        [
            58.07375717163086,
            -71.8323745727539,
            1.4778913612786155
        ],
        [
            58.07375717163086,
            -71.8323745727539,
            1.4778913612786155
        ],
        [
            58.07375717163086,
            -71.8323745727539,
            1.4778913612786155
        ],
        [
            58.07375717163086,
            -71.8323745727539,
            1.4778913612786155
        ],
        [
            58.07375717163086,
            -71.8323745727539,
            1.4778913612786155
        ],
        [
            58.07375717163086,
            -71.8323745727539,
            1.4778913612786155
        ]
    ],
    "steer": 0.048,
    "throttle": 0.0,
    "brake": true,
    "junction": false,
    "vehicle_hazard": [
        false,
        false,
        false,
        false,
        false,
        false,
        false,
        false,
        false,
        false,
        false,
        false,
        false,
        false,
        false,
        false,
        false,
        false,
        false,
        false,
        false,
        false,
        false,
        false,
        false,
        false,
        false,
        false,
        false,
        false,
        false,
        false,
        false,
        false,
        false,
        false,
        false,
        false,
        false,
        false,
        false,
        false,
        false,
        false,
        false,
        false,
        false,
        false,
        false,
        false,
        false,
        false,
        false,
        false,
        false,
        false,
        false,
        false,
        false,
        false,
        false,
        false,
        false,
        false,
        false,
        false,
        false,
        false,
        false,
        false,
        false,
        false,
        false,
        false,
        false,
        false,
        false,
        false,
        false,
        false
    ],
    "light_hazard": true,
    "walker_hazard": [
        false,
        false,
        false,
        false,
        false,
        false,
        false,
        false,
        false,
        false,
        false,
        false,
        false,
        false,
        false,
        false,
        false,
        false,
        false,
        false,
        false,
        false,
        false,
        false,
        false,
        false,
        false,
        false,
        false,
        false,
        false,
        false,
        false,
        false,
        false,
        false,
        false,
        false,
        false,
        false,
        false,
        false,
        false,
        false,
        false,
        false,
        false,
        false,
        false,
        false,
        false,
        false,
        false,
        false,
        false,
        false,
        false,
        false,
        false,
        false,
        false,
        false,
        false,
        false,
        false,
        false,
        false,
        false,
        false,
        false,
        false,
        false,
        false,
        false,
        false,
        false,
        false,
        false,
        false,
        false
    ],
    "stop_sign_hazard": false,
    "angle": 0.042454658849186776,
    "ego_matrix": [
        [
            0.9956874251365662,
            0.09277137368917465,
            6.429599307011813e-05,
            -71.8323745727539
        ],
        [
            -0.09277137368917465,
            0.9956874251365662,
            1.3208550626586657e-06,
            -58.07375717163086
        ],
        [
            -6.389617192326114e-05,
            -7.279986220964929e-06,
            1.0,
            0.03344913572072983
        ],
        [
            0.0,
            0.0,
            0.0,
            1.0
        ]
    ]
}