{
    "x": 58.07642602671292,
    "y": -71.83234415308195,
    "theta": 1.477891445159912,
    "speed": -1.4626326913590601e-06,
    "target_speed": 4.0,
    "x_command": 43.38229221302536,
    "y_command": -52.142601084253,
    "command": 2,
    "waypoints": [
        [
            58.07375717163086,
            -71.83234405517578,
            1.4778913612786155
        ],
        [
            58.07375717163086,
            -71.83234405517578,
            1.4778913612786155
        ],
        [
            58.07375717163086,
            -71.83234405517578,
            1.4778913612786155
        ],
        [
            58.07375717163086,
            -71.83234405517578,
            1.4778913612786155
        ],
        [
            58.07375717163086,
            -71.83234405517578,
            1.4778913612786155
        ],
        [
            58.07375717163086,
            -71.83234405517578,
            1.4778913612786155
        ],
        [
            58.07375717163086,
            -71.83234405517578,
            1.4778913612786155
        ],
        [
            58.07375717163086,
            -71.83234405517578,
            1.4778913612786155
        ]
    ],
    "steer": 0.0475,
    "throttle": 0.0,
    "brake": true,
    "junction": false,
    "vehicle_hazard": [
        false,
        false,
        false,
        false,
        false,
        false,
        false,
        false,
        false,
        false,
        false,
        false,
        false,
        false,
        false,
        false,
        false,
        false,
        false,
        false,
        false,
        false,
        false,
        false,
        false,
        false,
        false,
        false,
        false,
        false,
        false,
        false,
        false,
        false,
        false,
        false,
        false,
        false,
        false,
        false,
        false,
        false,
        false,
        false,
        false,
        false,
        false,
        false,
        false,
        false,
        false,
        false,
        false,
        false,
        false,
        false,
        false,
        false,
        false,
        false,
        false,
        false,
        false,
        false,
        false,
        false,
        false,
        false,
        false,
        false,
        false,
        false,
        false,
        false,
        false,
        false,
        false,
        false,
        false,
        false
    ],
    "light_hazard": true,
    "walker_hazard": [
        false,
        false,
        false,
        false,
        false,
        false,
        false,
        false,
        false,
        false,
        false,
        false,
        false,
        false,
        false,
        false,
        false,
        false,
        false,
        false,
        false,
        false,
        false,
        false,
        false,
        false,
        false,
        false,
        false,
        false,
        false,
        false,
        false,
        false,
        false,
        false,
        false,
        false,
        false,
        false,
        false,
        false,
        false,
        false,
        false,
        false,
        false,
        false,
        false,
        false,
        false,
        false,
        false,
        false,
        false,
        false,
        false,
        false,
        false,
        false,
        false,
        false,
        false,
        false,
        false,
        false,
        false,
        false,
        false,
        false,
        false,
        false,
        false,
        false,
        false,
        false,
        false,
        false,
        false,
        false
    ],
    "stop_sign_hazard": false,
    "angle": 0.042454550141960534,
    "ego_matrix": [
        [
            0.9956874251365662,
            0.09277137368917465,
            5.412490281742066e-06,
            -71.83234405517578
        ],
        [
            -0.09277137368917465,
            0.9956874251365662,
            2.66573010776483e-07,
            -58.07375717163086
        ],
        [
            -5.364418029785156e-06,
            -7.67547533087054e-07,
            1.0,
            0.03341998904943466
        ],
        [
            0.0,
            0.0,
            0.0,
            1.0
        ]
    ]
}