{
    "x": 58.07642602671292,
    "y": -71.83234415308195,
    "theta": 1.477891445159912,
    "speed": -1.135693466293956e-07,
    "target_speed": 4.0,
    "x_command": 43.38229221302536,
    "y_command": -52.142601084253,
    "command": 2,
    "waypoints": [
        [
            58.07375717163086,
            -71.83234405517578,
            1.4778913612786155
        ],
        [
            58.07375717163086,
            -71.83234405517578,
            1.4778913612786155
        ],
        [
            58.07375717163086,
            -71.83234405517578,
            1.4778913612786155
        ],
        [
            58.07375717163086,
            -71.83234405517578,
            1.4778913612786155
        ],
        [
            58.07375717163086,
            -71.83234405517578,
            1.4778913612786155
        ],
        [
            58.07375717163086,
            -71.83234405517578,
            1.4778913612786155
        ],
        [
            58.07375717163086,
            -71.83234405517578,
            1.4778913612786155
        ],
        [
            58.07375717163086,
            -71.83234405517578,
            1.4778913612786155
        ]
    ],
    "steer": 0.047,
    "throttle": 0.0,
    "brake": true,
    "junction": false,
    "vehicle_hazard": [
        false,
        false,
        false,
        false,
        false,
        false,
        false,
        false,
        false,
        false,
        false,
        false,
        false,
        false,
        false,
        false,
        false,
        false,
        false,
        false,
        false,
        false,
        false,
        false,
        false,
        false,
        false,
        false,
        false,
        false,
        false,
        false,
        false,
        false,
        false,
        false,
        false,
        false,
        false,
        false,
        false,
        false,
        false,
        false,
        false,
        false,
        false,
        false,
        false,
        false,
        false,
        false,
        false,
        false,
        false,
        false,
        false,
        false,
        false,
        false,
        false,
        false,
        false,
        false,
        false,
        false,
        false,
        false,
        false,
        false,
        false,
        false,
        false,
        false,
        false,
        false,
        false,
        false,
        false,
        false
    ],
    "light_hazard": true,
    "walker_hazard": [
        false,
        false,
        false,
        false,
        false,
        false,
        false,
        false,
        false,
        false,
        false,
        false,
        false,
        false,
        false,
        false,
        false,
        false,
        false,
        false,
        false,
        false,
        false,
        false,
        false,
        false,
        false,
        false,
        false,
        false,
        false,
        false,
        false,
        false,
        false,
        false,
        false,
        false,
        false,
        false,
        false,
        false,
        false,
        false,
        false,
        false,
        false,
        false,
        false,
        false,
        false,
        false,
        false,
        false,
        false,
        false,
        false,
        false,
        false,
        false,
        false,
        false,
        false,
        false,
        false,
        false,
        false,
        false,
        false,
        false,
        false,
        false,
        false,
        false,
        false,
        false,
        false,
        false,
        false,
        false
    ],
    "stop_sign_hazard": false,
    "angle": 0.04245455002009165,
    "ego_matrix": [
        [
            0.9956874251365662,
            0.09277137368917465,
            1.082583139577764e-06,
            -71.83234405517578
        ],
        [
            -0.09277137368917465,
            0.9956874251365662,
            5.4230518742315326e-08,
            -58.07375717163086
        ],
        [
            -1.0728834922701935e-06,
            -1.544293866118096e-07,
            1.0,
            0.03341773897409439
        ],
        [
            0.0,
            0.0,
            0.0,
            1.0
        ]
    ]
}