{
    "x": 58.07703640557082,
    "y": -71.81864176048514,
    "theta": 1.4781529903411865,
    "speed": 0.16082186611016325,
    "target_speed": 4.0,
    "x_command": 43.38229221302536,
    "y_command": -52.142601084253,
    "command": 2,
    "waypoints": [
        [
            58.081756591796875,
            -71.69091033935547,
            1.4814051776327581
        ],
        [
            58.094573974609375,
            -71.45767974853516,
            1.4866940158205737
        ],
        [
            58.1116828918457,
            -71.118896484375,
            1.4939514543637975
        ],
        [
            58.13160705566406,
            -70.67449188232422,
            1.5027407931003052
        ],
        [
            58.15169906616211,
            -70.12438201904297,
            1.5131611307509725
        ],
        [
            58.169918060302734,
            -69.46851348876953,
            1.524570154472764
        ],
        [
            58.184051513671875,
            -68.70689392089844,
            1.536477869672835
        ],
        [
            58.1923713684082,
            -67.83955383300781,
            1.5482582108713945
        ]
    ],
    "steer": 0.086,
    "throttle": 0.75,
    "brake": false,
    "junction": false,
    "vehicle_hazard": [
        false,
        false,
        false,
        false,
        false,
        false,
        false,
        false,
        false,
        false,
        false,
        false,
        false,
        false,
        false,
        false,
        false,
        false,
        false,
        false,
        false,
        false,
        false,
        false,
        false,
        false,
        false,
        false,
        false,
        false,
        false,
        false,
        false,
        false,
        false,
        false,
        false,
        false,
        false,
        false,
        false,
        false,
        false,
        false,
        false,
        false,
        false,
        false,
        false,
        false,
        false,
        false,
        false,
        false,
        false,
        false,
        false,
        false,
        false,
        false,
        false,
        false,
        false,
        false,
        false,
        false,
        false,
        false,
        false,
        false,
        false,
        false,
        false,
        false,
        false,
        false,
        false,
        false,
        false,
        false
    ],
    "light_hazard": false,
    "walker_hazard": [
        false,
        false,
        false,
        false,
        false,
        false,
        false,
        false,
        false,
        false,
        false,
        false,
        false,
        false,
        false,
        false,
        false,
        false,
        false,
        false,
        false,
        false,
        false,
        false,
        false,
        false,
        false,
        false,
        false,
        false,
        false,
        false,
        false,
        false,
        false,
        false,
        false,
        false,
        false,
        false,
        false,
        false,
        false,
        false,
        false,
        false,
        false,
        false,
        false,
        false,
        false,
        false,
        false,
        false,
        false,
        false,
        false,
        false,
        false,
        false,
        false,
        false,
        false,
        false,
        false,
        false,
        false,
        false,
        false,
        false,
        false,
        false,
        false,
        false,
        false,
        false,
        false,
        false,
        false,
        false
    ],
    "stop_sign_hazard": false,
    "angle": 0.019047351280988407,
    "ego_matrix": [
        [
            0.9957349896430969,
            0.09225958585739136,
            -0.00017684136400930583,
            -71.81864166259766
        ],
        [
            -0.09225959330797195,
            0.9957349896430969,
            -2.212858817074448e-05,
            -58.07436752319336
        ],
        [
            0.00017404556274414062,
            3.834952076431364e-05,
            1.0,
            0.03333049640059471
        ],
        [
            0.0,
            0.0,
            0.0,
            1.0
        ]
    ]
}