{
    "x": 58.093970626385335,
    "y": -71.38123331262334,
    "theta": 1.4926730394363403,
    "speed": 1.7150559983441316,
    "target_speed": 4.0,
    "x_command": 43.38229221302536,
    "y_command": -52.142601084253,
    "command": 2,
    "waypoints": [
        [
            58.13188934326172,
            -70.47708892822266,
            1.5076446588689822
        ],
        [
            58.16197204589844,
            -69.46684265136719,
            1.5255547875456041
        ],
        [
            58.1798210144043,
            -68.35066223144531,
            1.542387736220911
        ],
        [
            58.185089111328125,
            -67.12871551513672,
            1.5572312557082528
        ],
        [
            58.17060852050781,
            -65.80121612548828,
            1.5734641845672146
        ],
        [
            58.109405517578125,
            -64.369384765625,
            1.601942164271536
        ],
        [
            57.964141845703125,
            -62.83769607543945,
            1.6496146265608795
        ],
        [
            57.678375244140625,
            -61.21885681152344,
            1.7242969705749425
        ]
    ],
    "steer": 0.075,
    "throttle": 0.75,
    "brake": false,
    "junction": false,
    "vehicle_hazard": [
        false,
        false,
        false,
        false,
        false,
        false,
        false,
        false,
        false,
        false,
        false,
        false,
        false,
        false,
        false,
        false,
        false,
        false,
        false,
        false,
        false,
        false,
        false,
        false,
        false,
        false,
        false,
        false,
        false,
        false,
        false,
        false,
        false,
        false,
        false,
        false,
        false,
        false,
        false,
        false,
        false,
        false,
        false,
        false,
        false,
        false,
        false,
        false,
        false,
        false,
        false,
        false,
        false,
        false,
        false,
        false,
        false,
        false,
        false,
        false,
        false,
        false,
        false,
        false,
        false,
        false,
        false,
        false,
        false,
        false,
        false,
        false,
        false,
        false,
        false,
        false,
        false,
        false,
        false,
        false
    ],
    "light_hazard": false,
    "walker_hazard": [
        false,
        false,
        false,
        false,
        false,
        false,
        false,
        false,
        false,
        false,
        false,
        false,
        false,
        false,
        false,
        false,
        false,
        false,
        false,
        false,
        false,
        false,
        false,
        false,
        false,
        false,
        false,
        false,
        false,
        false,
        false,
        false,
        false,
        false,
        false,
        false,
        false,
        false,
        false,
        false,
        false,
        false,
        false,
        false,
        false,
        false,
        false,
        false,
        false,
        false,
        false,
        false,
        false,
        false,
        false,
        false,
        false,
        false,
        false,
        false,
        false,
        false,
        false,
        false,
        false,
        false,
        false,
        false,
        false,
        false,
        false,
        false,
        false,
        false,
        false,
        false,
        false,
        false,
        false,
        false
    ],
    "stop_sign_hazard": false,
    "angle": 0.12200611216629839,
    "ego_matrix": [
        [
            0.996727466583252,
            0.08081971853971481,
            -0.0016007139347493649,
            -71.38123321533203
        ],
        [
            -0.08082012087106705,
            0.9967287182807922,
            -0.00018709286814555526,
            -58.09130096435547
        ],
        [
            0.0015803567366674542,
            0.0003158504841849208,
            0.9999986886978149,
            0.03263073042035103
        ],
        [
            0.0,
            0.0,
            0.0,
            1.0
        ]
    ]
}