{
    "x": 58.12865544615748,
    "y": -70.14355478310438,
    "theta": 1.5257740020751953,
    "speed": 3.107898149922714,
    "target_speed": 4.0,
    "x_command": 43.38229221302536,
    "y_command": -52.142601084253,
    "command": 2,
    "waypoints": [
        [
            58.156166076660156,
            -68.54237365722656,
            1.544163536196965
        ],
        [
            58.16254425048828,
            -66.83528137207031,
            1.5617233041859437
        ],
        [
            58.128334045410156,
            -65.02293395996094,
            1.585291152150871
        ],
        [
            57.993492126464844,
            -63.110233306884766,
            1.6341219490742636
        ],
        [
            57.66823959350586,
            -61.1513557434082,
            1.7238484609578595
        ],
        [
            57.08955383300781,
            -59.23378372192383,
            1.8474672222399688
        ],
        [
            56.21832275390625,
            -57.42216491699219,
            1.9977223548233192
        ],
        [
            55.03410339355469,
            -55.79418182373047,
            2.173768022100944
        ]
    ],
    "steer": 0.056,
    "throttle": 0.75,
    "brake": false,
    "junction": false,
    "vehicle_hazard": [
        false,
        false,
        false,
        false,
        false,
        false,
        false,
        false,
        false,
        false,
        false,
        false,
        false,
        false,
        false,
        false,
        false,
        false,
        false,
        false,
        false,
        false,
        false,
        false,
        false,
        false,
        false,
        false,
        false,
        false,
        false,
        false,
        false,
        false,
        false,
        false,
        false,
        false,
        false,
        false,
        false,
        false,
        false,
        false,
        false,
        false,
        false,
        false,
        false,
        false,
        false,
        false,
        false,
        false,
        false,
        false,
        false,
        false,
        false,
        false,
        false,
        false,
        false,
        false,
        false,
        false,
        false,
        false,
        false,
        false,
        false,
        false,
        false,
        false,
        false,
        false,
        false,
        false,
        false,
        false
    ],
    "light_hazard": false,
    "walker_hazard": [
        false,
        false,
        false,
        false,
        false,
        false,
        false,
        false,
        false,
        false,
        false,
        false,
        false,
        false,
        false,
        false,
        false,
        false,
        false,
        false,
        false,
        false,
        false,
        false,
        false,
        false,
        false,
        false,
        false,
        false,
        false,
        false,
        false,
        false,
        false,
        false,
        false,
        false,
        false,
        false,
        false,
        false,
        false,
        false,
        false,
        false,
        false,
        false,
        false,
        false,
        false,
        false,
        false,
        false,
        false,
        false,
        false,
        false,
        false,
        false,
        false,
        false,
        false,
        false,
        false,
        false,
        false,
        false,
        false,
        false,
        false,
        false,
        false,
        false,
        false,
        false,
        false,
        false,
        false,
        false
    ],
    "stop_sign_hazard": false,
    "angle": 0.17303604718681512,
    "ego_matrix": [
        [
            0.9988287687301636,
            0.04836771637201309,
            -0.001304781879298389,
            -70.1435546875
        ],
        [
            -0.04836805537343025,
            0.9988295435905457,
            -0.00022797421843279153,
            -58.12598419189453
        ],
        [
            0.0012922282330691814,
            0.0002908169699367136,
            0.9999991059303284,
            0.032774314284324646
        ],
        [
            0.0,
            0.0,
            0.0,
            1.0
        ]
    ]
}