{
    "x": 58.140771483018874,
    "y": -68.28289041289254,
    "theta": 1.5589334964752197,
    "speed": 4.224523424869868,
    "target_speed": 4.0,
    "x_command": 43.38229221302536,
    "y_command": -52.142601084253,
    "command": 2,
    "waypoints": [
        [
            58.131126403808594,
            -66.16412353515625,
            1.5723377347853613
        ],
        [
            58.054203033447266,
            -64.03511047363281,
            1.605534339979565
        ],
        [
            57.80783462524414,
            -61.91218566894531,
            1.6812525974816142
        ],
        [
            57.30350875854492,
            -59.83315658569336,
            1.7988176440660806
        ],
        [
            56.469459533691406,
            -57.863773345947266,
            1.9559673844612664
        ],
        [
            55.288917541503906,
            -56.08118438720703,
            2.1367747837679536
        ],
        [
            53.77375793457031,
            -54.57316589355469,
            2.3364799741698423
        ],
        [
            51.983123779296875,
            -53.405662536621094,
            2.5405948267046847
        ]
    ],
    "steer": 0.031,
    "throttle": 0.10911683641678452,
    "brake": false,
    "junction": false,
    "vehicle_hazard": [
        false,
        false,
        false,
        false,
        false,
        false,
        false,
        false,
        false,
        false,
        false,
        false,
        false,
        false,
        false,
        false,
        false,
        false,
        false,
        false,
        false,
        false,
        false,
        false,
        false,
        false,
        false,
        false,
        false,
        false,
        false,
        false,
        false,
        false,
        false,
        false,
        false,
        false,
        false,
        false,
        false,
        false,
        false,
        false,
        false,
        false,
        false,
        false,
        false,
        false,
        false,
        false,
        false,
        false,
        false,
        false,
        false,
        false,
        false,
        false,
        false,
        false,
        false,
        false,
        false,
        false,
        false,
        false,
        false,
        false,
        false,
        false,
        false,
        false,
        false,
        false,
        false,
        false,
        false,
        false
    ],
    "light_hazard": false,
    "walker_hazard": [
        false,
        false,
        false,
        false,
        false,
        false,
        false,
        false,
        false,
        false,
        false,
        false,
        false,
        false,
        false,
        false,
        false,
        false,
        false,
        false,
        false,
        false,
        false,
        false,
        false,
        false,
        false,
        false,
        false,
        false,
        false,
        false,
        false,
        false,
        false,
        false,
        false,
        false,
        false,
        false,
        false,
        false,
        false,
        false,
        false,
        false,
        false,
        false,
        false,
        false,
        false,
        false,
        false,
        false,
        false,
        false,
        false,
        false,
        false,
        false,
        false,
        false,
        false,
        false,
        false,
        false,
        false,
        false,
        false,
        false,
        false,
        false,
        false,
        false,
        false,
        false,
        false,
        false,
        false,
        false
    ],
    "stop_sign_hazard": false,
    "angle": 0.18869808944845967,
    "ego_matrix": [
        [
            0.9998906850814819,
            0.014745112508535385,
            -0.0010696703102439642,
            -68.28289031982422
        ],
        [
            -0.014745380729436874,
            0.9998912215232849,
            -0.00024311293964274228,
            -58.138099670410156
        ],
        [
            0.0010659692343324423,
            0.0002588590723462403,
            0.9999993443489075,
            0.032886769622564316
        ],
        [
            0.0,
            0.0,
            0.0,
            1.0
        ]
    ]
}