{
    "x": 58.12230749844164,
    "y": -66.29741677737388,
    "theta": 1.577917456626892,
    "speed": 3.573628597198438,
    "target_speed": 3.0,
    "x_command": 43.38229221302536,
    "y_command": -52.142601084253,
    "command": 2,
    "waypoints": [
        [
            58.06623840332031,
            -64.50691986083984,
            1.5974027312920902
        ],
        [
            57.9146842956543,
            -62.714935302734375,
            1.6467433311092323
        ],
        [
            57.6002082824707,
            -60.94158935546875,
            1.7296233260446146
        ],
        [
            57.074275970458984,
            -59.21934509277344,
            1.8428731195567707
        ],
        [
            56.30595779418945,
            -57.5911979675293,
            1.9808417418062838
        ],
        [
            55.288944244384766,
            -56.10580062866211,
            2.135139403121563
        ],
        [
            54.035888671875,
            -54.813228607177734,
            2.3005854229445637
        ],
        [
            52.578399658203125,
            -53.75703811645508,
            2.4732554669614863
        ]
    ],
    "steer": 0.028,
    "throttle": 0.08099183638846359,
    "brake": false,
    "junction": true,
    "vehicle_hazard": [
        false,
        false,
        false,
        false,
        false,
        false,
        false,
        false,
        false,
        false,
        false,
        false,
        false,
        false,
        false,
        false,
        false,
        false,
        false,
        false,
        false,
        false,
        false,
        false,
        false,
        false,
        false,
        false,
        false,
        false,
        false,
        false,
        false,
        false,
        false,
        false,
        false,
        false,
        false,
        false,
        false,
        false,
        false,
        false,
        false,
        false,
        false,
        false,
        false,
        false,
        false,
        false,
        false,
        false,
        false,
        false,
        false,
        false,
        false,
        false,
        false,
        false,
        false,
        false,
        false,
        false,
        false,
        false,
        false,
        false,
        false,
        false,
        false,
        false,
        false,
        false,
        false,
        false,
        false,
        false
    ],
    "light_hazard": false,
    "walker_hazard": [
        false,
        false,
        false,
        false,
        false,
        false,
        false,
        false,
        false,
        false,
        false,
        false,
        false,
        false,
        false,
        false,
        false,
        false,
        false,
        false,
        false,
        false,
        false,
        false,
        false,
        false,
        false,
        false,
        false,
        false,
        false,
        false,
        false,
        false,
        false,
        false,
        false,
        false,
        false,
        false,
        false,
        false,
        false,
        false,
        false,
        false,
        false,
        false,
        false,
        false,
        false,
        false,
        false,
        false,
        false,
        false,
        false,
        false,
        false,
        false,
        false,
        false,
        false,
        false,
        false,
        false,
        false,
        false,
        false,
        false,
        false,
        false,
        false,
        false,
        false,
        false,
        false,
        false,
        false,
        false
    ],
    "stop_sign_hazard": false,
    "angle": 0.18089318769218496,
    "ego_matrix": [
        [
            0.9999865889549255,
            -0.005141676403582096,
            0.0006318649975582957,
            -66.29741668701172
        ],
        [
            0.005141697824001312,
            0.9999867677688599,
            -3.243792161811143e-05,
            -58.11963653564453
        ],
        [
            -0.000631689908914268,
            3.5686345654539764e-05,
            0.9999998211860657,
            0.03373180329799652
        ],
        [
            0.0,
            0.0,
            0.0,
            1.0
        ]
    ]
}