{
    "x": 41.099255016977565,
    "y": -275.48516883251244,
    "theta": 3.1488680839538574,
    "speed": 0.0,
    "target_speed": 4.0,
    "x_command": 11.28737821483189,
    "y_command": -275.7092288914116,
    "command": 4,
    "waypoints": [
        [
            41.04983139038086,
            -275.4855041503906,
            3.1488670781073447
        ],
        [
            40.89666748046875,
            -275.48663330078125,
            3.1488670781073447
        ],
        [
            40.63786697387695,
            -275.488525390625,
            3.1488670781073447
        ],
        [
            40.273441314697266,
            -275.49114990234375,
            3.1488670781073447
        ],
        [
            39.80337905883789,
            -275.49456787109375,
            3.1488670781073447
        ],
        [
            39.22768783569336,
            -275.498779296875,
            3.1488670781073447
        ],
        [
            38.546363830566406,
            -275.50372314453125,
            3.1488670781073447
        ],
        [
            37.75940704345703,
            -275.50946044921875,
            3.1488670781073447
        ]
    ],
    "steer": 0.0,
    "throttle": 0.75,
    "brake": false,
    "junction": false,
    "vehicle_hazard": [
        false,
        false,
        false,
        false,
        false,
        false,
        false,
        false,
        false,
        false,
        false,
        false,
        false,
        false,
        false,
        false,
        false,
        false,
        false,
        false,
        false,
        false,
        false,
        false,
        false,
        false,
        false,
        false,
        false,
        false,
        false,
        false,
        false,
        false,
        false,
        false,
        false,
        false,
        false,
        false,
        false,
        false,
        false,
        false,
        false,
        false,
        false,
        false,
        false,
        false,
        false,
        false,
        false,
        false,
        false,
        false,
        false,
        false,
        false,
        false,
        false,
        false,
        false,
        false,
        false,
        false,
        false,
        false,
        false,
        false,
        false,
        false,
        false,
        false,
        false,
        false,
        false,
        false,
        false,
        false
    ],
    "light_hazard": false,
    "walker_hazard": [
        false,
        false,
        false,
        false,
        false,
        false,
        false,
        false,
        false,
        false,
        false,
        false,
        false,
        false,
        false,
        false,
        false,
        false,
        false,
        false,
        false,
        false,
        false,
        false,
        false,
        false,
        false,
        false,
        false,
        false,
        false,
        false,
        false,
        false,
        false,
        false,
        false,
        false,
        false,
        false,
        false,
        false,
        false,
        false,
        false,
        false,
        false,
        false,
        false,
        false,
        false,
        false,
        false,
        false,
        false,
        false,
        false,
        false,
        false,
        false,
        false,
        false,
        false,
        false,
        false,
        false,
        false,
        false,
        false,
        false,
        false,
        false,
        false,
        false,
        false,
        false,
        false,
        false,
        false,
        false
    ],
    "stop_sign_hazard": false,
    "angle": 4.365762568726461e-06,
    "ego_matrix": [
        [
            -0.007274368777871132,
            -0.9999735355377197,
            0.0,
            -275.48516845703125
        ],
        [
            0.9999735355377197,
            -0.007274368777871132,
            -0.0,
            -41.09736633300781
        ],
        [
            0.0,
            -0.0,
            1.0,
            0.2350168228149414
        ],
        [
            0.0,
            0.0,
            0.0,
            1.0
        ]
    ]
}