{
    "x": 41.09925120115061,
    "y": -275.4851383149343,
    "theta": 3.1488680839538574,
    "speed": 1.7968966606450576e-05,
    "target_speed": 4.0,
    "x_command": 11.28737821483189,
    "y_command": -275.7092288914116,
    "command": 4,
    "waypoints": [
        [
            41.04981994628906,
            -275.4854736328125,
            3.1488670781073447
        ],
        [
            40.896644592285156,
            -275.4866027832031,
            3.1488670781073447
        ],
        [
            40.63783645629883,
            -275.4884948730469,
            3.1488670781073447
        ],
        [
            40.273399353027344,
            -275.4911193847656,
            3.1488670781073447
        ],
        [
            39.80332946777344,
            -275.4945373535156,
            3.1488670781073447
        ],
        [
            39.22762680053711,
            -275.4987487792969,
            3.1488670781073447
        ],
        [
            38.546295166015625,
            -275.5036926269531,
            3.1488670781073447
        ],
        [
            37.75933074951172,
            -275.5094299316406,
            3.1488670781073447
        ]
    ],
    "steer": 0.0,
    "throttle": 0.75,
    "brake": false,
    "junction": false,
    "vehicle_hazard": [
        false,
        false,
        false,
        false,
        false,
        false,
        false,
        false,
        false,
        false,
        false,
        false,
        false,
        false,
        false,
        false,
        false,
        false,
        false,
        false,
        false,
        false,
        false,
        false,
        false,
        false,
        false,
        false,
        false,
        false,
        false,
        false,
        false,
        false,
        false,
        false,
        false,
        false,
        false,
        false,
        false,
        false,
        false,
        false,
        false,
        false,
        false,
        false,
        false,
        false,
        false,
        false,
        false,
        false,
        false,
        false,
        false,
        false,
        false,
        false,
        false,
        false,
        false,
        false,
        false,
        false,
        false,
        false,
        false,
        false,
        false,
        false,
        false,
        false,
        false,
        false,
        false,
        false,
        false,
        false
    ],
    "light_hazard": false,
    "walker_hazard": [
        false,
        false,
        false,
        false,
        false,
        false,
        false,
        false,
        false,
        false,
        false,
        false,
        false,
        false,
        false,
        false,
        false,
        false,
        false,
        false,
        false,
        false,
        false,
        false,
        false,
        false,
        false,
        false,
        false,
        false,
        false,
        false,
        false,
        false,
        false,
        false,
        false,
        false,
        false,
        false,
        false,
        false,
        false,
        false,
        false,
        false,
        false,
        false,
        false,
        false,
        false,
        false,
        false,
        false,
        false,
        false,
        false,
        false,
        false,
        false,
        false,
        false,
        false,
        false,
        false,
        false,
        false,
        false,
        false,
        false,
        false,
        false,
        false,
        false,
        false,
        false,
        false,
        false,
        false,
        false
    ],
    "stop_sign_hazard": false,
    "angle": 9.678558090945415e-06,
    "ego_matrix": [
        [
            -0.007274368777871132,
            -0.9999735355377197,
            2.792334089463111e-05,
            -275.4851379394531
        ],
        [
            0.9999735355377197,
            -0.0072743697091937065,
            -3.103052586084232e-05,
            -41.09736251831055
        ],
        [
            3.123283022432588e-05,
            2.7696874894900247e-05,
            1.0,
            0.018273619934916496
        ],
        [
            0.0,
            0.0,
            0.0,
            1.0
        ]
    ]
}