{
    "x": 41.09926264704947,
    "y": -275.4851383149343,
    "theta": 3.1488680839538574,
    "speed": 6.41244894630127e-07,
    "target_speed": 4.0,
    "x_command": 11.28737821483189,
    "y_command": -275.7092288914116,
    "command": 4,
    "waypoints": [
        [
            41.04983901977539,
            -275.4854736328125,
            3.1488670781073447
        ],
        [
            40.896671295166016,
            -275.4866027832031,
            3.1488670781073447
        ],
        [
            40.637874603271484,
            -275.4884948730469,
            3.1488670781073447
        ],
        [
            40.27344512939453,
            -275.4911193847656,
            3.1488670781073447
        ],
        [
            39.803382873535156,
            -275.4945373535156,
            3.1488670781073447
        ],
        [
            39.227691650390625,
            -275.4987487792969,
            3.1488670781073447
        ],
        [
            38.54636764526367,
            -275.5036926269531,
            3.1488670781073447
        ],
        [
            37.7594108581543,
            -275.5094299316406,
            3.1488670781073447
        ]
    ],
    "steer": 0.0,
    "throttle": 0.75,
    "brake": false,
    "junction": false,
    "vehicle_hazard": [
        false,
        false,
        false,
        false,
        false,
        false,
        false,
        false,
        false,
        false,
        false,
        false,
        false,
        false,
        false,
        false,
        false,
        false,
        false,
        false,
        false,
        false,
        false,
        false,
        false,
        false,
        false,
        false,
        false,
        false,
        false,
        false,
        false,
        false,
        false,
        false,
        false,
        false,
        false,
        false,
        false,
        false,
        false,
        false,
        false,
        false,
        false,
        false,
        false,
        false,
        false,
        false,
        false,
        false,
        false,
        false,
        false,
        false,
        false,
        false,
        false,
        false,
        false,
        false,
        false,
        false,
        false,
        false,
        false,
        false,
        false,
        false,
        false,
        false,
        false,
        false,
        false,
        false,
        false,
        false
    ],
    "light_hazard": false,
    "walker_hazard": [
        false,
        false,
        false,
        false,
        false,
        false,
        false,
        false,
        false,
        false,
        false,
        false,
        false,
        false,
        false,
        false,
        false,
        false,
        false,
        false,
        false,
        false,
        false,
        false,
        false,
        false,
        false,
        false,
        false,
        false,
        false,
        false,
        false,
        false,
        false,
        false,
        false,
        false,
        false,
        false,
        false,
        false,
        false,
        false,
        false,
        false,
        false,
        false,
        false,
        false,
        false,
        false,
        false,
        false,
        false,
        false,
        false,
        false,
        false,
        false,
        false,
        false,
        false,
        false,
        false,
        false,
        false,
        false,
        false,
        false,
        false,
        false,
        false,
        false,
        false,
        false,
        false,
        false,
        false,
        false
    ],
    "stop_sign_hazard": false,
    "angle": 9.663621333725129e-06,
    "ego_matrix": [
        [
            -0.007274368777871132,
            -0.9999735355377197,
            2.142612629540963e-06,
            -275.4851379394531
        ],
        [
            0.9999735355377197,
            -0.007274368777871132,
            -1.6533875850655022e-06,
            -41.097373962402344
        ],
        [
            1.6689299400240998e-06,
            2.130528628185857e-06,
            1.0,
            0.03289676457643509
        ],
        [
            0.0,
            0.0,
            0.0,
            1.0
        ]
    ]
}