{
    "x": 41.09926264704947,
    "y": -275.4851383149343,
    "theta": 3.1488680839538574,
    "speed": 2.8067607241924654e-08,
    "target_speed": 4.0,
    "x_command": 11.28737821483189,
    "y_command": -275.7092288914116,
    "command": 4,
    "waypoints": [
        [
            41.04983901977539,
            -275.4854736328125,
            3.1488670781073447
        ],
        [
            40.89667510986328,
            -275.4866027832031,
            3.1488670781073447
        ],
        [
            40.637874603271484,
            -275.4884948730469,
            3.1488670781073447
        ],
        [
            40.2734489440918,
            -275.4911193847656,
            3.1488670781073447
        ],
        [
            39.80338668823242,
            -275.4945373535156,
            3.1488670781073447
        ],
        [
            39.22769546508789,
            -275.4987487792969,
            3.1488670781073447
        ],
        [
            38.54636764526367,
            -275.5036926269531,
            3.1488670781073447
        ],
        [
            37.75941467285156,
            -275.5094299316406,
            3.1488670781073447
        ]
    ],
    "steer": 0.0,
    "throttle": 0.75,
    "brake": false,
    "junction": false,
    "vehicle_hazard": [
        false,
        false,
        false,
        false,
        false,
        false,
        false,
        false,
        false,
        false,
        false,
        false,
        false,
        false,
        false,
        false,
        false,
        false,
        false,
        false,
        false,
        false,
        false,
        false,
        false,
        false,
        false,
        false,
        false,
        false,
        false,
        false,
        false,
        false,
        false,
        false,
        false,
        false,
        false,
        false,
        false,
        false,
        false,
        false,
        false,
        false,
        false,
        false,
        false,
        false,
        false,
        false,
        false,
        false,
        false,
        false,
        false,
        false,
        false,
        false,
        false,
        false,
        false,
        false,
        false,
        false,
        false,
        false,
        false,
        false,
        false,
        false,
        false,
        false,
        false,
        false,
        false,
        false,
        false,
        false
    ],
    "light_hazard": false,
    "walker_hazard": [
        false,
        false,
        false,
        false,
        false,
        false,
        false,
        false,
        false,
        false,
        false,
        false,
        false,
        false,
        false,
        false,
        false,
        false,
        false,
        false,
        false,
        false,
        false,
        false,
        false,
        false,
        false,
        false,
        false,
        false,
        false,
        false,
        false,
        false,
        false,
        false,
        false,
        false,
        false,
        false,
        false,
        false,
        false,
        false,
        false,
        false,
        false,
        false,
        false,
        false,
        false,
        false,
        false,
        false,
        false,
        false,
        false,
        false,
        false,
        false,
        false,
        false,
        false,
        false,
        false,
        false,
        false,
        false,
        false,
        false,
        false,
        false,
        false,
        false,
        false,
        false,
        false,
        false,
        false,
        false
    ],
    "stop_sign_hazard": false,
    "angle": 9.663615793269441e-06,
    "ego_matrix": [
        [
            -0.007274368777871132,
            -0.9999735355377197,
            5.343524662748678e-07,
            -275.4851379394531
        ],
        [
            0.9999735355377197,
            -0.007274368777871132,
            -2.3453769415482384e-07,
            -41.097373962402344
        ],
        [
            2.3841856489070778e-07,
            5.326322138898831e-07,
            1.0,
            0.03341487795114517
        ],
        [
            0.0,
            0.0,
            0.0,
            1.0
        ]
    ]
}