{
    "x": 40.73003638815644,
    "y": -275.48800696728193,
    "theta": 3.149022102355957,
    "speed": 2.538489372699229,
    "target_speed": 4.0,
    "x_command": 11.28737821483189,
    "y_command": -275.7092288914116,
    "command": 4,
    "waypoints": [
        [
            39.41142272949219,
            -275.49786376953125,
            3.149038186207382
        ],
        [
            37.98904800415039,
            -275.5084533691406,
            3.149038186207382
        ],
        [
            36.46104049682617,
            -275.51983642578125,
            3.149038186207382
        ],
        [
            34.82740020751953,
            -275.5318908691406,
            3.1489926461527418
        ],
        [
            33.088130950927734,
            -275.5446472167969,
            3.1489455082014475
        ],
        [
            31.24322509765625,
            -275.5580749511719,
            3.148894908140736
        ],
        [
            29.297216415405273,
            -275.572265625,
            3.148894908140736
        ],
        [
            27.302209854125977,
            -275.58685302734375,
            3.148894908140736
        ]
    ],
    "steer": -0.0,
    "throttle": 0.75,
    "brake": false,
    "junction": false,
    "vehicle_hazard": [
        false,
        false,
        false,
        false,
        false,
        false,
        false,
        false,
        false,
        false,
        false,
        false,
        false,
        false,
        false,
        false,
        false,
        false,
        false,
        false,
        false,
        false,
        false,
        false,
        false,
        false,
        false,
        false,
        false,
        false,
        false,
        false,
        false,
        false,
        false,
        false,
        false,
        false,
        false,
        false,
        false,
        false,
        false,
        false,
        false,
        false,
        false,
        false,
        false,
        false,
        false,
        false,
        false,
        false,
        false,
        false,
        false,
        false,
        false,
        false,
        false,
        false,
        false,
        false,
        false,
        false,
        false,
        false,
        false,
        false,
        false,
        false,
        false,
        false,
        false,
        false,
        false,
        false,
        false,
        false
    ],
    "light_hazard": false,
    "walker_hazard": [
        false,
        false,
        false,
        false,
        false,
        false,
        false,
        false,
        false,
        false,
        false,
        false,
        false,
        false,
        false,
        false,
        false,
        false,
        false,
        false,
        false,
        false,
        false,
        false,
        false,
        false,
        false,
        false,
        false,
        false,
        false,
        false,
        false,
        false,
        false,
        false,
        false,
        false,
        false,
        false,
        false,
        false,
        false,
        false,
        false,
        false,
        false,
        false,
        false,
        false,
        false,
        false,
        false,
        false,
        false,
        false,
        false,
        false,
        false,
        false,
        false,
        false,
        false,
        false,
        false,
        false,
        false,
        false,
        false,
        false,
        false,
        false,
        false,
        false,
        false,
        false,
        false,
        false,
        false,
        false
    ],
    "stop_sign_hazard": false,
    "angle": -0.00021436740855122467,
    "ego_matrix": [
        [
            -0.007407480385154486,
            -0.9999725818634033,
            3.273305992479436e-05,
            -275.4880065917969
        ],
        [
            0.9999669790267944,
            -0.007407548371702433,
            -0.0033402065746486187,
            -40.72816467285156
        ],
        [
            0.0033403572160750628,
            7.989466212166008e-06,
            0.9999943971633911,
            0.03175472095608711
        ],
        [
            0.0,
            0.0,
            0.0,
            1.0
        ]
    ]
}