{
    "x": 38.83185498330946,
    "y": -275.5025028169111,
    "theta": 3.1489899158477783,
    "speed": 4.438127609424491,
    "target_speed": 4.0,
    "x_command": 11.28737821483189,
    "y_command": -275.7092288914116,
    "command": 4,
    "waypoints": [
        [
            36.60477066040039,
            -275.51910400390625,
            3.1490407162104175
        ],
        [
            34.36825942993164,
            -275.5354309082031,
            3.14891661290362
        ],
        [
            32.124942779541016,
            -275.5516662597656,
            3.1488542949341123
        ],
        [
            29.879150390625,
            -275.5679931640625,
            3.1488542949341123
        ],
        [
            27.633241653442383,
            -275.58428955078125,
            3.1488542949341123
        ],
        [
            25.387332916259766,
            -275.6006164550781,
            3.1488542949341123
        ],
        [
            23.141422271728516,
            -275.6169128417969,
            3.1488542949341123
        ],
        [
            20.8955135345459,
            -275.6332092285156,
            3.1488542949341123
        ]
    ],
    "steer": -0.0,
    "throttle": 0.1077030467524479,
    "brake": false,
    "junction": false,
    "vehicle_hazard": [
        false,
        false,
        false,
        false,
        false,
        false,
        false,
        false,
        false,
        false,
        false,
        false,
        false,
        false,
        false,
        false,
        false,
        false,
        false,
        false,
        false,
        false,
        false,
        false,
        false,
        false,
        false,
        false,
        false,
        false,
        false,
        false,
        false,
        false,
        false,
        false,
        false,
        false,
        false,
        false,
        false,
        false,
        false,
        false,
        false,
        false,
        false,
        false,
        false,
        false,
        false,
        false,
        false,
        false,
        false,
        false,
        false,
        false,
        false,
        false,
        false,
        false,
        false,
        false,
        false,
        false,
        false,
        false,
        false,
        false,
        false,
        false,
        false,
        false,
        false,
        false,
        false,
        false,
        false,
        false
    ],
    "light_hazard": false,
    "walker_hazard": [
        false,
        false,
        false,
        false,
        false,
        false,
        false,
        false,
        false,
        false,
        false,
        false,
        false,
        false,
        false,
        false,
        false,
        false,
        false,
        false,
        false,
        false,
        false,
        false,
        false,
        false,
        false,
        false,
        false,
        false,
        false,
        false,
        false,
        false,
        false,
        false,
        false,
        false,
        false,
        false,
        false,
        false,
        false,
        false,
        false,
        false,
        false,
        false,
        false,
        false,
        false,
        false,
        false,
        false,
        false,
        false,
        false,
        false,
        false,
        false,
        false,
        false,
        false,
        false,
        false,
        false,
        false,
        false,
        false,
        false,
        false,
        false,
        false,
        false,
        false,
        false,
        false,
        false,
        false,
        false
    ],
    "stop_sign_hazard": false,
    "angle": -0.00018238328101511555,
    "ego_matrix": [
        [
            -0.007506334222853184,
            -0.9999718070030212,
            -7.75581611378584e-06,
            -275.50250244140625
        ],
        [
            0.999970555305481,
            -0.007506313268095255,
            -0.00156365055590868,
            -38.83007049560547
        ],
        [
            0.001563548343256116,
            -1.9492872525006533e-05,
            0.9999987483024597,
            0.03263892978429794
        ],
        [
            0.0,
            0.0,
            0.0,
            1.0
        ]
    ]
}