{
    "x": 36.77867911857229,
    "y": -275.51742591263456,
    "theta": 3.148827075958252,
    "speed": 3.706176310578999,
    "target_speed": 4.0,
    "x_command": 11.28737821483189,
    "y_command": -275.7092288914116,
    "command": 4,
    "waypoints": [
        [
            34.87651062011719,
            -275.5310974121094,
            3.1488265980587755
        ],
        [
            32.89871597290039,
            -275.54541015625,
            3.1488265980587755
        ],
        [
            30.90011215209961,
            -275.55987548828125,
            3.1488265980587755
        ],
        [
            28.89596939086914,
            -275.5743713378906,
            3.1488265980587755
        ],
        [
            26.888002395629883,
            -275.5888977050781,
            3.1488265980587755
        ],
        [
            24.87896156311035,
            -275.6034240722656,
            3.1488265980587755
        ],
        [
            22.86981201171875,
            -275.6179504394531,
            3.1488265980587755
        ],
        [
            20.860658645629883,
            -275.6324768066406,
            3.1488265980587755
        ]
    ],
    "steer": -0.0,
    "throttle": 0.75,
    "brake": false,
    "junction": false,
    "vehicle_hazard": [
        false,
        false,
        false,
        false,
        false,
        false,
        false,
        false,
        false,
        false,
        false,
        false,
        false,
        false,
        false,
        false,
        false,
        false,
        false,
        false,
        false,
        false,
        false,
        false,
        false,
        false,
        false,
        false,
        false,
        false,
        false,
        false,
        false,
        false,
        false,
        false,
        false,
        false,
        false,
        false,
        false,
        false,
        false,
        false,
        false,
        false,
        false,
        false,
        false,
        false,
        false,
        false,
        false,
        false,
        false,
        false,
        false,
        false,
        false,
        false,
        false,
        false,
        false,
        false,
        false,
        false,
        false,
        false,
        false,
        false,
        false,
        false,
        false,
        false,
        false,
        false,
        false,
        false,
        false,
        false
    ],
    "light_hazard": false,
    "walker_hazard": [
        false,
        false,
        false,
        false,
        false,
        false,
        false,
        false,
        false,
        false,
        false,
        false,
        false,
        false,
        false,
        false,
        false,
        false,
        false,
        false,
        false,
        false,
        false,
        false,
        false,
        false,
        false,
        false,
        false,
        false,
        false,
        false,
        false,
        false,
        false,
        false,
        false,
        false,
        false,
        false,
        false,
        false,
        false,
        false,
        false,
        false,
        false,
        false,
        false,
        false,
        false,
        false,
        false,
        false,
        false,
        false,
        false,
        false,
        false,
        false,
        false,
        false,
        false,
        false,
        false,
        false,
        false,
        false,
        false,
        false,
        false,
        false,
        false,
        false,
        false,
        false,
        false,
        false,
        false,
        false
    ],
    "stop_sign_hazard": false,
    "angle": 5.212183283706684e-06,
    "ego_matrix": [
        [
            -0.007295824121683836,
            -0.9999733567237854,
            -8.024070666579064e-06,
            -275.5174255371094
        ],
        [
            0.9999731183052063,
            -0.007295828312635422,
            0.0006519142771139741,
            -36.7769889831543
        ],
        [
            -0.0006519554881379008,
            -3.2676032333256444e-06,
            0.9999997615814209,
            0.03374172002077103
        ],
        [
            0.0,
            0.0,
            0.0,
            1.0
        ]
    ]
}