{
    "x": 34.820230354456285,
    "y": -275.530701059137,
    "theta": 3.1484460830688477,
    "speed": 4.1226291096424355,
    "target_speed": 4.0,
    "x_command": 11.28737821483189,
    "y_command": -275.7092288914116,
    "command": 4,
    "waypoints": [
        [
            32.75366973876953,
            -275.544921875,
            3.148482783962046
        ],
        [
            30.683229446411133,
            -275.55975341796875,
            3.1487126147641202
        ],
        [
            28.609663009643555,
            -275.5748291015625,
            3.1488277964812657
        ],
        [
            26.534147262573242,
            -275.59002685546875,
            3.148885453918866
        ],
        [
            24.458518981933594,
            -275.60516357421875,
            3.148885453918866
        ],
        [
            22.382892608642578,
            -275.62030029296875,
            3.148885453918866
        ],
        [
            20.307266235351562,
            -275.63543701171875,
            3.148885453918866
        ],
        [
            18.231637954711914,
            -275.65057373046875,
            3.148885453918866
        ]
    ],
    "steer": 0.0,
    "throttle": 0.06660191578477057,
    "brake": false,
    "junction": false,
    "vehicle_hazard": [
        false,
        false,
        false,
        false,
        false,
        false,
        false,
        false,
        false,
        false,
        false,
        false,
        false,
        false,
        false,
        false,
        false,
        false,
        false,
        false,
        false,
        false,
        false,
        false,
        false,
        false,
        false,
        false,
        false,
        false,
        false,
        false,
        false,
        false,
        false,
        false,
        false,
        false,
        false,
        false,
        false,
        false,
        false,
        false,
        false,
        false,
        false,
        false,
        false,
        false,
        false,
        false,
        false,
        false,
        false,
        false,
        false,
        false,
        false,
        false,
        false,
        false,
        false,
        false,
        false,
        false,
        false,
        false,
        false,
        false,
        false,
        false,
        false,
        false,
        false,
        false,
        false,
        false,
        false,
        false
    ],
    "light_hazard": false,
    "walker_hazard": [
        false,
        false,
        false,
        false,
        false,
        false,
        false,
        false,
        false,
        false,
        false,
        false,
        false,
        false,
        false,
        false,
        false,
        false,
        false,
        false,
        false,
        false,
        false,
        false,
        false,
        false,
        false,
        false,
        false,
        false,
        false,
        false,
        false,
        false,
        false,
        false,
        false,
        false,
        false,
        false,
        false,
        false,
        false,
        false,
        false,
        false,
        false,
        false,
        false,
        false,
        false,
        false,
        false,
        false,
        false,
        false,
        false,
        false,
        false,
        false,
        false,
        false,
        false,
        false,
        false,
        false,
        false,
        false,
        false,
        false,
        false,
        false,
        false,
        false,
        false,
        false,
        false,
        false,
        false,
        false
    ],
    "stop_sign_hazard": false,
    "angle": 0.0001371658304244884,
    "ego_matrix": [
        [
            -0.006901014130562544,
            -0.9999761581420898,
            -8.970402632257901e-06,
            -275.53070068359375
        ],
        [
            0.9999760985374451,
            -0.006901009939610958,
            -0.00039954172098077834,
            -34.81863021850586
        ],
        [
            0.0003994703001808375,
            -1.172743122879183e-05,
            0.9999999403953552,
            0.03321849927306175
        ],
        [
            0.0,
            0.0,
            0.0,
            1.0
        ]
    ]
}