{
    "x": 32.909070751009345,
    "y": -275.5441593111085,
    "theta": 3.1486687660217285,
    "speed": 3.8031077394820465,
    "target_speed": 4.0,
    "x_command": 11.28737821483189,
    "y_command": -275.7092288914116,
    "command": 4,
    "waypoints": [
        [
            30.964174270629883,
            -275.5578308105469,
            3.1486730668219325
        ],
        [
            28.973369598388672,
            -275.57220458984375,
            3.148783454849116
        ],
        [
            26.971277236938477,
            -275.5867614746094,
            3.1488389817578444
        ],
        [
            24.964279174804688,
            -275.6012878417969,
            3.1488389817578444
        ],
        [
            22.954740524291992,
            -275.61602783203125,
            3.1488947749826814
        ],
        [
            20.944753646850586,
            -275.6307067871094,
            3.1488947749826814
        ],
        [
            18.93474006652832,
            -275.6453857421875,
            3.1488947749826814
        ],
        [
            16.924724578857422,
            -275.6600646972656,
            3.1488947749826814
        ]
    ],
    "steer": 0.0,
    "throttle": 0.75,
    "brake": false,
    "junction": false,
    "vehicle_hazard": [
        false,
        false,
        false,
        false,
        false,
        false,
        false,
        false,
        false,
        false,
        false,
        false,
        false,
        false,
        false,
        false,
        false,
        false,
        false,
        false,
        false,
        false,
        false,
        false,
        false,
        false,
        false,
        false,
        false,
        false,
        false,
        false,
        false,
        false,
        false,
        false,
        false,
        false,
        false,
        false,
        false,
        false,
        false,
        false,
        false,
        false,
        false,
        false,
        false,
        false,
        false,
        false,
        false,
        false,
        false,
        false,
        false,
        false,
        false,
        false,
        false,
        false,
        false,
        false,
        false,
        false,
        false,
        false,
        false,
        false,
        false,
        false,
        false,
        false,
        false,
        false,
        false,
        false,
        false,
        false
    ],
    "light_hazard": false,
    "walker_hazard": [
        false,
        false,
        false,
        false,
        false,
        false,
        false,
        false,
        false,
        false,
        false,
        false,
        false,
        false,
        false,
        false,
        false,
        false,
        false,
        false,
        false,
        false,
        false,
        false,
        false,
        false,
        false,
        false,
        false,
        false,
        false,
        false,
        false,
        false,
        false,
        false,
        false,
        false,
        false,
        false,
        false,
        false,
        false,
        false,
        false,
        false,
        false,
        false,
        false,
        false,
        false,
        false,
        false,
        false,
        false,
        false,
        false,
        false,
        false,
        false,
        false,
        false,
        false,
        false,
        false,
        false,
        false,
        false,
        false,
        false,
        false,
        false,
        false,
        false,
        false,
        false,
        false,
        false,
        false,
        false
    ],
    "stop_sign_hazard": false,
    "angle": 0.00024692060868797565,
    "ego_matrix": [
        [
            -0.007083042990416288,
            -0.9999749064445496,
            1.1887999789905734e-05,
            -275.5441589355469
        ],
        [
            0.9999749064445496,
            -0.007083042524755001,
            5.122626680531539e-05,
            -32.90755844116211
        ],
        [
            -5.114078157930635e-05,
            1.2250539839442354e-05,
            1.0,
            0.033442649990320206
        ],
        [
            0.0,
            0.0,
            0.0,
            1.0
        ]
    ]
}