{
    "x": 30.90505142754299,
    "y": -275.55810584433067,
    "theta": 3.148719072341919,
    "speed": 3.8093752316998786,
    "target_speed": 4.0,
    "x_command": 11.28737821483189,
    "y_command": -275.7092288914116,
    "command": 4,
    "waypoints": [
        [
            28.957759857177734,
            -275.572265625,
            3.148853495985785
        ],
        [
            26.966691970825195,
            -275.5867004394531,
            3.148853495985785
        ],
        [
            24.965417861938477,
            -275.60125732421875,
            3.148853495985785
        ],
        [
            22.960674285888672,
            -275.615966796875,
            3.148909156052568
        ],
        [
            20.95405387878418,
            -275.6306457519531,
            3.148909156052568
        ],
        [
            18.946992874145508,
            -275.64532470703125,
            3.148909156052568
        ],
        [
            16.939905166625977,
            -275.6600036621094,
            3.148909156052568
        ],
        [
            14.93282413482666,
            -275.6758117675781,
            3.1494107624438845
        ]
    ],
    "steer": 0.0,
    "throttle": 0.75,
    "brake": false,
    "junction": false,
    "vehicle_hazard": [
        false,
        false,
        false,
        false,
        false,
        false,
        false,
        false,
        false,
        false,
        false,
        false,
        false,
        false,
        false,
        false,
        false,
        false,
        false,
        false,
        false,
        false,
        false,
        false,
        false,
        false,
        false,
        false,
        false,
        false,
        false,
        false,
        false,
        false,
        false,
        false,
        false,
        false,
        false,
        false,
        false,
        false,
        false,
        false,
        false,
        false,
        false,
        false,
        false,
        false,
        false,
        false,
        false,
        false,
        false,
        false,
        false,
        false,
        false,
        false,
        false,
        false,
        false,
        false,
        false,
        false,
        false,
        false,
        false,
        false,
        false,
        false,
        false,
        false,
        false,
        false,
        false,
        false,
        false,
        false
    ],
    "light_hazard": false,
    "walker_hazard": [
        false,
        false,
        false,
        false,
        false,
        false,
        false,
        false,
        false,
        false,
        false,
        false,
        false,
        false,
        false,
        false,
        false,
        false,
        false,
        false,
        false,
        false,
        false,
        false,
        false,
        false,
        false,
        false,
        false,
        false,
        false,
        false,
        false,
        false,
        false,
        false,
        false,
        false,
        false,
        false,
        false,
        false,
        false,
        false,
        false,
        false,
        false,
        false,
        false,
        false,
        false,
        false,
        false,
        false,
        false,
        false,
        false,
        false,
        false,
        false,
        false,
        false,
        false,
        false,
        false,
        false,
        false,
        false,
        false,
        false,
        false,
        false,
        false,
        false,
        false,
        false,
        false,
        false,
        false,
        false
    ],
    "stop_sign_hazard": false,
    "angle": 0.0008610253583645676,
    "ego_matrix": [
        [
            -0.007088764104992151,
            -0.9999748468399048,
            1.6047972167143598e-05,
            -275.55810546875
        ],
        [
            0.99997478723526,
            -0.007088759448379278,
            0.0002908725291490555,
            -30.90363121032715
        ],
        [
            -0.00029075145721435547,
            1.8109492884832434e-05,
            0.9999999403953552,
            0.03356204926967621
        ],
        [
            0.0,
            0.0,
            0.0,
            1.0
        ]
    ]
}