{
    "x": 28.989247217555135,
    "y": -275.5718692720838,
    "theta": 3.148793935775757,
    "speed": 4.139396598573909,
    "target_speed": 4.0,
    "x_command": 11.28737821483189,
    "y_command": -275.7092288914116,
    "command": 4,
    "waypoints": [
        [
            26.914960861206055,
            -275.587158203125,
            3.1488926444538095
        ],
        [
            24.8355770111084,
            -275.6023254394531,
            3.1488926444538095
        ],
        [
            22.75191879272461,
            -275.6175537109375,
            3.1488926444538095
        ],
        [
            20.665782928466797,
            -275.6327819824219,
            3.1488926444538095
        ],
        [
            18.57937240600586,
            -275.64801025390625,
            3.1488926444538095
        ],
        [
            16.492963790893555,
            -275.66339111328125,
            3.1490084919612276
        ],
        [
            14.40656566619873,
            -275.68023681640625,
            3.1495878626563742
        ],
        [
            12.320198059082031,
            -275.7004699707031,
            3.151209994076342
        ]
    ],
    "steer": 0.001,
    "throttle": 0.05925229522250307,
    "brake": false,
    "junction": false,
    "vehicle_hazard": [
        false,
        false,
        false,
        false,
        false,
        false,
        false,
        false,
        false,
        false,
        false,
        false,
        false,
        false,
        false,
        false,
        false,
        false,
        false,
        false,
        false,
        false,
        false,
        false,
        false,
        false,
        false,
        false,
        false,
        false,
        false,
        false,
        false,
        false,
        false,
        false,
        false,
        false,
        false,
        false,
        false,
        false,
        false,
        false,
        false,
        false,
        false,
        false,
        false,
        false,
        false,
        false,
        false,
        false,
        false,
        false,
        false,
        false,
        false,
        false,
        false,
        false,
        false,
        false,
        false,
        false,
        false,
        false,
        false,
        false,
        false,
        false,
        false,
        false,
        false,
        false,
        false,
        false,
        false,
        false
    ],
    "light_hazard": false,
    "walker_hazard": [
        false,
        false,
        false,
        false,
        false,
        false,
        false,
        false,
        false,
        false,
        false,
        false,
        false,
        false,
        false,
        false,
        false,
        false,
        false,
        false,
        false,
        false,
        false,
        false,
        false,
        false,
        false,
        false,
        false,
        false,
        false,
        false,
        false,
        false,
        false,
        false,
        false,
        false,
        false,
        false,
        false,
        false,
        false,
        false,
        false,
        false,
        false,
        false,
        false,
        false,
        false,
        false,
        false,
        false,
        false,
        false,
        false,
        false,
        false,
        false,
        false,
        false,
        false,
        false,
        false,
        false,
        false,
        false,
        false,
        false,
        false,
        false,
        false,
        false,
        false,
        false,
        false,
        false,
        false,
        false
    ],
    "stop_sign_hazard": false,
    "angle": 0.002671965893370778,
    "ego_matrix": [
        [
            -0.007176380604505539,
            -0.999974250793457,
            -9.244645298167598e-07,
            -275.5718688964844
        ],
        [
            0.9999741315841675,
            -0.00717637874186039,
            -0.0005417075008153915,
            -28.9879150390625
        ],
        [
            0.0005416869535110891,
            -4.81194001622498e-06,
            0.9999998807907104,
            0.033147621899843216
        ],
        [
            0.0,
            0.0,
            0.0,
            1.0
        ]
    ]
}