{
    "x": 27.042416646697582,
    "y": -275.5862125338221,
    "theta": 3.1488022804260254,
    "speed": 3.698972213830466,
    "target_speed": 4.0,
    "x_command": 11.28737821483189,
    "y_command": -275.7092288914116,
    "command": 4,
    "waypoints": [
        [
            25.14426612854004,
            -275.60009765625,
            3.14888851655412
        ],
        [
            23.168310165405273,
            -275.614501953125,
            3.14888851655412
        ],
        [
            21.16924285888672,
            -275.62908935546875,
            3.14888851655412
        ],
        [
            19.163333892822266,
            -275.64373779296875,
            3.14888851655412
        ],
        [
            17.15316390991211,
            -275.65838623046875,
            3.14888851655412
        ],
        [
            15.141863822937012,
            -275.67401123046875,
            3.1493353949850347
        ],
        [
            13.130465507507324,
            -275.6918029785156,
            3.150396531521377
        ],
        [
            11.119118690490723,
            -275.7146301269531,
            3.1526864505846817
        ]
    ],
    "steer": 0.001,
    "throttle": 0.75,
    "brake": false,
    "junction": false,
    "vehicle_hazard": [
        false,
        false,
        false,
        false,
        false,
        false,
        false,
        false,
        false,
        false,
        false,
        false,
        false,
        false,
        false,
        false,
        false,
        false,
        false,
        false,
        false,
        false,
        false,
        false,
        false,
        false,
        false,
        false,
        false,
        false,
        false,
        false,
        false,
        false,
        false,
        false,
        false,
        false,
        false,
        false,
        false,
        false,
        false,
        false,
        false,
        false,
        false,
        false,
        false,
        false,
        false,
        false,
        false,
        false,
        false,
        false,
        false,
        false,
        false,
        false,
        false,
        false,
        false,
        false,
        false,
        false,
        false,
        false,
        false,
        false,
        false,
        false,
        false,
        false,
        false,
        false,
        false,
        false,
        false,
        false
    ],
    "light_hazard": false,
    "walker_hazard": [
        false,
        false,
        false,
        false,
        false,
        false,
        false,
        false,
        false,
        false,
        false,
        false,
        false,
        false,
        false,
        false,
        false,
        false,
        false,
        false,
        false,
        false,
        false,
        false,
        false,
        false,
        false,
        false,
        false,
        false,
        false,
        false,
        false,
        false,
        false,
        false,
        false,
        false,
        false,
        false,
        false,
        false,
        false,
        false,
        false,
        false,
        false,
        false,
        false,
        false,
        false,
        false,
        false,
        false,
        false,
        false,
        false,
        false,
        false,
        false,
        false,
        false,
        false,
        false,
        false,
        false,
        false,
        false,
        false,
        false,
        false,
        false,
        false,
        false,
        false,
        false,
        false,
        false,
        false,
        false
    ],
    "stop_sign_hazard": false,
    "angle": 0.0030223793435588354,
    "ego_matrix": [
        [
            -0.007261732593178749,
            -0.9999736547470093,
            -1.989069914998254e-06,
            -275.5862121582031
        ],
        [
            0.9999735951423645,
            -0.007261733058840036,
            0.00034725136356428266,
            -27.041173934936523
        ],
        [
            -0.0003472566313575953,
            5.326292011886835e-07,
            0.9999999403953552,
            0.033590011298656464
        ],
        [
            0.0,
            0.0,
            0.0,
            1.0
        ]
    ]
}