{
    "x": 25.04551778448235,
    "y": -275.6011356295455,
    "theta": 3.1489415168762207,
    "speed": 3.9824986336242247,
    "target_speed": 4.0,
    "x_command": 11.28737821483189,
    "y_command": -275.7092288914116,
    "command": 4,
    "waypoints": [
        [
            23.047157287597656,
            -275.6160888671875,
            3.149056029386686
        ],
        [
            21.04312515258789,
            -275.63104248046875,
            3.149056029386686
        ],
        [
            19.03557777404785,
            -275.6460266113281,
            3.149056029386686
        ],
        [
            17.026479721069336,
            -275.6610107421875,
            3.149056029386686
        ],
        [
            15.017294883728027,
            -275.6769714355469,
            3.1495023751853832
        ],
        [
            13.008123397827148,
            -275.6948547363281,
            3.1504508600076147
        ],
        [
            10.99899959564209,
            -275.7174987792969,
            3.1525708693933723
        ],
        [
            8.989948272705078,
            -275.745849609375,
            3.1553046042523385
        ]
    ],
    "steer": 0.0,
    "throttle": 0.15270605589523115,
    "brake": false,
    "junction": false,
    "vehicle_hazard": [
        false,
        false,
        false,
        false,
        false,
        false,
        false,
        false,
        false,
        false,
        false,
        false,
        false,
        false,
        false,
        false,
        false,
        false,
        false,
        false,
        false,
        false,
        false,
        false,
        false,
        false,
        false,
        false,
        false,
        false,
        false,
        false,
        false,
        false,
        false,
        false,
        false,
        false,
        false,
        false,
        false,
        false,
        false,
        false,
        false,
        false,
        false,
        false,
        false,
        false,
        false,
        false,
        false,
        false,
        false,
        false,
        false,
        false,
        false,
        false,
        false,
        false,
        false,
        false,
        false,
        false,
        false,
        false,
        false,
        false,
        false,
        false,
        false,
        false,
        false,
        false,
        false,
        false,
        false,
        false
    ],
    "light_hazard": false,
    "walker_hazard": [
        false,
        false,
        false,
        false,
        false,
        false,
        false,
        false,
        false,
        false,
        false,
        false,
        false,
        false,
        false,
        false,
        false,
        false,
        false,
        false,
        false,
        false,
        false,
        false,
        false,
        false,
        false,
        false,
        false,
        false,
        false,
        false,
        false,
        false,
        false,
        false,
        false,
        false,
        false,
        false,
        false,
        false,
        false,
        false,
        false,
        false,
        false,
        false,
        false,
        false,
        false,
        false,
        false,
        false,
        false,
        false,
        false,
        false,
        false,
        false,
        false,
        false,
        false,
        false,
        false,
        false,
        false,
        false,
        false,
        false,
        false,
        false,
        false,
        false,
        false,
        false,
        false,
        false,
        false,
        false
    ],
    "stop_sign_hazard": false,
    "angle": 0.002913710964841075,
    "ego_matrix": [
        [
            -0.007423733826726675,
            -0.9999724626541138,
            -1.7951011841432774e-06,
            -275.60113525390625
        ],
        [
            0.9999724626541138,
            -0.007423733826726675,
            -3.732685945578851e-05,
            -25.04436683654785
        ],
        [
            3.7312503991415724e-05,
            -2.0721563487313688e-06,
            1.0,
            0.03339870274066925
        ],
        [
            0.0,
            0.0,
            0.0,
            1.0
        ]
    ]
}