{
    "x": 23.144356960745835,
    "y": -275.61535682097116,
    "theta": 3.149101972579956,
    "speed": 4.016923992479324,
    "target_speed": 4.0,
    "x_command": 11.28737821483189,
    "y_command": -275.7092288914116,
    "command": 4,
    "waypoints": [
        [
            21.132139205932617,
            -275.6302490234375,
            3.149027400404967
        ],
        [
            19.114524841308594,
            -275.6452331542969,
            3.149027400404967
        ],
        [
            17.09232521057129,
            -275.6602783203125,
            3.149027400404967
        ],
        [
            15.067389488220215,
            -275.6763000488281,
            3.1494772083130815
        ],
        [
            13.041955947875977,
            -275.6944885253906,
            3.150545801700476
        ],
        [
            11.016568183898926,
            -275.7171936035156,
            3.1525706030772636
        ],
        [
            8.991255760192871,
            -275.74578857421875,
            3.155326442173277
        ],
        [
            6.966027736663818,
            -275.7798767089844,
            3.1579697627132353
        ]
    ],
    "steer": -0.0,
    "throttle": 0.0,
    "brake": false,
    "junction": false,
    "vehicle_hazard": [
        false,
        false,
        false,
        false,
        false,
        false,
        false,
        false,
        false,
        false,
        false,
        false,
        false,
        false,
        false,
        false,
        false,
        false,
        false,
        false,
        false,
        false,
        false,
        false,
        false,
        false,
        false,
        false,
        false,
        false,
        false,
        false,
        false,
        false,
        false,
        false,
        false,
        false,
        false,
        false,
        false,
        false,
        false,
        false,
        false,
        false,
        false,
        false,
        false,
        false,
        false,
        false,
        false,
        false,
        false,
        false,
        false,
        false,
        false,
        false,
        false,
        false,
        false,
        false,
        false,
        false,
        false,
        false,
        false,
        false,
        false,
        false,
        false,
        false,
        false,
        false,
        false,
        false,
        false,
        false
    ],
    "light_hazard": false,
    "walker_hazard": [
        false,
        false,
        false,
        false,
        false,
        false,
        false,
        false,
        false,
        false,
        false,
        false,
        false,
        false,
        false,
        false,
        false,
        false,
        false,
        false,
        false,
        false,
        false,
        false,
        false,
        false,
        false,
        false,
        false,
        false,
        false,
        false,
        false,
        false,
        false,
        false,
        false,
        false,
        false,
        false,
        false,
        false,
        false,
        false,
        false,
        false,
        false,
        false,
        false,
        false,
        false,
        false,
        false,
        false,
        false,
        false,
        false,
        false,
        false,
        false,
        false,
        false,
        false,
        false,
        false,
        false,
        false,
        false,
        false,
        false,
        false,
        false,
        false,
        false,
        false,
        false,
        false,
        false,
        false,
        false
    ],
    "stop_sign_hazard": false,
    "angle": 0.0020259315677483465,
    "ego_matrix": [
        [
            -0.007487747352570295,
            -0.9999719858169556,
            -3.4281251828360837e-06,
            -275.6153564453125
        ],
        [
            0.9999719262123108,
            -0.007487745489925146,
            -0.00035396794555708766,
            -23.143293380737305
        ],
        [
            0.0003539323515724391,
            -6.07845095146331e-06,
            0.9999999403953552,
            0.03324108198285103
        ],
        [
            0.0,
            0.0,
            0.0,
            1.0
        ]
    ]
}