{
    "x": 21.156897998808933,
    "y": -275.6291812838806,
    "theta": 3.1486687660217285,
    "speed": 3.678957197202039,
    "target_speed": 4.0,
    "x_command": 11.28737821483189,
    "y_command": -275.7092288914116,
    "command": 4,
    "waypoints": [
        [
            19.26896095275879,
            -275.6427001953125,
            3.1487360505817126
        ],
        [
            17.297679901123047,
            -275.656982421875,
            3.1488461722927874
        ],
        [
            15.299802780151367,
            -275.6727294921875,
            3.1494010419059055
        ],
        [
            13.294855117797852,
            -275.69036865234375,
            3.1503477956734285
        ],
        [
            11.28547191619873,
            -275.7127990722656,
            3.1525241309162415
        ],
        [
            9.274812698364258,
            -275.74127197265625,
            3.155315922686971
        ],
        [
            7.264078617095947,
            -275.77496337890625,
            3.157884541558353
        ],
        [
            5.253407955169678,
            -275.8124084472656,
            3.1598389023243074
        ]
    ],
    "steer": 0.0,
    "throttle": 0.75,
    "brake": false,
    "junction": false,
    "vehicle_hazard": [
        false,
        false,
        false,
        false,
        false,
        false,
        false,
        false,
        false,
        false,
        false,
        false,
        false,
        false,
        false,
        false,
        false,
        false,
        false,
        false,
        false,
        false,
        false,
        false,
        false,
        false,
        false,
        false,
        false,
        false,
        false,
        false,
        false,
        false,
        false,
        false,
        false,
        false,
        false,
        false,
        false,
        false,
        false,
        false,
        false,
        false,
        false,
        false,
        false,
        false,
        false,
        false,
        false,
        false,
        false,
        false,
        false,
        false,
        false,
        false,
        false,
        false,
        false,
        false,
        false,
        false,
        false,
        false,
        false,
        false,
        false,
        false,
        false,
        false,
        false,
        false,
        false,
        false,
        false,
        false
    ],
    "light_hazard": false,
    "walker_hazard": [
        false,
        false,
        false,
        false,
        false,
        false,
        false,
        false,
        false,
        false,
        false,
        false,
        false,
        false,
        false,
        false,
        false,
        false,
        false,
        false,
        false,
        false,
        false,
        false,
        false,
        false,
        false,
        false,
        false,
        false,
        false,
        false,
        false,
        false,
        false,
        false,
        false,
        false,
        false,
        false,
        false,
        false,
        false,
        false,
        false,
        false,
        false,
        false,
        false,
        false,
        false,
        false,
        false,
        false,
        false,
        false,
        false,
        false,
        false,
        false,
        false,
        false,
        false,
        false,
        false,
        false,
        false,
        false,
        false,
        false,
        false,
        false,
        false,
        false,
        false,
        false,
        false,
        false,
        false,
        false
    ],
    "stop_sign_hazard": false,
    "angle": 0.0008413415453622221,
    "ego_matrix": [
        [
            -0.006979451514780521,
            -0.9999756217002869,
            -1.0477435353095643e-05,
            -275.6291809082031
        ],
        [
            0.9999755024909973,
            -0.006979455705732107,
            0.0004883391666226089,
            -21.155925750732422
        ],
        [
            -0.0004884004592895508,
            -7.068839295243379e-06,
            0.9999998807907104,
            0.033660467714071274
        ],
        [
            0.0,
            0.0,
            0.0,
            1.0
        ]
    ]
}