{
    "x": 19.18679098474349,
    "y": -275.6433109225718,
    "theta": 3.148660182952881,
    "speed": 4.107056859558141,
    "target_speed": 4.0,
    "x_command": 11.28737821483189,
    "y_command": -275.7092288914116,
    "command": 4,
    "waypoints": [
        [
            17.12948989868164,
            -275.6582336425781,
            3.1488451070283516
        ],
        [
            15.067225456237793,
            -275.6745300292969,
            3.1494178198207727
        ],
        [
            13.001360893249512,
            -275.693115234375,
            3.150565242776434
        ],
        [
            10.933699607849121,
            -275.71728515625,
            3.153034259423046
        ],
        [
            8.866037368774414,
            -275.7476806640625,
            3.1559051470781516
        ],
        [
            6.798459529876709,
            -275.7833557128906,
            3.158431554846255
        ],
        [
            4.730947494506836,
            -275.8226623535156,
            3.160269002840355
        ],
        [
            2.663463830947876,
            -275.86346435546875,
            3.161130269136887
        ]
    ],
    "steer": 0.001,
    "throttle": 0.050820042451572386,
    "brake": false,
    "junction": false,
    "vehicle_hazard": [
        false,
        false,
        false,
        false,
        false,
        false,
        false,
        false,
        false,
        false,
        false,
        false,
        false,
        false,
        false,
        false,
        false,
        false,
        false,
        false,
        false,
        false,
        false,
        false,
        false,
        false,
        false,
        false,
        false,
        false,
        false,
        false,
        false,
        false,
        false,
        false,
        false,
        false,
        false,
        false,
        false,
        false,
        false,
        false,
        false,
        false,
        false,
        false,
        false,
        false,
        false,
        false,
        false,
        false,
        false,
        false,
        false,
        false,
        false,
        false,
        false,
        false,
        false,
        false,
        false,
        false,
        false,
        false,
        false,
        false,
        false,
        false,
        false,
        false,
        false,
        false,
        false,
        false,
        false,
        false
    ],
    "light_hazard": false,
    "walker_hazard": [
        false,
        false,
        false,
        false,
        false,
        false,
        false,
        false,
        false,
        false,
        false,
        false,
        false,
        false,
        false,
        false,
        false,
        false,
        false,
        false,
        false,
        false,
        false,
        false,
        false,
        false,
        false,
        false,
        false,
        false,
        false,
        false,
        false,
        false,
        false,
        false,
        false,
        false,
        false,
        false,
        false,
        false,
        false,
        false,
        false,
        false,
        false,
        false,
        false,
        false,
        false,
        false,
        false,
        false,
        false,
        false,
        false,
        false,
        false,
        false,
        false,
        false,
        false,
        false,
        false,
        false,
        false,
        false,
        false,
        false,
        false,
        false,
        false,
        false,
        false,
        false,
        false,
        false,
        false,
        false
    ],
    "stop_sign_hazard": false,
    "angle": -0.00024094782536336165,
    "ego_matrix": [
        [
            -0.0070990161038935184,
            -0.99997478723526,
            -1.4620170077250805e-05,
            -275.643310546875
        ],
        [
            0.9999747276306152,
            -0.007099010515958071,
            -0.0003474883851595223,
            -19.185909271240234
        ],
        [
            0.0003473758406471461,
            -1.7086626030504704e-05,
            0.9999999403953552,
            0.03324432298541069
        ],
        [
            0.0,
            0.0,
            0.0,
            1.0
        ]
    ]
}