{
    "x": 17.274959963445443,
    "y": -275.65713538548124,
    "theta": 3.1488022804260254,
    "speed": 3.87879143216798,
    "target_speed": 4.0,
    "x_command": -14.011780909930327,
    "y_command": -276.0399173684248,
    "command": 3,
    "waypoints": [
        [
            15.306159019470215,
            -275.6727294921875,
            3.14941329244692
        ],
        [
            13.309630393981934,
            -275.6903076171875,
            3.1503564509469713
        ],
        [
            11.305967330932617,
            -275.7126770019531,
            3.152526660919277
        ],
        [
            9.298479080200195,
            -275.740966796875,
            3.1552582652493713
        ],
        [
            7.289437770843506,
            -275.7745056152344,
            3.1578247535918806
        ],
        [
            5.280265808105469,
            -275.8119201660156,
            3.159833442844073
        ],
        [
            3.2711269855499268,
            -275.8513488769531,
            3.1609494404988707
        ],
        [
            1.261995553970337,
            -275.8911437988281,
            3.1612841998478936
        ]
    ],
    "steer": 0.001,
    "throttle": 0.5940077159540066,
    "brake": false,
    "junction": false,
    "vehicle_hazard": [
        false,
        false,
        false,
        false,
        false,
        false,
        false,
        false,
        false,
        false,
        false,
        false,
        false,
        false,
        false,
        false,
        false,
        false,
        false,
        false,
        false,
        false,
        false,
        false,
        false,
        false,
        false,
        false,
        false,
        false,
        false,
        false,
        false,
        false,
        false,
        false,
        false,
        false,
        false,
        false,
        false,
        false,
        false,
        false,
        false,
        false,
        false,
        false,
        false,
        false,
        false,
        false,
        false,
        false,
        false,
        false,
        false,
        false,
        false,
        false,
        false,
        false,
        false,
        false,
        false,
        false,
        false,
        false,
        false,
        false,
        false,
        false,
        false,
        false,
        false,
        false,
        false,
        false,
        false,
        false
    ],
    "light_hazard": false,
    "walker_hazard": [
        false,
        false,
        false,
        false,
        false,
        false,
        false,
        false,
        false,
        false,
        false,
        false,
        false,
        false,
        false,
        false,
        false,
        false,
        false,
        false,
        false,
        false,
        false,
        false,
        false,
        false,
        false,
        false,
        false,
        false,
        false,
        false,
        false,
        false,
        false,
        false,
        false,
        false,
        false,
        false,
        false,
        false,
        false,
        false,
        false,
        false,
        false,
        false,
        false,
        false,
        false,
        false,
        false,
        false,
        false,
        false,
        false,
        false,
        false,
        false,
        false,
        false,
        false,
        false,
        false,
        false,
        false,
        false,
        false,
        false,
        false,
        false,
        false,
        false,
        false,
        false,
        false,
        false,
        false,
        false
    ],
    "stop_sign_hazard": false,
    "angle": -0.0005597408618610758,
    "ego_matrix": [
        [
            -0.007257799152284861,
            -0.9999736547470093,
            1.0178921911574434e-05,
            -275.6571350097656
        ],
        [
            0.9999736547470093,
            -0.007257800083607435,
            -8.146742766257375e-05,
            -17.274166107177734
        ],
        [
            8.153915405273438e-05,
            9.58738019107841e-06,
            1.0,
            0.03337673097848892
        ],
        [
            0.0,
            0.0,
            0.0,
            1.0
        ]
    ]
}