{
    "x": 15.274567630965269,
    "y": -275.67276038550256,
    "theta": 3.1493899822235107,
    "speed": 3.7324304499058614,
    "target_speed": 4.0,
    "x_command": -14.011780909930327,
    "y_command": -276.0399173684248,
    "command": 3,
    "waypoints": [
        [
            13.360780715942383,
            -275.6895446777344,
            3.15030704930875
        ],
        [
            11.379063606262207,
            -275.7115478515625,
            3.1524548887278994
        ],
        [
            9.379552841186523,
            -275.7397155761719,
            3.155231234164307
        ],
        [
            7.374893665313721,
            -275.77313232421875,
            3.157791996710473
        ],
        [
            5.367042541503906,
            -275.8103332519531,
            3.1597435611572826
        ],
        [
            3.3583545684814453,
            -275.8497314453125,
            3.1609150857208084
        ],
        [
            1.3495897054672241,
            -275.88946533203125,
            3.1612497119117773
        ],
        [
            -0.659199059009552,
            -275.927978515625,
            3.160747706046297
        ]
    ],
    "steer": 0.001,
    "throttle": 0.75,
    "brake": false,
    "junction": false,
    "vehicle_hazard": [
        false,
        false,
        false,
        false,
        false,
        false,
        false,
        false,
        false,
        false,
        false,
        false,
        false,
        false,
        false,
        false,
        false,
        false,
        false,
        false,
        false,
        false,
        false,
        false,
        false,
        false,
        false,
        false,
        false,
        false,
        false,
        false,
        false,
        false,
        false,
        false,
        false,
        false,
        false,
        false,
        false,
        false,
        false,
        false,
        false,
        false,
        false,
        false,
        false,
        false,
        false,
        false,
        false,
        false,
        false,
        false,
        false,
        false,
        false,
        false,
        false,
        false,
        false,
        false,
        false,
        false,
        false,
        false,
        false,
        false,
        false,
        false,
        false,
        false,
        false,
        false,
        false,
        false,
        false,
        false
    ],
    "light_hazard": false,
    "walker_hazard": [
        false,
        false,
        false,
        false,
        false,
        false,
        false,
        false,
        false,
        false,
        false,
        false,
        false,
        false,
        false,
        false,
        false,
        false,
        false,
        false,
        false,
        false,
        false,
        false,
        false,
        false,
        false,
        false,
        false,
        false,
        false,
        false,
        false,
        false,
        false,
        false,
        false,
        false,
        false,
        false,
        false,
        false,
        false,
        false,
        false,
        false,
        false,
        false,
        false,
        false,
        false,
        false,
        false,
        false,
        false,
        false,
        false,
        false,
        false,
        false,
        false,
        false,
        false,
        false,
        false,
        false,
        false,
        false,
        false,
        false,
        false,
        false,
        false,
        false,
        false,
        false,
        false,
        false,
        false,
        false
    ],
    "stop_sign_hazard": false,
    "angle": -0.0012912525821409282,
    "ego_matrix": [
        [
            -0.007751072756946087,
            -0.9999699592590332,
            7.973127139848657e-06,
            -275.6727600097656
        ],
        [
            0.9999698996543884,
            -0.007751068565994501,
            0.00041444573435001075,
            -15.273865699768066
        ],
        [
            -0.0004143714904785156,
            1.1185285984538496e-05,
            0.9999999403953552,
            0.03362365812063217
        ],
        [
            0.0,
            0.0,
            0.0,
            1.0
        ]
    ]
}