{
    "x": 13.349469434947846,
    "y": -275.6896671238068,
    "theta": 3.150509834289551,
    "speed": 4.156886010839365,
    "target_speed": 4.0,
    "x_command": -14.011780909930327,
    "y_command": -276.0399173684248,
    "command": 3,
    "waypoints": [
        [
            11.267338752746582,
            -275.71282958984375,
            3.152561282013448
        ],
        [
            9.1796293258667,
            -275.7425537109375,
            3.155459999701945
        ],
        [
            7.087852478027344,
            -275.77801513671875,
            3.158132082381676
        ],
        [
            4.993752956390381,
            -275.8174743652344,
            3.160109346333005
        ],
        [
            2.8994734287261963,
            -275.8587951660156,
            3.1610981780457514
        ],
        [
            0.8051983714103699,
            -275.90032958984375,
            3.16133080516697
        ],
        [
            -1.289117455482483,
            -275.93975830078125,
            3.16045835359386
        ],
        [
            -3.3835015296936035,
            -275.9753723144531,
            3.1587716405174584
        ]
    ],
    "steer": 0.003,
    "throttle": 0.05705645929033607,
    "brake": false,
    "junction": false,
    "vehicle_hazard": [
        false,
        false,
        false,
        false,
        false,
        false,
        false,
        false,
        false,
        false,
        false,
        false,
        false,
        false,
        false,
        false,
        false,
        false,
        false,
        false,
        false,
        false,
        false,
        false,
        false,
        false,
        false,
        false,
        false,
        false,
        false,
        false,
        false,
        false,
        false,
        false,
        false,
        false,
        false,
        false,
        false,
        false,
        false,
        false,
        false,
        false,
        false,
        false,
        false,
        false,
        false,
        false,
        false,
        false,
        false,
        false,
        false,
        false,
        false,
        false,
        false,
        false,
        false,
        false,
        false,
        false,
        false,
        false,
        false,
        false,
        false,
        false,
        false,
        false,
        false,
        false,
        false,
        false,
        false,
        false
    ],
    "light_hazard": false,
    "walker_hazard": [
        false,
        false,
        false,
        false,
        false,
        false,
        false,
        false,
        false,
        false,
        false,
        false,
        false,
        false,
        false,
        false,
        false,
        false,
        false,
        false,
        false,
        false,
        false,
        false,
        false,
        false,
        false,
        false,
        false,
        false,
        false,
        false,
        false,
        false,
        false,
        false,
        false,
        false,
        false,
        false,
        false,
        false,
        false,
        false,
        false,
        false,
        false,
        false,
        false,
        false,
        false,
        false,
        false,
        false,
        false,
        false,
        false,
        false,
        false,
        false,
        false,
        false,
        false,
        false,
        false,
        false,
        false,
        false,
        false,
        false,
        false,
        false,
        false,
        false,
        false,
        false,
        false,
        false,
        false,
        false
    ],
    "stop_sign_hazard": false,
    "angle": -0.002948606429676017,
    "ego_matrix": [
        [
            -0.008777428418397903,
            -0.9999614953994751,
            4.112394162802957e-05,
            -275.6896667480469
        ],
        [
            0.9999613165855408,
            -0.008777450770139694,
            -0.000558632833417505,
            -13.348855972290039
        ],
        [
            0.0005589723004959524,
            3.621898576966487e-05,
            0.9999998211860657,
            0.03313896059989929
        ],
        [
            0.0,
            0.0,
            0.0,
            1.0
        ]
    ]
}