{
    "x": 11.411031585647049,
    "y": -275.71148719219593,
    "theta": 3.152923822402954,
    "speed": 3.747002119271243,
    "target_speed": 4.0,
    "x_command": -14.011780909930327,
    "y_command": -276.0399173684248,
    "command": 3,
    "waypoints": [
        [
            9.490796089172363,
            -275.7380676269531,
            3.155055865006525
        ],
        [
            7.506633281707764,
            -275.7708740234375,
            3.157644857060246
        ],
        [
            5.506153583526611,
            -275.8077392578125,
            3.159644757880841
        ],
        [
            3.5000221729278564,
            -275.84698486328125,
            3.160870211456441
        ],
        [
            1.4905139207839966,
            -275.8867492675781,
            3.161260897188355
        ],
        [
            -0.5197635293006897,
            -275.9255676269531,
            3.160870078298386
        ],
        [
            -2.5301573276519775,
            -275.96124267578125,
            3.159474182413021
        ],
        [
            -4.54062557220459,
            -275.9924621582031,
            3.157352708288664
        ]
    ],
    "steer": 0.004,
    "throttle": 0.75,
    "brake": false,
    "junction": false,
    "vehicle_hazard": [
        false,
        false,
        false,
        false,
        false,
        false,
        false,
        false,
        false,
        false,
        false,
        false,
        false,
        false,
        false,
        false,
        false,
        false,
        false,
        false,
        false,
        false,
        false,
        false,
        false,
        false,
        false,
        false,
        false,
        false,
        false,
        false,
        false,
        false,
        false,
        false,
        false,
        false,
        false,
        false,
        false,
        false,
        false,
        false,
        false,
        false,
        false,
        false,
        false,
        false,
        false,
        false,
        false,
        false,
        false,
        false,
        false,
        false,
        false,
        false,
        false,
        false,
        false,
        false,
        false,
        false,
        false,
        false,
        false,
        false,
        false,
        false,
        false,
        false,
        false,
        false,
        false,
        false,
        false,
        false
    ],
    "light_hazard": false,
    "walker_hazard": [
        false,
        false,
        false,
        false,
        false,
        false,
        false,
        false,
        false,
        false,
        false,
        false,
        false,
        false,
        false,
        false,
        false,
        false,
        false,
        false,
        false,
        false,
        false,
        false,
        false,
        false,
        false,
        false,
        false,
        false,
        false,
        false,
        false,
        false,
        false,
        false,
        false,
        false,
        false,
        false,
        false,
        false,
        false,
        false,
        false,
        false,
        false,
        false,
        false,
        false,
        false,
        false,
        false,
        false,
        false,
        false,
        false,
        false,
        false,
        false,
        false,
        false,
        false,
        false,
        false,
        false,
        false,
        false,
        false,
        false,
        false,
        false,
        false,
        false,
        false,
        false,
        false,
        false,
        false,
        false
    ],
    "stop_sign_hazard": false,
    "angle": -0.0033169514890156815,
    "ego_matrix": [
        [
            -0.011036453768610954,
            -0.9999390840530396,
            4.4791115215048194e-05,
            -275.71148681640625
        ],
        [
            0.9999390840530396,
            -0.011036442592740059,
            0.00023701997997704893,
            -11.410507202148438
        ],
        [
            -0.00023651121591683477,
            4.740424992633052e-05,
            1.0,
            0.033535078167915344
        ],
        [
            0.0,
            0.0,
            0.0,
            1.0
        ]
    ]
}