{
    "x": 9.471993849430476,
    "y": -275.7398685398909,
    "theta": 3.156102418899536,
    "speed": 3.638908218716071,
    "target_speed": 3.0,
    "x_command": -14.011780909930327,
    "y_command": -276.0399173684248,
    "command": 3,
    "waypoints": [
        [
            7.64970588684082,
            -275.770263671875,
            3.1577762840600414
        ],
        [
            5.822973251342773,
            -275.8033752441406,
            3.1593488806837327
        ],
        [
            3.993605136871338,
            -275.8382263183594,
            3.160364876639598
        ],
        [
            2.163391351699829,
            -275.8737487792969,
            3.1608731409336395
        ],
        [
            0.3331719934940338,
            -275.908935546875,
            3.160822407714874
        ],
        [
            -1.4970717430114746,
            -275.94287109375,
            3.1602124106671914
        ],
        [
            -3.327364921569824,
            -275.9739685058594,
            3.1588400837574735
        ],
        [
            -5.157732009887695,
            -276.0003967285156,
            3.156501961478438
        ]
    ],
    "steer": 0.004,
    "throttle": 0.04220713429808182,
    "brake": false,
    "junction": true,
    "vehicle_hazard": [
        false,
        false,
        false,
        false,
        false,
        false,
        false,
        false,
        false,
        false,
        false,
        false,
        false,
        false,
        false,
        false,
        false,
        false,
        false,
        false,
        false,
        false,
        false,
        false,
        false,
        false,
        false,
        false,
        false,
        false,
        false,
        false,
        false,
        false,
        false,
        false,
        false,
        false,
        false,
        false,
        false,
        false,
        false,
        false,
        false,
        false,
        false,
        false,
        false,
        false,
        false,
        false,
        false,
        false,
        false,
        false,
        false,
        false,
        false,
        false,
        false,
        false,
        false,
        false,
        false,
        false,
        false,
        false,
        false,
        false,
        false,
        false,
        false,
        false,
        false,
        false,
        false,
        false,
        false,
        false
    ],
    "light_hazard": false,
    "walker_hazard": [
        false,
        false,
        false,
        false,
        false,
        false,
        false,
        false,
        false,
        false,
        false,
        false,
        false,
        false,
        false,
        false,
        false,
        false,
        false,
        false,
        false,
        false,
        false,
        false,
        false,
        false,
        false,
        false,
        false,
        false,
        false,
        false,
        false,
        false,
        false,
        false,
        false,
        false,
        false,
        false,
        false,
        false,
        false,
        false,
        false,
        false,
        false,
        false,
        false,
        false,
        false,
        false,
        false,
        false,
        false,
        false,
        false,
        false,
        false,
        false,
        false,
        false,
        false,
        false,
        false,
        false,
        false,
        false,
        false,
        false,
        false,
        false,
        false,
        false,
        false,
        false,
        false,
        false,
        false,
        false
    ],
    "stop_sign_hazard": false,
    "angle": -0.003025883335208501,
    "ego_matrix": [
        [
            -0.014176174998283386,
            -0.9998995065689087,
            4.465798701858148e-05,
            -275.7398681640625
        ],
        [
            0.9998994469642639,
            -0.014176157303154469,
            0.0003819027333520353,
            -9.471558570861816
        ],
        [
            -0.000381231278879568,
            5.006741776014678e-05,
            0.9999999403953552,
            0.03360702469944954
        ],
        [
            0.0,
            0.0,
            0.0,
            1.0
        ]
    ]
}