{
    "x": 7.902498524128304,
    "y": -275.7674259129753,
    "theta": 3.158259153366089,
    "speed": 2.730188063891528,
    "target_speed": 3.0,
    "x_command": -14.011780909930327,
    "y_command": -276.0399173684248,
    "command": 3,
    "waypoints": [
        [
            6.490406513214111,
            -275.7926940917969,
            3.159070314033711
        ],
        [
            5.010006904602051,
            -275.8202209472656,
            3.159851152865322
        ],
        [
            3.5119738578796387,
            -275.84844970703125,
            3.1602672717856466
        ],
        [
            2.0087969303131104,
            -275.876953125,
            3.1604339856698855
        ],
        [
            0.5021706223487854,
            -275.90533447265625,
            3.1604339856698855
        ],
        [
            -1.0054093599319458,
            -275.9333801269531,
            3.1602246612082054
        ],
        [
            -2.513127565383911,
            -275.95989990234375,
            3.159429174990599
        ],
        [
            -4.0208916664123535,
            -275.9837951660156,
            3.157963637442728
        ]
    ],
    "steer": 0.003,
    "throttle": 0.75,
    "brake": false,
    "junction": true,
    "vehicle_hazard": [
        false,
        false,
        false,
        false,
        false,
        false,
        false,
        false,
        false,
        false,
        false,
        false,
        false,
        false,
        false,
        false,
        false,
        false,
        false,
        false,
        false,
        false,
        false,
        false,
        false,
        false,
        false,
        false,
        false,
        false,
        false,
        false,
        false,
        false,
        false,
        false,
        false,
        false,
        false,
        false,
        false,
        false,
        false,
        false,
        false,
        false,
        false,
        false,
        false,
        false,
        false,
        false,
        false,
        false,
        false,
        false,
        false,
        false,
        false,
        false,
        false,
        false,
        false,
        false,
        false,
        false,
        false,
        false,
        false,
        false,
        false,
        false,
        false,
        false,
        false,
        false,
        false,
        false,
        false,
        false
    ],
    "light_hazard": false,
    "walker_hazard": [
        false,
        false,
        false,
        false,
        false,
        false,
        false,
        false,
        false,
        false,
        false,
        false,
        false,
        false,
        false,
        false,
        false,
        false,
        false,
        false,
        false,
        false,
        false,
        false,
        false,
        false,
        false,
        false,
        false,
        false,
        false,
        false,
        false,
        false,
        false,
        false,
        false,
        false,
        false,
        false,
        false,
        false,
        false,
        false,
        false,
        false,
        false,
        false,
        false,
        false,
        false,
        false,
        false,
        false,
        false,
        false,
        false,
        false,
        false,
        false,
        false,
        false,
        false,
        false,
        false,
        false,
        false,
        false,
        false,
        false,
        false,
        false,
        false,
        false,
        false,
        false,
        false,
        false,
        false,
        false
    ],
    "stop_sign_hazard": false,
    "angle": -0.0025053423328344573,
    "ego_matrix": [
        [
            -0.016584627330303192,
            -0.9998624920845032,
            -7.853373972466215e-06,
            -275.7674255371094
        ],
        [
            0.9998621940612793,
            -0.01658462919294834,
            0.000794628169387579,
            -7.902135372161865
        ],
        [
            -0.0007946490659378469,
            5.326320660969941e-06,
            0.9999997019767761,
            0.033812712877988815
        ],
        [
            0.0,
            0.0,
            0.0,
            1.0
        ]
    ]
}