{
    "x": 6.415825037982898,
    "y": -275.79495276848155,
    "theta": 3.159698963165283,
    "speed": 3.075711992105795,
    "target_speed": 3.0,
    "x_command": -14.011780909930327,
    "y_command": -276.0399173684248,
    "command": 3,
    "waypoints": [
        [
            4.875781536102295,
            -275.8236999511719,
            3.1600407699349358
        ],
        [
            3.332730293273926,
            -275.85284423828125,
            3.1603406418736784
        ],
        [
            1.7872273921966553,
            -275.8818359375,
            3.1603406418736784
        ],
        [
            0.24025170505046844,
            -275.91082763671875,
            3.1603406418736784
        ],
        [
            -1.3067870140075684,
            -275.9391784667969,
            3.1599969609350036
        ],
        [
            -2.8538601398468018,
            -275.9655456542969,
            3.158965784960925
        ],
        [
            -4.400979042053223,
            -275.98907470703125,
            3.1573331340546518
        ],
        [
            -5.948151111602783,
            -276.0087890625,
            3.155142018267789
        ]
    ],
    "steer": 0.002,
    "throttle": 0.035401455170348636,
    "brake": false,
    "junction": true,
    "vehicle_hazard": [
        false,
        false,
        false,
        false,
        false,
        false,
        false,
        false,
        false,
        false,
        false,
        false,
        false,
        false,
        false,
        false,
        false,
        false,
        false,
        false,
        false,
        false,
        false,
        false,
        false,
        false,
        false,
        false,
        false,
        false,
        false,
        false,
        false,
        false,
        false,
        false,
        false,
        false,
        false,
        false,
        false,
        false,
        false,
        false,
        false,
        false,
        false,
        false,
        false,
        false,
        false,
        false,
        false,
        false,
        false,
        false,
        false,
        false,
        false,
        false,
        false,
        false,
        false,
        false,
        false,
        false,
        false,
        false,
        false,
        false,
        false,
        false,
        false,
        false,
        false,
        false,
        false,
        false,
        false,
        false
    ],
    "light_hazard": false,
    "walker_hazard": [
        false,
        false,
        false,
        false,
        false,
        false,
        false,
        false,
        false,
        false,
        false,
        false,
        false,
        false,
        false,
        false,
        false,
        false,
        false,
        false,
        false,
        false,
        false,
        false,
        false,
        false,
        false,
        false,
        false,
        false,
        false,
        false,
        false,
        false,
        false,
        false,
        false,
        false,
        false,
        false,
        false,
        false,
        false,
        false,
        false,
        false,
        false,
        false,
        false,
        false,
        false,
        false,
        false,
        false,
        false,
        false,
        false,
        false,
        false,
        false,
        false,
        false,
        false,
        false,
        false,
        false,
        false,
        false,
        false,
        false,
        false,
        false,
        false,
        false,
        false,
        false,
        false,
        false,
        false,
        false
    ],
    "stop_sign_hazard": false,
    "angle": -0.0031303312137282665,
    "ego_matrix": [
        [
            -0.01795235648751259,
            -0.9998388290405273,
            1.7969816326512955e-05,
            -275.7949523925781
        ],
        [
            0.9998388290405273,
            -0.017952360212802887,
            -0.0001997427607420832,
            -6.415530204772949
        ],
        [
            0.0002000331733142957,
            1.4381067558133509e-05,
            1.0,
            0.03331764042377472
        ],
        [
            0.0,
            0.0,
            0.0,
            1.0
        ]
    ]
}