{
    "x": 4.981967032944179,
    "y": -275.82308997555117,
    "theta": 3.1606736183166504,
    "speed": 3.030049911744103,
    "target_speed": 3.0,
    "x_command": -14.011780909930327,
    "y_command": -276.0399173684248,
    "command": 3,
    "waypoints": [
        [
            3.465256929397583,
            -275.8522033691406,
            3.1607389176147
        ],
        [
            1.9439948797225952,
            -275.8807373046875,
            3.160443040417592
        ],
        [
            0.4188809394836426,
            -275.9087829589844,
            3.160104286326934
        ],
        [
            -1.1084403991699219,
            -275.9361572265625,
            3.159680044765284
        ],
        [
            -2.6362524032592773,
            -275.9620056152344,
            3.1587890842225983
        ],
        [
            -4.1641035079956055,
            -275.9854431152344,
            3.157431404698876
        ],
        [
            -5.691997051239014,
            -276.005859375,
            3.1556068730360627
        ],
        [
            -7.2199387550354,
            -276.02227783203125,
            3.1531884564501613
        ]
    ],
    "steer": 0.001,
    "throttle": 0.0,
    "brake": false,
    "junction": true,
    "vehicle_hazard": [
        false,
        false,
        false,
        false,
        false,
        false,
        false,
        false,
        false,
        false,
        false,
        false,
        false,
        false,
        false,
        false,
        false,
        false,
        false,
        false,
        false,
        false,
        false,
        false,
        false,
        false,
        false,
        false,
        false,
        false,
        false,
        false,
        false,
        false,
        false,
        false,
        false,
        false,
        false,
        false,
        false,
        false,
        false,
        false,
        false,
        false,
        false,
        false,
        false,
        false,
        false,
        false,
        false,
        false,
        false,
        false,
        false,
        false,
        false,
        false,
        false,
        false,
        false,
        false,
        false,
        false,
        false,
        false,
        false,
        false,
        false,
        false,
        false,
        false,
        false,
        false,
        false,
        false,
        false,
        false
    ],
    "light_hazard": false,
    "walker_hazard": [
        false,
        false,
        false,
        false,
        false,
        false,
        false,
        false,
        false,
        false,
        false,
        false,
        false,
        false,
        false,
        false,
        false,
        false,
        false,
        false,
        false,
        false,
        false,
        false,
        false,
        false,
        false,
        false,
        false,
        false,
        false,
        false,
        false,
        false,
        false,
        false,
        false,
        false,
        false,
        false,
        false,
        false,
        false,
        false,
        false,
        false,
        false,
        false,
        false,
        false,
        false,
        false,
        false,
        false,
        false,
        false,
        false,
        false,
        false,
        false,
        false,
        false,
        false,
        false,
        false,
        false,
        false,
        false,
        false,
        false,
        false,
        false,
        false,
        false,
        false,
        false,
        false,
        false,
        false,
        false
    ],
    "stop_sign_hazard": false,
    "angle": -0.0033886233449989442,
    "ego_matrix": [
        [
            -0.01907856948673725,
            -0.999817967414856,
            5.602042620012071e-06,
            -275.8230895996094
        ],
        [
            0.9998179078102112,
            -0.0190785713493824,
            -0.0002656589786056429,
            -4.981738090515137
        ],
        [
            0.0002657175064086914,
            5.326292011886835e-07,
            0.9999999403953552,
            0.033284951001405716
        ],
        [
            0.0,
            0.0,
            0.0,
            1.0
        ]
    ]
}