{
    "x": 3.484860348161477,
    "y": -275.8517459814496,
    "theta": 3.160679817199707,
    "speed": 2.7351220438796315,
    "target_speed": 3.0,
    "x_command": -14.011780909930327,
    "y_command": -276.0399173684248,
    "command": 3,
    "waypoints": [
        [
            2.070594549179077,
            -275.8783874511719,
            3.160497502061884
        ],
        [
            0.5888807773590088,
            -275.9057312011719,
            3.16016833535115
        ],
        [
            -0.9103863835334778,
            -275.9327087402344,
            3.1597519501147167
        ],
        [
            -2.4149410724639893,
            -275.9584655761719,
            3.1589579286357092
        ],
        [
            -3.922894239425659,
            -275.98187255859375,
            3.1576178259751817
        ],
        [
            -5.431758403778076,
            -276.0025634765625,
            3.155899953914026
        ],
        [
            -6.940756797790527,
            -276.0194091796875,
            3.153595254306671
        ],
        [
            -8.449799537658691,
            -276.0317077636719,
            3.1507877498855095
        ]
    ],
    "steer": 0.0,
    "throttle": 0.75,
    "brake": false,
    "junction": true,
    "vehicle_hazard": [
        false,
        false,
        false,
        false,
        false,
        false,
        false,
        false,
        false,
        false,
        false,
        false,
        false,
        false,
        false,
        false,
        false,
        false,
        false,
        false,
        false,
        false,
        false,
        false,
        false,
        false,
        false,
        false,
        false,
        false,
        false,
        false,
        false,
        false,
        false,
        false,
        false,
        false,
        false,
        false,
        false,
        false,
        false,
        false,
        false,
        false,
        false,
        false,
        false,
        false,
        false,
        false,
        false,
        false,
        false,
        false,
        false,
        false,
        false,
        false,
        false,
        false,
        false,
        false,
        false,
        false,
        false,
        false,
        false,
        false,
        false,
        false,
        false,
        false,
        false,
        false,
        false,
        false,
        false,
        false
    ],
    "light_hazard": false,
    "walker_hazard": [
        false,
        false,
        false,
        false,
        false,
        false,
        false,
        false,
        false,
        false,
        false,
        false,
        false,
        false,
        false,
        false,
        false,
        false,
        false,
        false,
        false,
        false,
        false,
        false,
        false,
        false,
        false,
        false,
        false,
        false,
        false,
        false,
        false,
        false,
        false,
        false,
        false,
        false,
        false,
        false,
        false,
        false,
        false,
        false,
        false,
        false,
        false,
        false,
        false,
        false,
        false,
        false,
        false,
        false,
        false,
        false,
        false,
        false,
        false,
        false,
        false,
        false,
        false,
        false,
        false,
        false,
        false,
        false,
        false,
        false,
        false,
        false,
        false,
        false,
        false,
        false,
        false,
        false,
        false,
        false
    ],
    "stop_sign_hazard": false,
    "angle": -0.004037313095048732,
    "ego_matrix": [
        [
            -0.019073324277997017,
            -0.9998180866241455,
            -1.8519731384003535e-05,
            -275.85174560546875
        ],
        [
            0.999817967414856,
            -0.019073329865932465,
            0.0004289974458515644,
            -3.4847002029418945
        ],
        [
            -0.0004292726225685328,
            -1.0333954378438648e-05,
            0.9999998807907104,
            0.03363117203116417
        ],
        [
            0.0,
            0.0,
            0.0,
            1.0
        ]
    ]
}