{
    "x": 1.9905032293185334,
    "y": -275.88003577641007,
    "theta": 3.1605734825134277,
    "speed": 3.04717130289729,
    "target_speed": 3.0,
    "x_command": -14.011780909930327,
    "y_command": -276.0399173684248,
    "command": 3,
    "waypoints": [
        [
            0.4647071957588196,
            -275.9081726074219,
            3.16016833535115
        ],
        [
            -1.0656111240386963,
            -275.9356994628906,
            3.1597432948411734
        ],
        [
            -2.59881854057312,
            -275.96173095703125,
            3.1588491385051793
        ],
        [
            -4.133431434631348,
            -275.98516845703125,
            3.157357501978626
        ],
        [
            -5.668124675750732,
            -276.0055847167969,
            3.1555249808325425
        ],
        [
            -7.202866077423096,
            -276.02191162109375,
            3.153095778444227
        ],
        [
            -8.737649917602539,
            -276.0335693359375,
            3.1502404702814983
        ],
        [
            -10.27246379852295,
            -276.040283203125,
            3.1471293654960677
        ]
    ],
    "steer": -0.0,
    "throttle": 0.04322501115472128,
    "brake": false,
    "junction": true,
    "vehicle_hazard": [
        false,
        false,
        false,
        false,
        false,
        false,
        false,
        false,
        false,
        false,
        false,
        false,
        false,
        false,
        false,
        false,
        false,
        false,
        false,
        false,
        false,
        false,
        false,
        false,
        false,
        false,
        false,
        false,
        false,
        false,
        false,
        false,
        false,
        false,
        false,
        false,
        false,
        false,
        false,
        false,
        false,
        false,
        false,
        false,
        false,
        false,
        false,
        false,
        false,
        false,
        false,
        false,
        false,
        false,
        false,
        false,
        false,
        false,
        false,
        false,
        false,
        false,
        false,
        false,
        false,
        false,
        false,
        false,
        false,
        false,
        false,
        false,
        false,
        false,
        false,
        false,
        false,
        false,
        false,
        false
    ],
    "light_hazard": false,
    "walker_hazard": [
        false,
        false,
        false,
        false,
        false,
        false,
        false,
        false,
        false,
        false,
        false,
        false,
        false,
        false,
        false,
        false,
        false,
        false,
        false,
        false,
        false,
        false,
        false,
        false,
        false,
        false,
        false,
        false,
        false,
        false,
        false,
        false,
        false,
        false,
        false,
        false,
        false,
        false,
        false,
        false,
        false,
        false,
        false,
        false,
        false,
        false,
        false,
        false,
        false,
        false,
        false,
        false,
        false,
        false,
        false,
        false,
        false,
        false,
        false,
        false,
        false,
        false,
        false,
        false,
        false,
        false,
        false,
        false,
        false,
        false,
        false,
        false,
        false,
        false,
        false,
        false,
        false,
        false,
        false,
        false
    ],
    "stop_sign_hazard": false,
    "angle": -0.0035884369865527488,
    "ego_matrix": [
        [
            -0.01895473524928093,
            -0.999820351600647,
            5.73725083086174e-06,
            -275.8800354003906
        ],
        [
            0.999820351600647,
            -0.01895473524928093,
            -0.00013402577314991504,
            -1.9904117584228516
        ],
        [
            0.0001341104507446289,
            3.195796807631268e-06,
            1.0,
            0.03335056081414223
        ],
        [
            0.0,
            0.0,
            0.0,
            1.0
        ]
    ]
}