{
    "x": 0.5491052482916243,
    "y": -275.9072879737128,
    "theta": 3.1605324745178223,
    "speed": 3.0870718827912573,
    "target_speed": 3.0,
    "x_command": -14.011780909930327,
    "y_command": -276.0399173684248,
    "command": 3,
    "waypoints": [
        [
            -0.9970957636833191,
            -275.93511962890625,
            3.1598118712392433
        ],
        [
            -2.5483295917510986,
            -275.9615478515625,
            3.158907062258889
        ],
        [
            -4.103141784667969,
            -275.9853820800781,
            3.157395718340269
        ],
        [
            -5.659954071044922,
            -276.00567626953125,
            3.155363859586593
        ],
        [
            -7.217163562774658,
            -276.0220947265625,
            3.152942380365438
        ],
        [
            -8.774415016174316,
            -276.0337219238281,
            3.150088403783255
        ],
        [
            -10.331696510314941,
            -276.0403747558594,
            3.1469750353108976
        ],
        [
            -11.888991355895996,
            -276.0421142578125,
            3.143818390470827
        ]
    ],
    "steer": -0.001,
    "throttle": 0.04845410458060579,
    "brake": false,
    "junction": true,
    "vehicle_hazard": [
        false,
        false,
        false,
        false,
        false,
        false,
        false,
        false,
        false,
        false,
        false,
        false,
        false,
        false,
        false,
        false,
        false,
        false,
        false,
        false,
        false,
        false,
        false,
        false,
        false,
        false,
        false,
        false,
        false,
        false,
        false,
        false,
        false,
        false,
        false,
        false,
        false,
        false,
        false,
        false,
        false,
        false,
        false,
        false,
        false,
        false,
        false,
        false,
        false,
        false,
        false,
        false,
        false,
        false,
        false,
        false,
        false,
        false,
        false,
        false,
        false,
        false,
        false,
        false,
        false,
        false,
        false,
        false,
        false,
        false,
        false,
        false,
        false,
        false,
        false,
        false,
        false,
        false,
        false,
        false
    ],
    "light_hazard": false,
    "walker_hazard": [
        false,
        false,
        false,
        false,
        false,
        false,
        false,
        false,
        false,
        false,
        false,
        false,
        false,
        false,
        false,
        false,
        false,
        false,
        false,
        false,
        false,
        false,
        false,
        false,
        false,
        false,
        false,
        false,
        false,
        false,
        false,
        false,
        false,
        false,
        false,
        false,
        false,
        false,
        false,
        false,
        false,
        false,
        false,
        false,
        false,
        false,
        false,
        false,
        false,
        false,
        false,
        false,
        false,
        false,
        false,
        false,
        false,
        false,
        false,
        false,
        false,
        false,
        false,
        false,
        false,
        false,
        false,
        false,
        false,
        false,
        false,
        false,
        false,
        false,
        false,
        false,
        false,
        false,
        false,
        false
    ],
    "stop_sign_hazard": false,
    "angle": -0.003808162724004514,
    "ego_matrix": [
        [
            -0.018902290612459183,
            -0.9998213648796082,
            -5.464979039970785e-06,
            -275.90728759765625
        ],
        [
            0.9998213052749634,
            -0.018902288749814034,
            -0.0003475412377156317,
            -0.5490800142288208
        ],
        [
            0.0003473758406471461,
            -1.2033327038807329e-05,
            0.9999999403953552,
            0.033244360238313675
        ],
        [
            0.0,
            0.0,
            0.0,
            1.0
        ]
    ]
}