{
    "x": -0.9357567689255099,
    "y": -275.93405188976493,
    "theta": 3.159722089767456,
    "speed": 2.7534203048253816,
    "target_speed": 3.0,
    "x_command": -14.011780909930327,
    "y_command": -276.0399173684248,
    "command": 3,
    "waypoints": [
        [
            -2.3582558631896973,
            -275.9584045410156,
            3.1590374239942483
        ],
        [
            -3.842700481414795,
            -275.9814453125,
            3.1576348702061576
        ],
        [
            -5.342556953430176,
            -276.0018310546875,
            3.1558855728441393
        ],
        [
            -6.847413539886475,
            -276.0186767578125,
            3.1536289432944606
        ],
        [
            -8.355427742004395,
            -276.0311279296875,
            3.1509070595023454
        ],
        [
            -9.864218711853027,
            -276.03887939453125,
            3.1478906300936673
        ],
        [
            -11.373093605041504,
            -276.04217529296875,
            3.144916012314103
        ],
        [
            -12.88197135925293,
            -276.04058837890625,
            3.1417737485439186
        ]
    ],
    "steer": -0.001,
    "throttle": 0.75,
    "brake": false,
    "junction": true,
    "vehicle_hazard": [
        false,
        false,
        false,
        false,
        false,
        false,
        false,
        false,
        false,
        false,
        false,
        false,
        false,
        false,
        false,
        false,
        false,
        false,
        false,
        false,
        false,
        false,
        false,
        false,
        false,
        false,
        false,
        false,
        false,
        false,
        false,
        false,
        false,
        false,
        false,
        false,
        false,
        false,
        false,
        false,
        false,
        false,
        false,
        false,
        false,
        false,
        false,
        false,
        false,
        false,
        false,
        false,
        false,
        false,
        false,
        false,
        false,
        false,
        false,
        false,
        false,
        false,
        false,
        false,
        false,
        false,
        false,
        false,
        false,
        false,
        false,
        false,
        false,
        false,
        false,
        false,
        false,
        false,
        false,
        false
    ],
    "light_hazard": false,
    "walker_hazard": [
        false,
        false,
        false,
        false,
        false,
        false,
        false,
        false,
        false,
        false,
        false,
        false,
        false,
        false,
        false,
        false,
        false,
        false,
        false,
        false,
        false,
        false,
        false,
        false,
        false,
        false,
        false,
        false,
        false,
        false,
        false,
        false,
        false,
        false,
        false,
        false,
        false,
        false,
        false,
        false,
        false,
        false,
        false,
        false,
        false,
        false,
        false,
        false,
        false,
        false,
        false,
        false,
        false,
        false,
        false,
        false,
        false,
        false,
        false,
        false,
        false,
        false,
        false,
        false,
        false,
        false,
        false,
        false,
        false,
        false,
        false,
        false,
        false,
        false,
        false,
        false,
        false,
        false,
        false,
        false
    ],
    "stop_sign_hazard": false,
    "angle": -0.0037516801844873684,
    "ego_matrix": [
        [
            -0.01819693110883236,
            -0.999834418296814,
            -2.412351022940129e-05,
            -275.9340515136719
        ],
        [
            0.9998343586921692,
            -0.018196938559412956,
            0.0003772784839384258,
            0.9357137680053711
        ],
        [
            -0.00037765500019304454,
            -1.7254204067285173e-05,
            0.9999999403953552,
            0.03360534459352493
        ],
        [
            0.0,
            0.0,
            0.0,
            1.0
        ]
    ]
}