{
    "x": -2.4418045627549425,
    "y": -275.95956458511216,
    "theta": 3.158658504486084,
    "speed": 2.9787039034302345,
    "target_speed": 3.0,
    "x_command": -14.011780909930327,
    "y_command": -276.0399173684248,
    "command": 3,
    "waypoints": [
        [
            -3.9372103214263916,
            -275.98272705078125,
            3.1575338032427895
        ],
        [
            -5.439072608947754,
            -276.0029602050781,
            3.1557404305647303
        ],
        [
            -6.943735122680664,
            -276.01959228515625,
            3.1534840673311604
        ],
        [
            -8.449719429016113,
            -276.0317687988281,
            3.1507241003354567
        ],
        [
            -9.95586109161377,
            -276.03924560546875,
            3.1477129972489584
        ],
        [
            -11.462027549743652,
            -276.042236328125,
            3.1447435726335202
        ],
        [
            -12.968196868896484,
            -276.04052734375,
            3.1416488462887937
        ],
        [
            -14.474353790283203,
            -276.0343933105469,
            3.1386794216733556
        ]
    ],
    "steer": -0.002,
    "throttle": 0.16747912733276696,
    "brake": false,
    "junction": true,
    "vehicle_hazard": [
        false,
        false,
        false,
        false,
        false,
        false,
        false,
        false,
        false,
        false,
        false,
        false,
        false,
        false,
        false,
        false,
        false,
        false,
        false,
        false,
        false,
        false,
        false,
        false,
        false,
        false,
        false,
        false,
        false,
        false,
        false,
        false,
        false,
        false,
        false,
        false,
        false,
        false,
        false,
        false,
        false,
        false,
        false,
        false,
        false,
        false,
        false,
        false,
        false,
        false,
        false,
        false,
        false,
        false,
        false,
        false,
        false,
        false,
        false,
        false,
        false,
        false,
        false,
        false,
        false,
        false,
        false,
        false,
        false,
        false,
        false,
        false,
        false,
        false,
        false,
        false,
        false,
        false,
        false,
        false
    ],
    "light_hazard": false,
    "walker_hazard": [
        false,
        false,
        false,
        false,
        false,
        false,
        false,
        false,
        false,
        false,
        false,
        false,
        false,
        false,
        false,
        false,
        false,
        false,
        false,
        false,
        false,
        false,
        false,
        false,
        false,
        false,
        false,
        false,
        false,
        false,
        false,
        false,
        false,
        false,
        false,
        false,
        false,
        false,
        false,
        false,
        false,
        false,
        false,
        false,
        false,
        false,
        false,
        false,
        false,
        false,
        false,
        false,
        false,
        false,
        false,
        false,
        false,
        false,
        false,
        false,
        false,
        false,
        false,
        false,
        false,
        false,
        false,
        false,
        false,
        false,
        false,
        false,
        false,
        false,
        false,
        false,
        false,
        false,
        false,
        false
    ],
    "stop_sign_hazard": false,
    "angle": -0.003094242517740519,
    "ego_matrix": [
        [
            -0.01728488691151142,
            -0.9998506307601929,
            -1.7112490240833722e-05,
            -275.9595642089844
        ],
        [
            0.9998506307601929,
            -0.01728488691151142,
            2.748408223851584e-05,
            2.441692352294922
        ],
        [
            -2.7775762646342628e-05,
            -1.663487455516588e-05,
            1.0,
            0.03343090042471886
        ],
        [
            0.0,
            0.0,
            0.0,
            1.0
        ]
    ]
}