{
    "x": -3.8901774451561963,
    "y": -275.98144568865763,
    "theta": 3.157087802886963,
    "speed": 3.1428437823090793,
    "target_speed": 3.0,
    "x_command": -14.011780909930327,
    "y_command": -276.0399173684248,
    "command": 3,
    "waypoints": [
        [
            -5.463993549346924,
            -276.00262451171875,
            3.155590361437304
        ],
        [
            -7.042807102203369,
            -276.019775390625,
            3.1532228112282237
        ],
        [
            -8.624955177307129,
            -276.0324401855469,
            3.150498796907236
        ],
        [
            -10.20894718170166,
            -276.03997802734375,
            3.14742004952905
        ],
        [
            -11.793194770812988,
            -276.0425109863281,
            3.144252752044619
        ],
        [
            -13.37744140625,
            -276.0395812988281,
            3.1409095527701876
        ],
        [
            -14.96167278289795,
            -276.0318298339844,
            3.1377863306017972
        ],
        [
            -16.545879364013672,
            -276.02008056640625,
            3.1351468716454196
        ]
    ],
    "steer": -0.003,
    "throttle": 0.04691332404090679,
    "brake": false,
    "junction": true,
    "vehicle_hazard": [
        false,
        false,
        false,
        false,
        false,
        false,
        false,
        false,
        false,
        false,
        false,
        false,
        false,
        false,
        false,
        false,
        false,
        false,
        false,
        false,
        false,
        false,
        false,
        false,
        false,
        false,
        false,
        false,
        false,
        false,
        false,
        false,
        false,
        false,
        false,
        false,
        false,
        false,
        false,
        false,
        false,
        false,
        false,
        false,
        false,
        false,
        false,
        false,
        false,
        false,
        false,
        false,
        false,
        false,
        false,
        false,
        false,
        false,
        false,
        false,
        false,
        false,
        false,
        false,
        false,
        false,
        false,
        false,
        false,
        false,
        false,
        false,
        false,
        false,
        false,
        false,
        false,
        false,
        false,
        false
    ],
    "light_hazard": false,
    "walker_hazard": [
        false,
        false,
        false,
        false,
        false,
        false,
        false,
        false,
        false,
        false,
        false,
        false,
        false,
        false,
        false,
        false,
        false,
        false,
        false,
        false,
        false,
        false,
        false,
        false,
        false,
        false,
        false,
        false,
        false,
        false,
        false,
        false,
        false,
        false,
        false,
        false,
        false,
        false,
        false,
        false,
        false,
        false,
        false,
        false,
        false,
        false,
        false,
        false,
        false,
        false,
        false,
        false,
        false,
        false,
        false,
        false,
        false,
        false,
        false,
        false,
        false,
        false,
        false,
        false,
        false,
        false,
        false,
        false,
        false,
        false,
        false,
        false,
        false,
        false,
        false,
        false,
        false,
        false,
        false,
        false
    ],
    "stop_sign_hazard": false,
    "angle": -0.0021030056017074038,
    "ego_matrix": [
        [
            -0.015689844265580177,
            -0.9998769164085388,
            -2.9471906600520015e-05,
            -275.9814453125
        ],
        [
            0.9998767971992493,
            -0.015689829364418983,
            -0.0004455255111679435,
            3.8899986743927
        ],
        [
            0.00044500824878923595,
            -3.6458499380387366e-05,
            0.9999998807907104,
            0.033195722848176956
        ],
        [
            0.0,
            0.0,
            0.0,
            1.0
        ]
    ]
}