{
    "x": -5.356541741266281,
    "y": -275.99978675313577,
    "theta": 3.1549293994903564,
    "speed": 2.7929068363117233,
    "target_speed": 3.0,
    "x_command": -14.011780909930327,
    "y_command": -276.0399173684248,
    "command": 3,
    "waypoints": [
        [
            -6.795750617980957,
            -276.0155944824219,
            3.153299510267618
        ],
        [
            -8.285046577453613,
            -276.0283508300781,
            3.1510245049064176
        ],
        [
            -9.786026000976562,
            -276.036865234375,
            3.14831527112948
        ],
        [
            -11.291390419006348,
            -276.0410461425781,
            3.1454728792980386
        ],
        [
            -12.799321174621582,
            -276.0404968261719,
            3.1424163693149545
        ],
        [
            -14.30776309967041,
            -276.0351867675781,
            3.1393168492802657
        ],
        [
            -15.81622314453125,
            -276.02581787109375,
            3.136510543281595
        ],
        [
            -17.324661254882812,
            -276.0133361816406,
            3.1342487205677907
        ]
    ],
    "steer": -0.005,
    "throttle": 0.75,
    "brake": false,
    "junction": true,
    "vehicle_hazard": [
        false,
        false,
        false,
        false,
        false,
        false,
        false,
        false,
        false,
        false,
        false,
        false,
        false,
        false,
        false,
        false,
        false,
        false,
        false,
        false,
        false,
        false,
        false,
        false,
        false,
        false,
        false,
        false,
        false,
        false,
        false,
        false,
        false,
        false,
        false,
        false,
        false,
        false,
        false,
        false,
        false,
        false,
        false,
        false,
        false,
        false,
        false,
        false,
        false,
        false,
        false,
        false,
        false,
        false,
        false,
        false,
        false,
        false,
        false,
        false,
        false,
        false,
        false,
        false,
        false,
        false,
        false,
        false,
        false,
        false,
        false,
        false,
        false,
        false,
        false,
        false,
        false,
        false,
        false,
        false
    ],
    "light_hazard": false,
    "walker_hazard": [
        false,
        false,
        false,
        false,
        false,
        false,
        false,
        false,
        false,
        false,
        false,
        false,
        false,
        false,
        false,
        false,
        false,
        false,
        false,
        false,
        false,
        false,
        false,
        false,
        false,
        false,
        false,
        false,
        false,
        false,
        false,
        false,
        false,
        false,
        false,
        false,
        false,
        false,
        false,
        false,
        false,
        false,
        false,
        false,
        false,
        false,
        false,
        false,
        false,
        false,
        false,
        false,
        false,
        false,
        false,
        false,
        false,
        false,
        false,
        false,
        false,
        false,
        false,
        false,
        false,
        false,
        false,
        false,
        false,
        false,
        false,
        false,
        false,
        false,
        false,
        false,
        false,
        false,
        false,
        false
    ],
    "stop_sign_hazard": false,
    "angle": -0.0017199148112642152,
    "ego_matrix": [
        [
            -0.013440961949527264,
            -0.9999096393585205,
            -1.1685639947245363e-05,
            -275.9997863769531
        ],
        [
            0.9999095797538757,
            -0.013440964743494987,
            0.000261411682004109,
            5.356295585632324
        ],
        [
            -0.0002615451521705836,
            -8.1709586083889e-06,
            0.9999999403953552,
            0.03354732319712639
        ],
        [
            0.0,
            0.0,
            0.0,
            1.0
        ]
    ]
}