{
    "x": -6.871143432627055,
    "y": -276.01562537620424,
    "theta": 3.152489423751831,
    "speed": 2.912675410079077,
    "target_speed": 3.0,
    "x_command": -42.70454576703154,
    "y_command": -275.75537146959954,
    "command": 4,
    "waypoints": [
        [
            -8.34838581085205,
            -276.02825927734375,
            3.1508495352227994
        ],
        [
            -9.845826148986816,
            -276.0365905761719,
            3.148188371503538
        ],
        [
            -11.347699165344238,
            -276.04083251953125,
            3.145477672988001
        ],
        [
            -12.851435661315918,
            -276.0403137207031,
            3.1424296851204048
        ],
        [
            -14.355870246887207,
            -276.0350646972656,
            3.139338420885095
        ],
        [
            -15.860426902770996,
            -276.02557373046875,
            3.1364558153211934
        ],
        [
            -17.364965438842773,
            -276.0130310058594,
            3.134199718403733
        ],
        [
            -18.86948585510254,
            -275.9985046386719,
            3.132612208077937
        ]
    ],
    "steer": -0.004,
    "throttle": 0.5481507855122697,
    "brake": false,
    "junction": true,
    "vehicle_hazard": [
        false,
        false,
        false,
        false,
        false,
        false,
        false,
        false,
        false,
        false,
        false,
        false,
        false,
        false,
        false,
        false,
        false,
        false,
        false,
        false,
        false,
        false,
        false,
        false,
        false,
        false,
        false,
        false,
        false,
        false,
        false,
        false,
        false,
        false,
        false,
        false,
        false,
        false,
        false,
        false,
        false,
        false,
        false,
        false,
        false,
        false,
        false,
        false,
        false,
        false,
        false,
        false,
        false,
        false,
        false,
        false,
        false,
        false,
        false,
        false,
        false,
        false,
        false,
        false,
        false,
        false,
        false,
        false,
        false,
        false,
        false,
        false,
        false,
        false,
        false,
        false,
        false,
        false,
        false,
        false
    ],
    "light_hazard": false,
    "walker_hazard": [
        false,
        false,
        false,
        false,
        false,
        false,
        false,
        false,
        false,
        false,
        false,
        false,
        false,
        false,
        false,
        false,
        false,
        false,
        false,
        false,
        false,
        false,
        false,
        false,
        false,
        false,
        false,
        false,
        false,
        false,
        false,
        false,
        false,
        false,
        false,
        false,
        false,
        false,
        false,
        false,
        false,
        false,
        false,
        false,
        false,
        false,
        false,
        false,
        false,
        false,
        false,
        false,
        false,
        false,
        false,
        false,
        false,
        false,
        false,
        false,
        false,
        false,
        false,
        false,
        false,
        false,
        false,
        false,
        false,
        false,
        false,
        false,
        false,
        false,
        false,
        false,
        false,
        false,
        false,
        false
    ],
    "stop_sign_hazard": false,
    "angle": -0.0008157849809280975,
    "ego_matrix": [
        [
            -0.011162569746375084,
            -0.9999377131462097,
            -3.8047433918109164e-05,
            -276.015625
        ],
        [
            0.9999377131462097,
            -0.011162575334310532,
            0.00016635944484733045,
            6.870827674865723
        ],
        [
            -0.00016677378152962774,
            -3.6188066587783396e-05,
            1.0,
            0.03350021317601204
        ],
        [
            0.0,
            0.0,
            0.0,
            1.0
        ]
    ]
}